--2026-09-12 19:17:00--  https://unitedcarriers.com/
Resolving unitedcarriers.com (unitedcarriers.com)... 198.202.211.1
Connecting to unitedcarriers.com (unitedcarriers.com)|198.202.211.1|:443... connected.
HTTP request sent, awaiting response... 200 OK
Length: unspecified [text/html]
Saving to: ‘unitedcarriers.com/index.html’

     0K .......... .......... .......... .......... .......... 3.19M
    50K .......... .......... .......... .......... .......... 2.33M
   100K .......... .......... .......... .......... ..........  118M
   150K .......... .......... .......... .......... ..........  130M
   200K .......... .......... .......... .......... .......... 3.29M
   250K .......... .......... .......... .......... .......... 2.03M
   300K .......... .......... .......... .......... .......... 1.65M
   350K .......... .......... .......... .......... .......... 2.71M
   400K ....                                                    119M=0.1s

2026-09-12 19:17:00 (3.20 MB/s) - ‘unitedcarriers.com/index.html’ saved [414629]

--2026-09-12 19:17:01--  https://cdn.prod.website-files.com/
Resolving cdn.prod.website-files.com (cdn.prod.website-files.com)... 2606:4700::6812:a175, 2606:4700::6812:a075, 104.18.160.117, ...
Connecting to cdn.prod.website-files.com (cdn.prod.website-files.com)|2606:4700::6812:a175|:443... connected.
HTTP request sent, awaiting response... 403 Forbidden
2026-09-12 19:17:01 ERROR 403: Forbidden.

--2026-09-12 19:17:01--  https://cdn.prod.website-files.com/6a44eec1ed1af2c4c403df6b/css/united-carriers.webflow.shared.fc188c3b2.min.css
Reusing existing connection to [cdn.prod.website-files.com]:443.
HTTP request sent, awaiting response... 200 OK
Length: 439087 (429K) [text/css]
Saving to: ‘cdn.prod.website-files.com/6a44eec1ed1af2c4c403df6b/css/united-carriers.webflow.shared.fc188c3b2.min.css’

     0K .......... .......... .......... .......... .......... 11% 2.05M 0s
    50K .......... .......... .......... .......... .......... 23% 4.08M 0s
   100K .......... .......... .......... .......... .......... 34% 6.37M 0s
   150K .......... .......... .......... .......... .......... 46% 8.81M 0s
   200K .......... .......... .......... .......... .......... 58% 21.1M 0s
   250K .......... .......... .......... .......... .......... 69% 1.73M 0s
   300K .......... .......... .......... .......... .......... 81% 2.59M 0s
   350K .......... .......... .......... .......... .......... 93% 1.97M 0s
   400K .......... .......... ........                        100% 2.21M=0.1s

2026-09-12 19:17:01 (3.08 MB/s) - ‘cdn.prod.website-files.com/6a44eec1ed1af2c4c403df6b/css/united-carriers.webflow.shared.fc188c3b2.min.css’ saved [439087/439087]

--2026-09-12 19:17:01--  https://cdn.prod.website-files.com/6a44eec1ed1af2c4c403df6b/6a631242ed3423f9f458466a_Favicon%20(1).png
Reusing existing connection to [cdn.prod.website-files.com]:443.
HTTP request sent, awaiting response... 200 OK
Length: 1852 (1.8K) [image/png]
Saving to: ‘cdn.prod.website-files.com/6a44eec1ed1af2c4c403df6b/6a631242ed3423f9f458466a_Favicon (1).png’

     0K .                                                     100% 63.4M=0s

2026-09-12 19:17:01 (63.4 MB/s) - ‘cdn.prod.website-files.com/6a44eec1ed1af2c4c403df6b/6a631242ed3423f9f458466a_Favicon (1).png’ saved [1852/1852]

--2026-09-12 19:17:01--  https://cdn.prod.website-files.com/6a44eec1ed1af2c4c403df6b/6a63124232ee5c68d1d4fcde_Favicon%20(1).png
Reusing existing connection to [cdn.prod.website-files.com]:443.
HTTP request sent, awaiting response... 200 OK
Length: 3916 (3.8K) [image/png]
Saving to: ‘cdn.prod.website-files.com/6a44eec1ed1af2c4c403df6b/6a63124232ee5c68d1d4fcde_Favicon (1).png’

     0K ...                                                   100%  148M=0s

2026-09-12 19:17:01 (148 MB/s) - ‘cdn.prod.website-files.com/6a44eec1ed1af2c4c403df6b/6a63124232ee5c68d1d4fcde_Favicon (1).png’ saved [3916/3916]

--2026-09-12 19:17:01--  https://cdn.prod.website-files.com/6a44eec1ed1af2c4c403df6b/6a7c3f9f5fc71f2706062b4e_Logo%20(1).jpg
Reusing existing connection to [cdn.prod.website-files.com]:443.
HTTP request sent, awaiting response... 200 OK
Length: 32188 (31K) [image/jpeg]
Saving to: ‘cdn.prod.website-files.com/6a44eec1ed1af2c4c403df6b/6a7c3f9f5fc71f2706062b4e_Logo (1).jpg’

     0K .......... .......... .......... .                    100% 2.35M=0.01s

2026-09-12 19:17:01 (2.35 MB/s) - ‘cdn.prod.website-files.com/6a44eec1ed1af2c4c403df6b/6a7c3f9f5fc71f2706062b4e_Logo (1).jpg’ saved [32188/32188]

--2026-09-12 19:17:01--  https://cdn.prod.website-files.com/6a44eec1ed1af2c4c403df6b/6a7c3f9f420c3672f61b2aa0_Logo%20(1).jpg
Reusing existing connection to [cdn.prod.website-files.com]:443.
HTTP request sent, awaiting response... 200 OK
Length: 34709 (34K) [image/jpeg]
Saving to: ‘cdn.prod.website-files.com/6a44eec1ed1af2c4c403df6b/6a7c3f9f420c3672f61b2aa0_Logo (1).jpg’

     0K .......... .......... .......... ...                  100% 4.16M=0.008s

2026-09-12 19:17:01 (4.16 MB/s) - ‘cdn.prod.website-files.com/6a44eec1ed1af2c4c403df6b/6a7c3f9f420c3672f61b2aa0_Logo (1).jpg’ saved [34709/34709]

--2026-09-12 19:17:01--  https://cdn.prod.website-files.com/6a44eec1ed1af2c4c403df6b/6a7c3f9f07b78cb55dec0d53_Logo%20(1).jpg
Reusing existing connection to [cdn.prod.website-files.com]:443.
HTTP request sent, awaiting response... 200 OK
Length: 143913 (141K) [image/jpeg]
Saving to: ‘cdn.prod.website-files.com/6a44eec1ed1af2c4c403df6b/6a7c3f9f07b78cb55dec0d53_Logo (1).jpg’

     0K .......... .......... .......... .......... .......... 35% 4.44M 0s
    50K .......... .......... .......... .......... .......... 71% 5.13M 0s
   100K .......... .......... .......... ..........           100% 4.19M=0.03s

2026-09-12 19:17:01 (4.58 MB/s) - ‘cdn.prod.website-files.com/6a44eec1ed1af2c4c403df6b/6a7c3f9f07b78cb55dec0d53_Logo (1).jpg’ saved [143913/143913]

--2026-09-12 19:17:01--  https://unitedcarriers.com/9i1h7htkfq16NmE0NGVlYzFlZDFhZjJjNGM0MDNkZjZi/mhF8l1Ws1LN3_BS5Ibk2DnX-sDQ
Connecting to unitedcarriers.com (unitedcarriers.com)|198.202.211.1|:443... connected.
HTTP request sent, awaiting response... 200 OK
Length: unspecified [application/javascript]
Saving to: ‘unitedcarriers.com/9i1h7htkfq16NmE0NGVlYzFlZDFhZjJjNGM0MDNkZjZi/mhF8l1Ws1LN3_BS5Ibk2DnX-sDQ’

     0K .......... .......... .......... .......... .......... 2.97M
    50K .......... .......... .......... .......... .......... 4.62M
   100K .......... .......... .......... .......... .......... 10.3M
   150K .......... .......... .......... .......... .......... 1.29M
   200K .......... .......... .......... .......... .......... 2.49M
   250K .......... .......... .......... .......... .......... 1.16M
   300K .......... .......... .......... .......... .......... 7.97M
   350K .......... .......... .......... .......... .......... 14.7M
   400K .......... .......... .......... .......... .......... 5.69M
   450K .......... .......... .......... .......... .......... 1.38M
   500K .......... .......... .......... ..                    3.00M=0.2s

2026-09-12 19:17:02 (2.66 MB/s) - ‘unitedcarriers.com/9i1h7htkfq16NmE0NGVlYzFlZDFhZjJjNGM0MDNkZjZi/mhF8l1Ws1LN3_BS5Ibk2DnX-sDQ’ saved [545285]

--2026-09-12 19:17:02--  https://cdn.prod.website-files.com/6a44eec1ed1af2c4c403df6b/6a4cbda52be1c66e5c7763d0_b73f2865aae1538f233749f5a8900a99_map-pre-loader.png
Connecting to cdn.prod.website-files.com (cdn.prod.website-files.com)|2606:4700::6812:a175|:443... connected.
HTTP request sent, awaiting response... 200 OK
Length: 20005 (20K) [image/png]
Saving to: ‘cdn.prod.website-files.com/6a44eec1ed1af2c4c403df6b/6a4cbda52be1c66e5c7763d0_b73f2865aae1538f233749f5a8900a99_map-pre-loader.png’

     0K .......... .........                                  100% 2.07M=0.009s

2026-09-12 19:17:02 (2.07 MB/s) - ‘cdn.prod.website-files.com/6a44eec1ed1af2c4c403df6b/6a4cbda52be1c66e5c7763d0_b73f2865aae1538f233749f5a8900a99_map-pre-loader.png’ saved [20005/20005]

--2026-09-12 19:17:02--  https://unitedcarriers.com/insights/china-set-to-open-pinglu-canal---its-new-shortcut-to-south-east-asia
Connecting to unitedcarriers.com (unitedcarriers.com)|198.202.211.1|:443... connected.
HTTP request sent, awaiting response... 200 OK
Length: unspecified [text/html]
Saving to: ‘unitedcarriers.com/insights/china-set-to-open-pinglu-canal---its-new-shortcut-to-south-east-asia.html’

     0K .......... .......... .......... .......... .......... 2.09M
    50K .......... .......... .......... .......... .......... 4.65M
   100K .......... .......... .......... .......... .......... 10.6M
   150K .......... .......... .......... .......... .......... 5.27M
   200K .......... .......... .......... .......... .......... 13.1M
   250K .......... .......... ........                         7.15M=0.06s

2026-09-12 19:17:02 (4.92 MB/s) - ‘unitedcarriers.com/insights/china-set-to-open-pinglu-canal---its-new-shortcut-to-south-east-asia.html’ saved [285684]

--2026-09-12 19:17:02--  https://unitedcarriers.com/insights/typhoon-signal-unlikely-in-hong-kong-this-weekend-as-flights-to-japan-cancelled
Reusing existing connection to unitedcarriers.com:443.
HTTP request sent, awaiting response... 200 OK
Length: unspecified [text/html]
Saving to: ‘unitedcarriers.com/insights/typhoon-signal-unlikely-in-hong-kong-this-weekend-as-flights-to-japan-cancelled.html’

     0K .......... .......... .......... .......... .......... 18.1M
    50K .......... .......... .......... .......... .......... 2.22M
   100K .......... .......... .......... .......... ..........  747K
   150K .......... .......... .......... .......... .......... 2.20M
   200K .......... .......... .......... .......... ..........  526M
   250K .......... .......... ........                          561M=0.1s

2026-09-12 19:17:02 (2.39 MB/s) - ‘unitedcarriers.com/insights/typhoon-signal-unlikely-in-hong-kong-this-weekend-as-flights-to-japan-cancelled.html’ saved [285278]

--2026-09-12 19:17:02--  https://unitedcarriers.com/insights/major-fleet-wide-fuel-efficiency-agreement-signals-ongoing-focus-on-shipping-performance-and-decarbonisation
Reusing existing connection to unitedcarriers.com:443.
HTTP request sent, awaiting response... 200 OK
Length: unspecified [text/html]
Saving to: ‘unitedcarriers.com/insights/major-fleet-wide-fuel-efficiency-agreement-signals-ongoing-focus-on-shipping-performance-and-decarbonisation.html’

     0K .......... .......... .......... .......... .......... 2.39M
    50K .......... .......... .......... .......... .......... 1.51M
   100K .......... .......... .......... .......... .......... 1.81M
   150K .......... .......... .......... .......... .......... 1.83M
   200K .......... .......... .......... .......... .......... 1.53M
   250K .......... .......... ..........                       2.34M=0.2s

2026-09-12 19:17:02 (1.81 MB/s) - ‘unitedcarriers.com/insights/major-fleet-wide-fuel-efficiency-agreement-signals-ongoing-focus-on-shipping-performance-and-decarbonisation.html’ saved [287046]

--2026-09-12 19:17:02--  https://unitedcarriers.com/about
Reusing existing connection to unitedcarriers.com:443.
HTTP request sent, awaiting response... 200 OK
Length: unspecified [text/html]
Saving to: ‘unitedcarriers.com/about.html’

     0K .......... .......... .......... .......... .......... 2.37M
    50K .......... .......... .......... .......... .......... 1.50M
   100K .......... .......... .......... .......... .......... 1.76M
   150K .......... .......... .......... .......... .......... 1.78M
   200K .......... .......... .......... .......... .......... 1.89M
   250K .......... .......... .......... .......... .......... 1.59M
   300K .......... .......... .......... .......... .......... 1.75M
   350K .......... .......... .......... .......... .......... 2.02M
   400K .......... .......... .......... .......... .......... 1.34M
   450K .......... .......... .......... .......... .......... 1.81M
   500K .......... .......... .......... .......... .......... 1.18M
   550K .......... .......... .......... .......... .          12.7M=0.3s

2026-09-12 19:17:03 (1.78 MB/s) - ‘unitedcarriers.com/about.html’ saved [605720]

--2026-09-12 19:17:03--  https://unitedcarriers.com/services
Reusing existing connection to unitedcarriers.com:443.
HTTP request sent, awaiting response... 200 OK
Length: unspecified [text/html]
Saving to: ‘unitedcarriers.com/services.html’

     0K .......... .......... .......... .......... .......... 2.22M
    50K .......... .......... .......... .......... .......... 1.66M
   100K .......... .......... .......... .......... .......... 2.00M
   150K .......... .......... .......... .......... .......... 2.06M
   200K .......... .......... .......... .......... .......... 1.44M
   250K .......... .......... .......... .......... .......... 2.86M
   300K .......... .......... .......... .......... .......... 2.69M
   350K .......... .......... .......... .......... .......... 1.05M
   400K .......... .......... .......... .......... .......... 2.10M
   450K .......... .......... .......... .......... ..........  822K
   500K .......... .......... .......... .......... ..........  465M
   550K .......... ........                                    9.21M=0.3s

2026-09-12 19:17:03 (1.84 MB/s) - ‘unitedcarriers.com/services.html’ saved [582100]

--2026-09-12 19:17:03--  https://unitedcarriers.com/industries
Reusing existing connection to unitedcarriers.com:443.
HTTP request sent, awaiting response... 200 OK
Length: unspecified [text/html]
Saving to: ‘unitedcarriers.com/industries.html’

     0K .......... .......... .......... .......... .......... 2.19M
    50K .......... .......... .......... .......... .......... 2.16M
   100K .......... .......... .......... .......... .......... 2.49M
   150K .......... .......... .......... .......... .......... 1.17M
   200K .......... .......... .......... .......... .......... 1.15M
   250K .......... .......... .......... .......... .........   493M=0.1s

2026-09-12 19:17:03 (1.97 MB/s) - ‘unitedcarriers.com/industries.html’ saved [307081]

--2026-09-12 19:17:03--  https://unitedcarriers.com/insights
Reusing existing connection to unitedcarriers.com:443.
HTTP request sent, awaiting response... 200 OK
Length: unspecified [text/html]
Saving to: ‘unitedcarriers.com/insights.html’

     0K .......... .......... .......... .......... .......... 2.75M
    50K .......... .......... .......... .......... .......... 2.90M
   100K .......... .......... .......... .......... ..........  987K
   150K .......... .......... .......... .......... .......... 1.44M
   200K .......... .......... .......... .......... .......... 3.04M
   250K .......... .......... .......... .......... .......... 1.44M
   300K .......... .......... .....                             464M=0.2s

2026-09-12 19:17:03 (1.88 MB/s) - ‘unitedcarriers.com/insights.html’ saved [332857]

--2026-09-12 19:17:03--  https://unitedcarriers.com/careers
Reusing existing connection to unitedcarriers.com:443.
HTTP request sent, awaiting response... 200 OK
Length: unspecified [text/html]
Saving to: ‘unitedcarriers.com/careers.html’

     0K .......... .......... .......... .......... .......... 2.79M
    50K .......... .......... .......... .......... .......... 2.25M
   100K .......... .......... .......... .......... .......... 1.96M
   150K .......... .......... .......... .......... .......... 1.53M
   200K .......... .......... .......... .......... ..........  760K
   250K .......... .......... .......... .......... .......... 2.68M
   300K .......... .......... .......... .......... .......... 1.53M
   350K .......... .......... .......... .......... .......... 6.21M
   400K .......... .......... .......... .......... .......... 1.97M
   450K .......... .......... .......... .......... .......... 1.40M
   500K .......... .......... .......... ........              1.72M=0.3s

2026-09-12 19:17:04 (1.74 MB/s) - ‘unitedcarriers.com/careers.html’ saved [551561]

--2026-09-12 19:17:04--  https://unitedcarriers.com/contact
Reusing existing connection to unitedcarriers.com:443.
HTTP request sent, awaiting response... 200 OK
Length: unspecified [text/html]
Saving to: ‘unitedcarriers.com/contact.html’

     0K .......... .......... .......... .......... .......... 2.08M
    50K .......... .......... .......... .......... .......... 1.39M
   100K .......... .......... .......... .......... .......... 1.60M
   150K .......... .......... .......... .......... .......... 1.54M
   200K ......                                                 1.70M=0.1s

2026-09-12 19:17:04 (1.62 MB/s) - ‘unitedcarriers.com/contact.html’ saved [210984]

--2026-09-12 19:17:04--  https://unitedcarriers.com/community
Reusing existing connection to unitedcarriers.com:443.
HTTP request sent, awaiting response... 200 OK
Length: unspecified [text/html]
Saving to: ‘unitedcarriers.com/community.html’

     0K .......... .......... .......... .......... .......... 2.08M
    50K .......... .......... .......... .......... .......... 1.27M
   100K .......... .......... .......... .......... .......... 1.77M
   150K .......... .......... .......... .......... .......... 1.53M
   200K .......... .......... .......... .......... .......... 1.35M
   250K .......... .......... .......... .......... .......... 1.72M
   300K                                                        1.86T=0.2s

2026-09-12 19:17:04 (1.58 MB/s) - ‘unitedcarriers.com/community.html’ saved [308221]

--2026-09-12 19:17:04--  https://unitedcarriers.com/checkout
Reusing existing connection to unitedcarriers.com:443.
HTTP request sent, awaiting response... 200 OK
Length: unspecified [text/html]
Saving to: ‘unitedcarriers.com/checkout.html’

     0K .......... .......... .......... .......... .......... 1.95M
    50K .......... .......... .......... .......... .......... 1.18M
   100K .......... .......... .......... .......... .......... 1.72M
   150K .......... .......... .......... .......... .......... 1.55M
   200K .......... .......... .......... .......... .......... 1.66M
   250K .......... .......... .......... .......... .......... 1.35M
   300K .......... .......... ..                               6.20M=0.2s

2026-09-12 19:17:04 (1.61 MB/s) - ‘unitedcarriers.com/checkout.html’ saved [330451]

--2026-09-12 19:17:04--  https://unitedcarriers.com/articles/featured
Reusing existing connection to unitedcarriers.com:443.
HTTP request sent, awaiting response... 200 OK
Length: unspecified [text/html]
Saving to: ‘unitedcarriers.com/articles/featured.html’

     0K .......... .......... .......... .......... .......... 3.06M
    50K .......... .......... .......... .......... .......... 1.79M
   100K .......... .......... .......... .......... .......... 2.30M
   150K .......... .......... .......... .......... .......... 2.94M
   200K .......... .......... .......... .......... .......... 3.02M
   250K ..........                                             3.45M=0.1s

2026-09-12 19:17:05 (2.54 MB/s) - ‘unitedcarriers.com/articles/featured.html’ saved [266878]

--2026-09-12 19:17:05--  https://unitedcarriers.com/articles/company-news
Reusing existing connection to unitedcarriers.com:443.
HTTP request sent, awaiting response... 200 OK
Length: unspecified [text/html]
Saving to: ‘unitedcarriers.com/articles/company-news.html’

     0K .......... .......... .......... .......... .......... 3.96M
    50K .......... .......... .......... .......... .......... 2.43M
   100K .......... .......... .......... .......... .......... 3.53M
   150K .......... .......... .......... .......... .......... 1.96M
   200K .......... .......... .......... .......... .........   381M=0.07s

2026-09-12 19:17:05 (3.41 MB/s) - ‘unitedcarriers.com/articles/company-news.html’ saved [255130]

--2026-09-12 19:17:05--  https://unitedcarriers.com/articles/industry-news
Reusing existing connection to unitedcarriers.com:443.
HTTP request sent, awaiting response... 200 OK
Length: unspecified [text/html]
Saving to: ‘unitedcarriers.com/articles/industry-news.html’

     0K .......... .......... .......... .......... .......... 2.43M
    50K .......... .......... .......... .......... .......... 14.5M
   100K .......... .......... .......... .......... .......... 4.75M
   150K .......... .......... .......... .......... .......... 4.69M
   200K .......... .......... .......... .......... .........  4.62M=0.05s

2026-09-12 19:17:05 (4.46 MB/s) - ‘unitedcarriers.com/articles/industry-news.html’ saved [255138]

--2026-09-12 19:17:05--  https://unitedcarriers.com/articles/case-studies
Reusing existing connection to unitedcarriers.com:443.
HTTP request sent, awaiting response... 200 OK
Length: unspecified [text/html]
Saving to: ‘unitedcarriers.com/articles/case-studies.html’

     0K .......... .......... .......... .......... .......... 5.10M
    50K .......... .......... .......... .......... .......... 5.44M
   100K .......... .......... .......... .......... .......... 4.57M
   150K .......... .......... .......... .......... .......... 6.44M
   200K .......... .......... .......... .......... .......... 5.82M
   250K ......                                                 4.72M=0.05s

2026-09-12 19:17:05 (5.38 MB/s) - ‘unitedcarriers.com/articles/case-studies.html’ saved [263145]

--2026-09-12 19:17:05--  https://unitedcarriers.com/articles/company-updates
Reusing existing connection to unitedcarriers.com:443.
HTTP request sent, awaiting response... 200 OK
Length: unspecified [text/html]
Saving to: ‘unitedcarriers.com/articles/company-updates.html’

     0K .......... .......... .......... .......... .......... 4.01M
    50K .......... .......... .......... .......... .......... 10.3M
   100K .......... .......... .......... .......... .......... 6.03M
   150K .......... .......... .......... .......... .......... 5.10M
   200K .......... .......... .......... .......... .........  2.43M=0.05s

2026-09-12 19:17:06 (4.48 MB/s) - ‘unitedcarriers.com/articles/company-updates.html’ saved [255154]

--2026-09-12 19:17:06--  https://unitedcarriers.com/articles/announcements
Reusing existing connection to unitedcarriers.com:443.
HTTP request sent, awaiting response... 200 OK
Length: unspecified [text/html]
Saving to: ‘unitedcarriers.com/articles/announcements.html’

     0K .......... .......... .......... .......... .......... 2.52M
    50K .......... .......... .......... .......... ..........  352M
   100K .......... .......... .......... .......... .......... 22.2M
   150K .......... .......... .......... .......... .......... 6.59M
   200K .......... .......... .......... .......... .......... 5.45M
   250K ..                                                     76.9M=0.04s

2026-09-12 19:17:06 (6.47 MB/s) - ‘unitedcarriers.com/articles/announcements.html’ saved [258747]

--2026-09-12 19:17:06--  https://unitedcarriers.com/ai-news/global
Reusing existing connection to unitedcarriers.com:443.
HTTP request sent, awaiting response... 200 OK
Length: unspecified [text/html]
Saving to: ‘unitedcarriers.com/ai-news/global.html’

     0K .......... .......... .......... .......... .......... 9.26M
    50K .......... .......... .......... .......... .......... 2.23M
   100K .......... .......... .......... .......... ..........  327M
   150K .......... .......... .......... .......... ..........  426M
   200K .......... .......... .......... .......... .......... 1.42M
   250K ......                                                 12.6T=0.06s

2026-09-12 19:17:06 (4.06 MB/s) - ‘unitedcarriers.com/ai-news/global.html’ saved [262946]

--2026-09-12 19:17:06--  https://unitedcarriers.com/ai-news/europe
Reusing existing connection to unitedcarriers.com:443.
HTTP request sent, awaiting response... 200 OK
Length: unspecified [text/html]
Saving to: ‘unitedcarriers.com/ai-news/europe.html’

     0K .......... .......... .......... .......... .......... 10.1M
    50K .......... .......... .......... .......... .......... 6.76M
   100K .......... .......... .......... .......... .......... 5.25M
   150K .......... .......... .......... .......... .......... 7.00M
   200K .......... .......... .......... .......... ........   1.73M=0.06s

2026-09-12 19:17:06 (4.34 MB/s) - ‘unitedcarriers.com/ai-news/europe.html’ saved [254946]

--2026-09-12 19:17:06--  https://unitedcarriers.com/ai-news/rest-of-world-d2yv8
Reusing existing connection to unitedcarriers.com:443.
HTTP request sent, awaiting response... 200 OK
Length: unspecified [text/html]
Saving to: ‘unitedcarriers.com/ai-news/rest-of-world-d2yv8.html’

     0K .......... .......... .......... .......... .......... 11.7M
    50K .......... .......... .......... .......... .......... 4.26M
   100K .......... .......... .......... .......... .......... 8.44M
   150K .......... .......... .......... .......... .......... 11.0M
   200K .......... .......... .......... .......... .........  1.27M=0.06s

2026-09-12 19:17:06 (3.82 MB/s) - ‘unitedcarriers.com/ai-news/rest-of-world-d2yv8.html’ saved [254980]

--2026-09-12 19:17:06--  https://unitedcarriers.com/ai-news/middle-east-africa
Reusing existing connection to unitedcarriers.com:443.
HTTP request sent, awaiting response... 200 OK
Length: unspecified [text/html]
Saving to: ‘unitedcarriers.com/ai-news/middle-east-africa.html’

     0K .......... .......... .......... .......... .......... 23.1M
    50K .......... .......... .......... .......... .......... 4.97M
   100K .......... .......... .......... .......... .......... 9.31M
   150K .......... .......... .......... .......... .......... 11.1M
   200K .......... .......... .......... .......... .........  1.38M=0.06s

2026-09-12 19:17:07 (4.32 MB/s) - ‘unitedcarriers.com/ai-news/middle-east-africa.html’ saved [255015]

--2026-09-12 19:17:07--  https://unitedcarriers.com/ai-news/asia
Reusing existing connection to unitedcarriers.com:443.
HTTP request sent, awaiting response... 200 OK
Length: unspecified [text/html]
Saving to: ‘unitedcarriers.com/ai-news/asia.html’

     0K .......... .......... .......... .......... ..........  349M
    50K .......... .......... .......... .......... ..........  501M
   100K .......... .......... .......... .......... .......... 5.57M
   150K .......... .......... .......... .......... .......... 12.4M
   200K .......... .......... .......... .......... .......... 6.09M
   250K                                                        1.25T=0.02s

2026-09-12 19:17:07 (11.7 MB/s) - ‘unitedcarriers.com/ai-news/asia.html’ saved [256688]

--2026-09-12 19:17:07--  https://unitedcarriers.com/ai-news/americas
Reusing existing connection to unitedcarriers.com:443.
HTTP request sent, awaiting response... 200 OK
Length: unspecified [text/html]
Saving to: ‘unitedcarriers.com/ai-news/americas.html’

     0K .......... .......... .......... .......... .......... 10.2M
    50K .......... .......... .......... .......... .......... 7.71M
   100K .......... .......... .......... .......... .......... 9.92M
   150K .......... .......... .......... .......... .......... 6.97M
   200K .......... .......... .......... .......... .......... 1.62M
   250K .......                                                34.2M=0.05s

2026-09-12 19:17:07 (4.70 MB/s) - ‘unitedcarriers.com/ai-news/americas.html’ saved [263195]

--2026-09-12 19:17:07--  https://unitedcarriers.com/ai-news/asia-pacific
Reusing existing connection to unitedcarriers.com:443.
HTTP request sent, awaiting response... 200 OK
Length: unspecified [text/html]
Saving to: ‘unitedcarriers.com/ai-news/asia-pacific.html’

     0K .......... .......... .......... .......... .......... 6.25M
    50K .......... .......... .......... .......... .......... 8.85M
   100K .......... .......... .......... .......... .......... 1.42M
   150K .......... .......... .......... .......... .......... 1.22M
   200K .......... .......... .......... .......... .......... 2.89M
   250K .......... ......                                      2.13M=0.1s

2026-09-12 19:17:07 (2.32 MB/s) - ‘unitedcarriers.com/ai-news/asia-pacific.html’ saved [273094]

--2026-09-12 19:17:07--  https://unitedcarriers.com/ai-news/company-update
Reusing existing connection to unitedcarriers.com:443.
HTTP request sent, awaiting response... 200 OK
Length: unspecified [text/html]
Saving to: ‘unitedcarriers.com/ai-news/company-update.html’

     0K .......... .......... .......... .......... .......... 14.7M
    50K .......... .......... .......... .......... .......... 8.51M
   100K .......... .......... .......... .......... .......... 5.10M
   150K .......... .......... .......... .......... .......... 8.99M
   200K .......... .......... .......... .......... .........  2.85M=0.04s

2026-09-12 19:17:07 (5.95 MB/s) - ‘unitedcarriers.com/ai-news/company-update.html’ saved [254978]

--2026-09-12 19:17:07--  https://unitedcarriers.com/linkedin
Reusing existing connection to unitedcarriers.com:443.
HTTP request sent, awaiting response... 200 OK
Length: unspecified [text/html]
Saving to: ‘unitedcarriers.com/linkedin.html’

     0K .......... .......... .......... .......... .......... 16.3M
    50K .......... .......... .......... .......... .......... 8.91M
   100K .......... .......... .......... .......... .......... 16.3M
   150K .......... .......... .......... .......... .......... 4.42M
   200K .......... .......... .......... .......... ..........  762K
   250K .......... .......... .......... .......... .......... 7.36M
   300K .......... ........                                     405M=0.09s

2026-09-12 19:17:08 (3.28 MB/s) - ‘unitedcarriers.com/linkedin.html’ saved [326069]

--2026-09-12 19:17:08--  https://cdn.prod.website-files.com/6a44eec1ed1af2c4c403df6b/6a4c6cb6a5d96145b3b34612_start-blur.avif
Connecting to cdn.prod.website-files.com (cdn.prod.website-files.com)|2606:4700::6812:a175|:443... connected.
HTTP request sent, awaiting response... 200 OK
Length: 17514 (17K) [image/avif]
Saving to: ‘cdn.prod.website-files.com/6a44eec1ed1af2c4c403df6b/6a4c6cb6a5d96145b3b34612_start-blur.avif’

     0K .......... .......                                    100% 1.75M=0.01s

2026-09-12 19:17:08 (1.75 MB/s) - ‘cdn.prod.website-files.com/6a44eec1ed1af2c4c403df6b/6a4c6cb6a5d96145b3b34612_start-blur.avif’ saved [17514/17514]

--2026-09-12 19:17:08--  https://cdn.prod.website-files.com/6a44eec1ed1af2c4c403df6b/6a4c6cb6a5d96145b3b34612_start-blur-p-500.avif
Reusing existing connection to [cdn.prod.website-files.com]:443.
HTTP request sent, awaiting response... 200 OK
Length: 9008 (8.8K) [image/avif]
Saving to: ‘cdn.prod.website-files.com/6a44eec1ed1af2c4c403df6b/6a4c6cb6a5d96145b3b34612_start-blur-p-500.avif’

     0K ........                                              100%  112M=0s

2026-09-12 19:17:08 (112 MB/s) - ‘cdn.prod.website-files.com/6a44eec1ed1af2c4c403df6b/6a4c6cb6a5d96145b3b34612_start-blur-p-500.avif’ saved [9008/9008]

--2026-09-12 19:17:08--  https://cdn.prod.website-files.com/6a44eec1ed1af2c4c403df6b/6a4b96c759907c751a922995_7eca9aaa3d4bf61032fb078c55b2ccf4_star.avif
Reusing existing connection to [cdn.prod.website-files.com]:443.
HTTP request sent, awaiting response... 200 OK
Length: 115997 (113K) [image/avif]
Saving to: ‘cdn.prod.website-files.com/6a44eec1ed1af2c4c403df6b/6a4b96c759907c751a922995_7eca9aaa3d4bf61032fb078c55b2ccf4_star.avif’

     0K .......... .......... .......... .......... .......... 44% 4.31M 0s
    50K .......... .......... .......... .......... .......... 88% 5.41M 0s
   100K .......... ...                                        100% 24.3M=0.02s

2026-09-12 19:17:08 (5.30 MB/s) - ‘cdn.prod.website-files.com/6a44eec1ed1af2c4c403df6b/6a4b96c759907c751a922995_7eca9aaa3d4bf61032fb078c55b2ccf4_star.avif’ saved [115997/115997]

--2026-09-12 19:17:08--  https://cdn.prod.website-files.com/6a44eec1ed1af2c4c403df6b/6a4b96c759907c751a922995_7eca9aaa3d4bf61032fb078c55b2ccf4_star-p-500.avif
Reusing existing connection to [cdn.prod.website-files.com]:443.
HTTP request sent, awaiting response... 200 OK
Length: 12814 (13K) [image/avif]
Saving to: ‘cdn.prod.website-files.com/6a44eec1ed1af2c4c403df6b/6a4b96c759907c751a922995_7eca9aaa3d4bf61032fb078c55b2ccf4_star-p-500.avif’

     0K .......... ..                                         100% 1.48M=0.008s

2026-09-12 19:17:08 (1.48 MB/s) - ‘cdn.prod.website-files.com/6a44eec1ed1af2c4c403df6b/6a4b96c759907c751a922995_7eca9aaa3d4bf61032fb078c55b2ccf4_star-p-500.avif’ saved [12814/12814]

--2026-09-12 19:17:08--  https://cdn.prod.website-files.com/6a44eec1ed1af2c4c403df6b/6a4b96c759907c751a922995_7eca9aaa3d4bf61032fb078c55b2ccf4_star-p-800.avif
Reusing existing connection to [cdn.prod.website-files.com]:443.
HTTP request sent, awaiting response... 200 OK
Length: 36363 (36K) [image/avif]
Saving to: ‘cdn.prod.website-files.com/6a44eec1ed1af2c4c403df6b/6a4b96c759907c751a922995_7eca9aaa3d4bf61032fb078c55b2ccf4_star-p-800.avif’

     0K .......... .......... .......... .....                100% 2.68M=0.01s

2026-09-12 19:17:08 (2.68 MB/s) - ‘cdn.prod.website-files.com/6a44eec1ed1af2c4c403df6b/6a4b96c759907c751a922995_7eca9aaa3d4bf61032fb078c55b2ccf4_star-p-800.avif’ saved [36363/36363]

--2026-09-12 19:17:08--  https://cdn.prod.website-files.com/6a44eec1ed1af2c4c403df6b/6a4b96c759907c751a922995_7eca9aaa3d4bf61032fb078c55b2ccf4_star-p-1080.avif
Reusing existing connection to [cdn.prod.website-files.com]:443.
HTTP request sent, awaiting response... 200 OK
Length: 70414 (69K) [image/avif]
Saving to: ‘cdn.prod.website-files.com/6a44eec1ed1af2c4c403df6b/6a4b96c759907c751a922995_7eca9aaa3d4bf61032fb078c55b2ccf4_star-p-1080.avif’

     0K .......... .......... .......... .......... .......... 72% 9.50M 0s
    50K .......... ........                                   100% 3.24M=0.01s

2026-09-12 19:17:08 (6.22 MB/s) - ‘cdn.prod.website-files.com/6a44eec1ed1af2c4c403df6b/6a4b96c759907c751a922995_7eca9aaa3d4bf61032fb078c55b2ccf4_star-p-1080.avif’ saved [70414/70414]

--2026-09-12 19:17:08--  https://cdn.prod.website-files.com/6a44eec1ed1af2c4c403df6b/6a4cc04b2bdf99e8d70e6ecb_17937c6d05957a16113fb6d519a37cda_hero-blur.png
Reusing existing connection to [cdn.prod.website-files.com]:443.
HTTP request sent, awaiting response... 200 OK
Length: 322574 (315K) [image/png]
Saving to: ‘cdn.prod.website-files.com/6a44eec1ed1af2c4c403df6b/6a4cc04b2bdf99e8d70e6ecb_17937c6d05957a16113fb6d519a37cda_hero-blur.png’

     0K .......... .......... .......... .......... .......... 15% 12.5M 0s
    50K .......... .......... .......... .......... .......... 31% 7.30M 0s
   100K .......... .......... .......... .......... .......... 47% 11.8M 0s
   150K .......... .......... .......... .......... .......... 63% 10.2M 0s
   200K .......... .......... .......... .......... .......... 79%  819K 0s
   250K .......... .......... .......... .......... .......... 95% 8.83M 0s
   300K .......... .....                                      100%  211M=0.09s

2026-09-12 19:17:08 (3.57 MB/s) - ‘cdn.prod.website-files.com/6a44eec1ed1af2c4c403df6b/6a4cc04b2bdf99e8d70e6ecb_17937c6d05957a16113fb6d519a37cda_hero-blur.png’ saved [322574/322574]

--2026-09-12 19:17:08--  https://cdn.prod.website-files.com/6a44eec1ed1af2c4c403df6b/6a4cc04b2bdf99e8d70e6ecb_17937c6d05957a16113fb6d519a37cda_hero-blur-p-500.png
Reusing existing connection to [cdn.prod.website-files.com]:443.
HTTP request sent, awaiting response... 200 OK
Length: 36454 (36K) [image/png]
Saving to: ‘cdn.prod.website-files.com/6a44eec1ed1af2c4c403df6b/6a4cc04b2bdf99e8d70e6ecb_17937c6d05957a16113fb6d519a37cda_hero-blur-p-500.png’

     0K .......... .......... .......... .....                100% 9.72M=0.004s

2026-09-12 19:17:08 (9.72 MB/s) - ‘cdn.prod.website-files.com/6a44eec1ed1af2c4c403df6b/6a4cc04b2bdf99e8d70e6ecb_17937c6d05957a16113fb6d519a37cda_hero-blur-p-500.png’ saved [36454/36454]

--2026-09-12 19:17:08--  https://cdn.prod.website-files.com/6a44eec1ed1af2c4c403df6b/6a4cc04b2bdf99e8d70e6ecb_17937c6d05957a16113fb6d519a37cda_hero-blur-p-800.png
Reusing existing connection to [cdn.prod.website-files.com]:443.
HTTP request sent, awaiting response... 200 OK
Length: 87825 (86K) [image/png]
Saving to: ‘cdn.prod.website-files.com/6a44eec1ed1af2c4c403df6b/6a4cc04b2bdf99e8d70e6ecb_17937c6d05957a16113fb6d519a37cda_hero-blur-p-800.png’

     0K .......... .......... .......... .......... .......... 58% 2.05M 0s
    50K .......... .......... .......... .....                100% 3.60M=0.03s

2026-09-12 19:17:08 (2.50 MB/s) - ‘cdn.prod.website-files.com/6a44eec1ed1af2c4c403df6b/6a4cc04b2bdf99e8d70e6ecb_17937c6d05957a16113fb6d519a37cda_hero-blur-p-800.png’ saved [87825/87825]

--2026-09-12 19:17:08--  https://cdn.prod.website-files.com/6a44eec1ed1af2c4c403df6b/6a4cc04b2bdf99e8d70e6ecb_17937c6d05957a16113fb6d519a37cda_hero-blur-p-1080.png
Reusing existing connection to [cdn.prod.website-files.com]:443.
HTTP request sent, awaiting response... 200 OK
Length: 149189 (146K) [image/png]
Saving to: ‘cdn.prod.website-files.com/6a44eec1ed1af2c4c403df6b/6a4cc04b2bdf99e8d70e6ecb_17937c6d05957a16113fb6d519a37cda_hero-blur-p-1080.png’

     0K .......... .......... .......... .......... .......... 34% 1.78M 0s
    50K .......... .......... .......... .......... .......... 68% 1.13M 0s
   100K .......... .......... .......... .......... .....     100%  470M=0.07s

2026-09-12 19:17:08 (2.01 MB/s) - ‘cdn.prod.website-files.com/6a44eec1ed1af2c4c403df6b/6a4cc04b2bdf99e8d70e6ecb_17937c6d05957a16113fb6d519a37cda_hero-blur-p-1080.png’ saved [149189/149189]

--2026-09-12 19:17:08--  https://cdn.prod.website-files.com/6a44eec1ed1af2c4c403df6b/6a45d26642ae122cd6bead49_Hero-MB.png
Reusing existing connection to [cdn.prod.website-files.com]:443.
HTTP request sent, awaiting response... 200 OK
Length: 59795 (58K) [image/png]
Saving to: ‘cdn.prod.website-files.com/6a44eec1ed1af2c4c403df6b/6a45d26642ae122cd6bead49_Hero-MB.png’

     0K .......... .......... .......... .......... .......... 85% 2.72M 0s
    50K ........                                              100%  167M=0.02s

2026-09-12 19:17:08 (3.17 MB/s) - ‘cdn.prod.website-files.com/6a44eec1ed1af2c4c403df6b/6a45d26642ae122cd6bead49_Hero-MB.png’ saved [59795/59795]

--2026-09-12 19:17:08--  https://cdn.prod.website-files.com/6a44eec1ed1af2c4c403df6b/6a4cec26b4baea74514d7ab5_hero-blur-black.avif
Reusing existing connection to [cdn.prod.website-files.com]:443.
HTTP request sent, awaiting response... 200 OK
Length: 12338 (12K) [image/avif]
Saving to: ‘cdn.prod.website-files.com/6a44eec1ed1af2c4c403df6b/6a4cec26b4baea74514d7ab5_hero-blur-black.avif’

     0K .......... ..                                         100%  412M=0s

2026-09-12 19:17:08 (412 MB/s) - ‘cdn.prod.website-files.com/6a44eec1ed1af2c4c403df6b/6a4cec26b4baea74514d7ab5_hero-blur-black.avif’ saved [12338/12338]

--2026-09-12 19:17:08--  https://cdn.prod.website-files.com/6a44eec1ed1af2c4c403df6b/6a4cec26b4baea74514d7ab5_hero-blur-black-p-500.avif
Reusing existing connection to [cdn.prod.website-files.com]:443.
HTTP request sent, awaiting response... 200 OK
Length: 1625 (1.6K) [image/avif]
Saving to: ‘cdn.prod.website-files.com/6a44eec1ed1af2c4c403df6b/6a4cec26b4baea74514d7ab5_hero-blur-black-p-500.avif’

     0K .                                                     100% 35.9M=0s

2026-09-12 19:17:08 (35.9 MB/s) - ‘cdn.prod.website-files.com/6a44eec1ed1af2c4c403df6b/6a4cec26b4baea74514d7ab5_hero-blur-black-p-500.avif’ saved [1625/1625]

--2026-09-12 19:17:08--  https://cdn.prod.website-files.com/6a44eec1ed1af2c4c403df6b/6a4cec26b4baea74514d7ab5_hero-blur-black-p-800.avif
Reusing existing connection to [cdn.prod.website-files.com]:443.
HTTP request sent, awaiting response... 200 OK
Length: 2769 (2.7K) [image/avif]
Saving to: ‘cdn.prod.website-files.com/6a44eec1ed1af2c4c403df6b/6a4cec26b4baea74514d7ab5_hero-blur-black-p-800.avif’

     0K ..                                                    100% 90.4M=0s

2026-09-12 19:17:09 (90.4 MB/s) - ‘cdn.prod.website-files.com/6a44eec1ed1af2c4c403df6b/6a4cec26b4baea74514d7ab5_hero-blur-black-p-800.avif’ saved [2769/2769]

--2026-09-12 19:17:09--  https://cdn.prod.website-files.com/6a44eec1ed1af2c4c403df6b/6a44eec1ed1af2c4c403dfca_intro-thumb.jpg
Reusing existing connection to [cdn.prod.website-files.com]:443.
HTTP request sent, awaiting response... 200 OK
Length: 117047 (114K) [image/jpeg]
Saving to: ‘cdn.prod.website-files.com/6a44eec1ed1af2c4c403df6b/6a44eec1ed1af2c4c403dfca_intro-thumb.jpg’

     0K .......... .......... .......... .......... .......... 43% 2.97M 0s
    50K .......... .......... .......... .......... .......... 87% 3.04M 0s
   100K .......... ....                                       100% 9.09M=0.03s

2026-09-12 19:17:09 (3.28 MB/s) - ‘cdn.prod.website-files.com/6a44eec1ed1af2c4c403df6b/6a44eec1ed1af2c4c403dfca_intro-thumb.jpg’ saved [117047/117047]

--2026-09-12 19:17:09--  https://cdn.prod.website-files.com/6a44eec1ed1af2c4c403df6b/6a44eec1ed1af2c4c403dfca_intro-thumb-p-500.jpg
Reusing existing connection to [cdn.prod.website-files.com]:443.
HTTP request sent, awaiting response... 200 OK
Length: 40034 (39K) [image/jpg]
Saving to: ‘cdn.prod.website-files.com/6a44eec1ed1af2c4c403df6b/6a44eec1ed1af2c4c403dfca_intro-thumb-p-500.jpg’

     0K .......... .......... .......... .........            100% 5.86M=0.007s

2026-09-12 19:17:09 (5.86 MB/s) - ‘cdn.prod.website-files.com/6a44eec1ed1af2c4c403df6b/6a44eec1ed1af2c4c403dfca_intro-thumb-p-500.jpg’ saved [40034/40034]

--2026-09-12 19:17:09--  https://cdn.prod.website-files.com/6a44eec1ed1af2c4c403df6b/6a44eec1ed1af2c4c403e36b_frame_df.avif
Reusing existing connection to [cdn.prod.website-files.com]:443.
HTTP request sent, awaiting response... 200 OK
Length: 14010 (14K) [image/avif]
Saving to: ‘cdn.prod.website-files.com/6a44eec1ed1af2c4c403df6b/6a44eec1ed1af2c4c403e36b_frame_df.avif’

     0K .......... ...                                        100%  511M=0s

2026-09-12 19:17:09 (511 MB/s) - ‘cdn.prod.website-files.com/6a44eec1ed1af2c4c403df6b/6a44eec1ed1af2c4c403e36b_frame_df.avif’ saved [14010/14010]

--2026-09-12 19:17:09--  https://cdn.prod.website-files.com/6a44eec1ed1af2c4c403df6b/6a44eec1ed1af2c4c403e418_frame_000.avif
Reusing existing connection to [cdn.prod.website-files.com]:443.
HTTP request sent, awaiting response... 200 OK
Length: 18132 (18K) [image/avif]
Saving to: ‘cdn.prod.website-files.com/6a44eec1ed1af2c4c403df6b/6a44eec1ed1af2c4c403e418_frame_000.avif’

     0K .......... .......                                    100%  320M=0s

2026-09-12 19:17:09 (320 MB/s) - ‘cdn.prod.website-files.com/6a44eec1ed1af2c4c403df6b/6a44eec1ed1af2c4c403e418_frame_000.avif’ saved [18132/18132]

--2026-09-12 19:17:09--  https://cdn.prod.website-files.com/6a44eec1ed1af2c4c403df6b/6a44eec1ed1af2c4c403e3fb_container-white.avif
Reusing existing connection to [cdn.prod.website-files.com]:443.
HTTP request sent, awaiting response... 200 OK
Length: 11343 (11K) [image/avif]
Saving to: ‘cdn.prod.website-files.com/6a44eec1ed1af2c4c403df6b/6a44eec1ed1af2c4c403e3fb_container-white.avif’

     0K .......... .                                          100%  330M=0s

2026-09-12 19:17:09 (330 MB/s) - ‘cdn.prod.website-files.com/6a44eec1ed1af2c4c403df6b/6a44eec1ed1af2c4c403e3fb_container-white.avif’ saved [11343/11343]

--2026-09-12 19:17:09--  https://cdn.prod.website-files.com/6a44eec1ed1af2c4c403df6b/6a44eec1ed1af2c4c403e3fa_container-blue.avif
Reusing existing connection to [cdn.prod.website-files.com]:443.
HTTP request sent, awaiting response... 200 OK
Length: 12735 (12K) [image/avif]
Saving to: ‘cdn.prod.website-files.com/6a44eec1ed1af2c4c403df6b/6a44eec1ed1af2c4c403e3fa_container-blue.avif’

     0K .......... ..                                         100% 7.10M=0.002s

2026-09-12 19:17:09 (7.10 MB/s) - ‘cdn.prod.website-files.com/6a44eec1ed1af2c4c403df6b/6a44eec1ed1af2c4c403e3fa_container-blue.avif’ saved [12735/12735]

--2026-09-12 19:17:09--  https://cdn.prod.website-files.com/6a44eec1ed1af2c4c403df6b/6a44eec1ed1af2c4c403e3fc_container-orange.avif
Reusing existing connection to [cdn.prod.website-files.com]:443.
HTTP request sent, awaiting response... 200 OK
Length: 15483 (15K) [image/avif]
Saving to: ‘cdn.prod.website-files.com/6a44eec1ed1af2c4c403df6b/6a44eec1ed1af2c4c403e3fc_container-orange.avif’

     0K .......... .....                                      100% 1.86M=0.008s

2026-09-12 19:17:09 (1.86 MB/s) - ‘cdn.prod.website-files.com/6a44eec1ed1af2c4c403df6b/6a44eec1ed1af2c4c403e3fc_container-orange.avif’ saved [15483/15483]

--2026-09-12 19:17:09--  https://cdn.prod.website-files.com/6a44eec1ed1af2c4c403df6b/6a44eec1ed1af2c4c403e664_frame_000-top.avif
Reusing existing connection to [cdn.prod.website-files.com]:443.
HTTP request sent, awaiting response... 200 OK
Length: 8798 (8.6K) [image/avif]
Saving to: ‘cdn.prod.website-files.com/6a44eec1ed1af2c4c403df6b/6a44eec1ed1af2c4c403e664_frame_000-top.avif’

     0K ........                                              100%  289M=0s

2026-09-12 19:17:09 (289 MB/s) - ‘cdn.prod.website-files.com/6a44eec1ed1af2c4c403df6b/6a44eec1ed1af2c4c403e664_frame_000-top.avif’ saved [8798/8798]

--2026-09-12 19:17:09--  https://cdn.prod.website-files.com/6a44eec1ed1af2c4c403df6b/6a44eec1ed1af2c4c403e664_15bb20263bcaa10a7875f542de327232_frame_000-top-p-500.avif
Reusing existing connection to [cdn.prod.website-files.com]:443.
HTTP request sent, awaiting response... 200 OK
Length: 3556 (3.5K) [image/avif]
Saving to: ‘cdn.prod.website-files.com/6a44eec1ed1af2c4c403df6b/6a44eec1ed1af2c4c403e664_15bb20263bcaa10a7875f542de327232_frame_000-top-p-500.avif’

     0K ...                                                   100% 97.1M=0s

2026-09-12 19:17:10 (97.1 MB/s) - ‘cdn.prod.website-files.com/6a44eec1ed1af2c4c403df6b/6a44eec1ed1af2c4c403e664_15bb20263bcaa10a7875f542de327232_frame_000-top-p-500.avif’ saved [3556/3556]

--2026-09-12 19:17:10--  https://cdn.prod.website-files.com/6a44eec1ed1af2c4c403df6b/6a44eec1ed1af2c4c403e664_15bb20263bcaa10a7875f542de327232_frame_000-top-p-800.avif
Reusing existing connection to [cdn.prod.website-files.com]:443.
HTTP request sent, awaiting response... 200 OK
Length: 5738 (5.6K) [image/avif]
Saving to: ‘cdn.prod.website-files.com/6a44eec1ed1af2c4c403df6b/6a44eec1ed1af2c4c403e664_15bb20263bcaa10a7875f542de327232_frame_000-top-p-800.avif’

     0K .....                                                 100%  193M=0s

2026-09-12 19:17:10 (193 MB/s) - ‘cdn.prod.website-files.com/6a44eec1ed1af2c4c403df6b/6a44eec1ed1af2c4c403e664_15bb20263bcaa10a7875f542de327232_frame_000-top-p-800.avif’ saved [5738/5738]

--2026-09-12 19:17:10--  https://cdn.prod.website-files.com/6a44eec1ed1af2c4c403df6b/6a44eec1ed1af2c4c403e664_15bb20263bcaa10a7875f542de327232_frame_000-top-p-1080.avif
Reusing existing connection to [cdn.prod.website-files.com]:443.
HTTP request sent, awaiting response... 200 OK
Length: 8326 (8.1K) [image/avif]
Saving to: ‘cdn.prod.website-files.com/6a44eec1ed1af2c4c403df6b/6a44eec1ed1af2c4c403e664_15bb20263bcaa10a7875f542de327232_frame_000-top-p-1080.avif’

     0K ........                                              100%  194M=0s

2026-09-12 19:17:10 (194 MB/s) - ‘cdn.prod.website-files.com/6a44eec1ed1af2c4c403df6b/6a44eec1ed1af2c4c403e664_15bb20263bcaa10a7875f542de327232_frame_000-top-p-1080.avif’ saved [8326/8326]

--2026-09-12 19:17:10--  https://cdn.prod.website-files.com/6a44eec1ed1af2c4c403df6b/6a44eec1ed1af2c4c403e663_frame_000-bot.avif
Reusing existing connection to [cdn.prod.website-files.com]:443.
HTTP request sent, awaiting response... 200 OK
Length: 7632 (7.5K) [image/avif]
Saving to: ‘cdn.prod.website-files.com/6a44eec1ed1af2c4c403df6b/6a44eec1ed1af2c4c403e663_frame_000-bot.avif’

     0K .......                                               100%  215M=0s

2026-09-12 19:17:10 (215 MB/s) - ‘cdn.prod.website-files.com/6a44eec1ed1af2c4c403df6b/6a44eec1ed1af2c4c403e663_frame_000-bot.avif’ saved [7632/7632]

--2026-09-12 19:17:10--  https://cdn.prod.website-files.com/6a44eec1ed1af2c4c403df6b/6a44eec1ed1af2c4c403e663_d806be8e6ae13750a4d568ebffba72e2_frame_000-bot-p-500.avif
Reusing existing connection to [cdn.prod.website-files.com]:443.
HTTP request sent, awaiting response... 200 OK
Length: 3012 (2.9K) [image/avif]
Saving to: ‘cdn.prod.website-files.com/6a44eec1ed1af2c4c403df6b/6a44eec1ed1af2c4c403e663_d806be8e6ae13750a4d568ebffba72e2_frame_000-bot-p-500.avif’

     0K ..                                                    100% 72.7M=0s

2026-09-12 19:17:10 (72.7 MB/s) - ‘cdn.prod.website-files.com/6a44eec1ed1af2c4c403df6b/6a44eec1ed1af2c4c403e663_d806be8e6ae13750a4d568ebffba72e2_frame_000-bot-p-500.avif’ saved [3012/3012]

--2026-09-12 19:17:10--  https://cdn.prod.website-files.com/6a44eec1ed1af2c4c403df6b/6a44eec1ed1af2c4c403e663_d806be8e6ae13750a4d568ebffba72e2_frame_000-bot-p-800.avif
Reusing existing connection to [cdn.prod.website-files.com]:443.
HTTP request sent, awaiting response... 200 OK
Length: 5270 (5.1K) [image/avif]
Saving to: ‘cdn.prod.website-files.com/6a44eec1ed1af2c4c403df6b/6a44eec1ed1af2c4c403e663_d806be8e6ae13750a4d568ebffba72e2_frame_000-bot-p-800.avif’

     0K .....                                                 100%  118M=0s

2026-09-12 19:17:10 (118 MB/s) - ‘cdn.prod.website-files.com/6a44eec1ed1af2c4c403df6b/6a44eec1ed1af2c4c403e663_d806be8e6ae13750a4d568ebffba72e2_frame_000-bot-p-800.avif’ saved [5270/5270]

--2026-09-12 19:17:10--  https://cdn.prod.website-files.com/6a44eec1ed1af2c4c403df6b/6a44eec1ed1af2c4c403e663_d806be8e6ae13750a4d568ebffba72e2_frame_000-bot-p-1080.avif
Reusing existing connection to [cdn.prod.website-files.com]:443.
HTTP request sent, awaiting response... 200 OK
Length: 7438 (7.3K) [image/avif]
Saving to: ‘cdn.prod.website-files.com/6a44eec1ed1af2c4c403df6b/6a44eec1ed1af2c4c403e663_d806be8e6ae13750a4d568ebffba72e2_frame_000-bot-p-1080.avif’

     0K .......                                               100%  178M=0s

2026-09-12 19:17:11 (178 MB/s) - ‘cdn.prod.website-files.com/6a44eec1ed1af2c4c403df6b/6a44eec1ed1af2c4c403e663_d806be8e6ae13750a4d568ebffba72e2_frame_000-bot-p-1080.avif’ saved [7438/7438]

--2026-09-12 19:17:11--  https://cdn.prod.website-files.com/6a44eec1ed1af2c4c403df6b/6a44eec1ed1af2c4c403e362_truck-static.avif
Reusing existing connection to [cdn.prod.website-files.com]:443.
HTTP request sent, awaiting response... 200 OK
Length: 50321 (49K) [image/avif]
Saving to: ‘cdn.prod.website-files.com/6a44eec1ed1af2c4c403df6b/6a44eec1ed1af2c4c403e362_truck-static.avif’

     0K .......... .......... .......... .......... ......... 100% 2.88M=0.02s

2026-09-12 19:17:11 (2.88 MB/s) - ‘cdn.prod.website-files.com/6a44eec1ed1af2c4c403df6b/6a44eec1ed1af2c4c403e362_truck-static.avif’ saved [50321/50321]

--2026-09-12 19:17:11--  https://cdn.prod.website-files.com/6a44eec1ed1af2c4c403df6b/6a44eec1ed1af2c4c403e362_truck-static-p-500.avif
Reusing existing connection to [cdn.prod.website-files.com]:443.
HTTP request sent, awaiting response... 200 OK
Length: 11278 (11K) [image/avif]
Saving to: ‘cdn.prod.website-files.com/6a44eec1ed1af2c4c403df6b/6a44eec1ed1af2c4c403e362_truck-static-p-500.avif’

     0K .......... .                                          100%  326M=0s

2026-09-12 19:17:11 (326 MB/s) - ‘cdn.prod.website-files.com/6a44eec1ed1af2c4c403df6b/6a44eec1ed1af2c4c403e362_truck-static-p-500.avif’ saved [11278/11278]

--2026-09-12 19:17:11--  https://cdn.prod.website-files.com/6a44eec1ed1af2c4c403df6b/6a44eec1ed1af2c4c403e362_truck-static-p-800.avif
Reusing existing connection to [cdn.prod.website-files.com]:443.
HTTP request sent, awaiting response... 200 OK
Length: 22122 (22K) [image/avif]
Saving to: ‘cdn.prod.website-files.com/6a44eec1ed1af2c4c403df6b/6a44eec1ed1af2c4c403e362_truck-static-p-800.avif’

     0K .......... .......... .                               100% 15.6M=0.001s

2026-09-12 19:17:11 (15.6 MB/s) - ‘cdn.prod.website-files.com/6a44eec1ed1af2c4c403df6b/6a44eec1ed1af2c4c403e362_truck-static-p-800.avif’ saved [22122/22122]

--2026-09-12 19:17:11--  https://cdn.prod.website-files.com/6a44eec1ed1af2c4c403df6b/6a44eec1ed1af2c4c403e362_truck-static-p-1080.avif
Reusing existing connection to [cdn.prod.website-files.com]:443.
HTTP request sent, awaiting response... 200 OK
Length: 30710 (30K) [image/avif]
Saving to: ‘cdn.prod.website-files.com/6a44eec1ed1af2c4c403df6b/6a44eec1ed1af2c4c403e362_truck-static-p-1080.avif’

     0K .......... .......... .........                       100% 1.74M=0.02s

2026-09-12 19:17:12 (1.74 MB/s) - ‘cdn.prod.website-files.com/6a44eec1ed1af2c4c403df6b/6a44eec1ed1af2c4c403e362_truck-static-p-1080.avif’ saved [30710/30710]

--2026-09-12 19:17:12--  https://cdn.prod.website-files.com/6a44eec1ed1af2c4c403df6b/6a44eec1ed1af2c4c403e363_0ce5a65ed3727488198a1e34ffd7fc23_only-car.avif
Reusing existing connection to [cdn.prod.website-files.com]:443.
HTTP request sent, awaiting response... 200 OK
Length: 32799 (32K) [image/avif]
Saving to: ‘cdn.prod.website-files.com/6a44eec1ed1af2c4c403df6b/6a44eec1ed1af2c4c403e363_0ce5a65ed3727488198a1e34ffd7fc23_only-car.avif’

     0K .......... .......... .......... ..                   100% 6.29M=0.005s

2026-09-12 19:17:12 (6.29 MB/s) - ‘cdn.prod.website-files.com/6a44eec1ed1af2c4c403df6b/6a44eec1ed1af2c4c403e363_0ce5a65ed3727488198a1e34ffd7fc23_only-car.avif’ saved [32799/32799]

--2026-09-12 19:17:12--  https://cdn.prod.website-files.com/6a44eec1ed1af2c4c403df6b/6a44eec1ed1af2c4c403e364_only-container.avif
Reusing existing connection to [cdn.prod.website-files.com]:443.
HTTP request sent, awaiting response... 200 OK
Length: 13592 (13K) [image/avif]
Saving to: ‘cdn.prod.website-files.com/6a44eec1ed1af2c4c403df6b/6a44eec1ed1af2c4c403e364_only-container.avif’

     0K .......... ...                                        100% 1.31M=0.01s

2026-09-12 19:17:12 (1.31 MB/s) - ‘cdn.prod.website-files.com/6a44eec1ed1af2c4c403df6b/6a44eec1ed1af2c4c403e364_only-container.avif’ saved [13592/13592]

--2026-09-12 19:17:12--  https://cdn.prod.website-files.com/6a44eec1ed1af2c4c403df6b/6a44eec1ed1af2c4c403e63c_banh-truoc.avif
Reusing existing connection to [cdn.prod.website-files.com]:443.
HTTP request sent, awaiting response... 200 OK
Length: 2898 (2.8K) [image/avif]
Saving to: ‘cdn.prod.website-files.com/6a44eec1ed1af2c4c403df6b/6a44eec1ed1af2c4c403e63c_banh-truoc.avif’

     0K ..                                                    100% 77.1M=0s

2026-09-12 19:17:12 (77.1 MB/s) - ‘cdn.prod.website-files.com/6a44eec1ed1af2c4c403df6b/6a44eec1ed1af2c4c403e63c_banh-truoc.avif’ saved [2898/2898]

--2026-09-12 19:17:12--  https://cdn.prod.website-files.com/6a44eec1ed1af2c4c403df6b/6a44eec1ed1af2c4c403e63a_banh%20sau.avif
Reusing existing connection to [cdn.prod.website-files.com]:443.
HTTP request sent, awaiting response... 200 OK
Length: 2232 (2.2K) [image/avif]
Saving to: ‘cdn.prod.website-files.com/6a44eec1ed1af2c4c403df6b/6a44eec1ed1af2c4c403e63a_banh sau.avif’

     0K ..                                                    100% 82.7M=0s

2026-09-12 19:17:12 (82.7 MB/s) - ‘cdn.prod.website-files.com/6a44eec1ed1af2c4c403df6b/6a44eec1ed1af2c4c403e63a_banh sau.avif’ saved [2232/2232]

--2026-09-12 19:17:12--  https://cdn.prod.website-files.com/6a44eec1ed1af2c4c403df68/6a44eec1ed1af2c4c403e4bf_Air%20freight.png
Reusing existing connection to [cdn.prod.website-files.com]:443.
HTTP request sent, awaiting response... 200 OK
Length: 1248 (1.2K) [image/png]
Saving to: ‘cdn.prod.website-files.com/6a44eec1ed1af2c4c403df68/6a44eec1ed1af2c4c403e4bf_Air freight.png’

     0K .                                                     100% 24.2M=0s

2026-09-12 19:17:12 (24.2 MB/s) - ‘cdn.prod.website-files.com/6a44eec1ed1af2c4c403df68/6a44eec1ed1af2c4c403e4bf_Air freight.png’ saved [1248/1248]

--2026-09-12 19:17:12--  https://cdn.prod.website-files.com/6a44eec1ed1af2c4c403df68/6a44eec1ed1af2c4c403e4e6_Sea%20freight.png
Reusing existing connection to [cdn.prod.website-files.com]:443.
HTTP request sent, awaiting response... 200 OK
Length: 793 [image/png]
Saving to: ‘cdn.prod.website-files.com/6a44eec1ed1af2c4c403df68/6a44eec1ed1af2c4c403e4e6_Sea freight.png’

     0K                                                       100% 15.7M=0s

2026-09-12 19:17:12 (15.7 MB/s) - ‘cdn.prod.website-files.com/6a44eec1ed1af2c4c403df68/6a44eec1ed1af2c4c403e4e6_Sea freight.png’ saved [793/793]

--2026-09-12 19:17:12--  https://cdn.prod.website-files.com/6a44eec1ed1af2c4c403df68/6a44eec1ed1af2c4c403e4c0_Custom%20Brokerage.png
Reusing existing connection to [cdn.prod.website-files.com]:443.
HTTP request sent, awaiting response... 200 OK
Length: 917 [image/png]
Saving to: ‘cdn.prod.website-files.com/6a44eec1ed1af2c4c403df68/6a44eec1ed1af2c4c403e4c0_Custom Brokerage.png’

     0K                                                       100% 32.7M=0s

2026-09-12 19:17:12 (32.7 MB/s) - ‘cdn.prod.website-files.com/6a44eec1ed1af2c4c403df68/6a44eec1ed1af2c4c403e4c0_Custom Brokerage.png’ saved [917/917]

--2026-09-12 19:17:12--  https://cdn.prod.website-files.com/6a44eec1ed1af2c4c403df68/6a44eec1ed1af2c4c403e4d2_Warehousing%20and%203PL.png
Reusing existing connection to [cdn.prod.website-files.com]:443.
HTTP request sent, awaiting response... 200 OK
Length: 1057 (1.0K) [image/png]
Saving to: ‘cdn.prod.website-files.com/6a44eec1ed1af2c4c403df68/6a44eec1ed1af2c4c403e4d2_Warehousing and 3PL.png’

     0K .                                                     100% 21.3M=0s

2026-09-12 19:17:12 (21.3 MB/s) - ‘cdn.prod.website-files.com/6a44eec1ed1af2c4c403df68/6a44eec1ed1af2c4c403e4d2_Warehousing and 3PL.png’ saved [1057/1057]

--2026-09-12 19:17:12--  https://cdn.prod.website-files.com/6a44eec1ed1af2c4c403df68/6a44eec1ed1af2c4c403e4d3_Project%20Cargo.png
Reusing existing connection to [cdn.prod.website-files.com]:443.
HTTP request sent, awaiting response... 200 OK
Length: 1041 (1.0K) [image/png]
Saving to: ‘cdn.prod.website-files.com/6a44eec1ed1af2c4c403df68/6a44eec1ed1af2c4c403e4d3_Project Cargo.png’

     0K .                                                     100% 20.7M=0s

2026-09-12 19:17:12 (20.7 MB/s) - ‘cdn.prod.website-files.com/6a44eec1ed1af2c4c403df68/6a44eec1ed1af2c4c403e4d3_Project Cargo.png’ saved [1041/1041]

--2026-09-12 19:17:12--  https://cdn.prod.website-files.com/6a44eec1ed1af2c4c403df68/6a44eec1ed1af2c4c403e4d4_Domestic%20%26%20Interstate%20Transport.png
Reusing existing connection to [cdn.prod.website-files.com]:443.
HTTP request sent, awaiting response... 200 OK
Length: 1103 (1.1K) [image/png]
Saving to: ‘cdn.prod.website-files.com/6a44eec1ed1af2c4c403df68/6a44eec1ed1af2c4c403e4d4_Domestic & Interstate Transport.png’

     0K .                                                     100% 25.1M=0s

2026-09-12 19:17:12 (25.1 MB/s) - ‘cdn.prod.website-files.com/6a44eec1ed1af2c4c403df68/6a44eec1ed1af2c4c403e4d4_Domestic & Interstate Transport.png’ saved [1103/1103]

--2026-09-12 19:17:12--  https://cdn.prod.website-files.com/6a44eec1ed1af2c4c403df6b/6a44eec1ed1af2c4c403e7fc_26b6ae8acf0aa553efea60b4e1e392fd_truck-top_view.avif
Reusing existing connection to [cdn.prod.website-files.com]:443.
HTTP request sent, awaiting response... 200 OK
Length: 73907 (72K) [image/avif]
Saving to: ‘cdn.prod.website-files.com/6a44eec1ed1af2c4c403df6b/6a44eec1ed1af2c4c403e7fc_26b6ae8acf0aa553efea60b4e1e392fd_truck-top_view.avif’

     0K .......... .......... .......... .......... .......... 69% 4.21M 0s
    50K .......... .......... ..                              100% 6.46M=0.01s

2026-09-12 19:17:12 (4.72 MB/s) - ‘cdn.prod.website-files.com/6a44eec1ed1af2c4c403df6b/6a44eec1ed1af2c4c403e7fc_26b6ae8acf0aa553efea60b4e1e392fd_truck-top_view.avif’ saved [73907/73907]

--2026-09-12 19:17:12--  https://cdn.prod.website-files.com/6a44eec1ed1af2c4c403df6b/6a44eec1ed1af2c4c403e7fb_b1a1022bfd557e7d8d1325faf1c21241_container-top_view.avif
Reusing existing connection to [cdn.prod.website-files.com]:443.
HTTP request sent, awaiting response... 200 OK
Length: 57947 (57K) [image/avif]
Saving to: ‘cdn.prod.website-files.com/6a44eec1ed1af2c4c403df6b/6a44eec1ed1af2c4c403e7fb_b1a1022bfd557e7d8d1325faf1c21241_container-top_view.avif’

     0K .......... .......... .......... .......... .......... 88% 4.97M 0s
    50K ......                                                100%  221M=0.01s

2026-09-12 19:17:12 (5.61 MB/s) - ‘cdn.prod.website-files.com/6a44eec1ed1af2c4c403df6b/6a44eec1ed1af2c4c403e7fb_b1a1022bfd557e7d8d1325faf1c21241_container-top_view.avif’ saved [57947/57947]

--2026-09-12 19:17:12--  https://cdn.prod.website-files.com/6a44eec1ed1af2c4c403df6b/6a44eec1ed1af2c4c403df8d_Feature%20icon-2.png
Reusing existing connection to [cdn.prod.website-files.com]:443.
HTTP request sent, awaiting response... 200 OK
Length: 421 [image/png]
Saving to: ‘cdn.prod.website-files.com/6a44eec1ed1af2c4c403df6b/6a44eec1ed1af2c4c403df8d_Feature icon-2.png’

     0K                                                       100% 15.8M=0s

2026-09-12 19:17:12 (15.8 MB/s) - ‘cdn.prod.website-files.com/6a44eec1ed1af2c4c403df6b/6a44eec1ed1af2c4c403df8d_Feature icon-2.png’ saved [421/421]

--2026-09-12 19:17:12--  https://cdn.prod.website-files.com/6a44eec1ed1af2c4c403df6b/6a44eec1ed1af2c4c403df84_Feature%20icon-1.png
Reusing existing connection to [cdn.prod.website-files.com]:443.
HTTP request sent, awaiting response... 200 OK
Length: 443 [image/png]
Saving to: ‘cdn.prod.website-files.com/6a44eec1ed1af2c4c403df6b/6a44eec1ed1af2c4c403df84_Feature icon-1.png’

     0K                                                       100% 16.1M=0s

2026-09-12 19:17:12 (16.1 MB/s) - ‘cdn.prod.website-files.com/6a44eec1ed1af2c4c403df6b/6a44eec1ed1af2c4c403df84_Feature icon-1.png’ saved [443/443]

--2026-09-12 19:17:12--  https://cdn.prod.website-files.com/6a44eec1ed1af2c4c403df6b/6a44eec1ed1af2c4c403df85_Feature%20icon.png
Reusing existing connection to [cdn.prod.website-files.com]:443.
HTTP request sent, awaiting response... 200 OK
Length: 438 [image/png]
Saving to: ‘cdn.prod.website-files.com/6a44eec1ed1af2c4c403df6b/6a44eec1ed1af2c4c403df85_Feature icon.png’

     0K                                                       100% 19.3M=0s

2026-09-12 19:17:12 (19.3 MB/s) - ‘cdn.prod.website-files.com/6a44eec1ed1af2c4c403df6b/6a44eec1ed1af2c4c403df85_Feature icon.png’ saved [438/438]

--2026-09-12 19:17:12--  https://cdn.prod.website-files.com/6a44eec1ed1af2c4c403df6b/6a44eec1ed1af2c4c403e7df_container-w-mb.avif
Reusing existing connection to [cdn.prod.website-files.com]:443.
HTTP request sent, awaiting response... 200 OK
Length: 3251 (3.2K) [image/avif]
Saving to: ‘cdn.prod.website-files.com/6a44eec1ed1af2c4c403df6b/6a44eec1ed1af2c4c403e7df_container-w-mb.avif’

     0K ...                                                   100%  134M=0s

2026-09-12 19:17:12 (134 MB/s) - ‘cdn.prod.website-files.com/6a44eec1ed1af2c4c403df6b/6a44eec1ed1af2c4c403e7df_container-w-mb.avif’ saved [3251/3251]

--2026-09-12 19:17:12--  https://cdn.prod.website-files.com/6a44eec1ed1af2c4c403df6b/6a44eec1ed1af2c4c403e7dd_container-o-mb.avif
Reusing existing connection to [cdn.prod.website-files.com]:443.
HTTP request sent, awaiting response... 200 OK
Length: 4104 (4.0K) [image/avif]
Saving to: ‘cdn.prod.website-files.com/6a44eec1ed1af2c4c403df6b/6a44eec1ed1af2c4c403e7dd_container-o-mb.avif’

     0K ....                                                  100%  172M=0s

2026-09-12 19:17:12 (172 MB/s) - ‘cdn.prod.website-files.com/6a44eec1ed1af2c4c403df6b/6a44eec1ed1af2c4c403e7dd_container-o-mb.avif’ saved [4104/4104]

--2026-09-12 19:17:12--  https://cdn.prod.website-files.com/6a44eec1ed1af2c4c403df6b/6a44eec1ed1af2c4c403e7de_container-b-mb.avif
Reusing existing connection to [cdn.prod.website-files.com]:443.
HTTP request sent, awaiting response... 200 OK
Length: 3521 (3.4K) [image/avif]
Saving to: ‘cdn.prod.website-files.com/6a44eec1ed1af2c4c403df6b/6a44eec1ed1af2c4c403e7de_container-b-mb.avif’

     0K ...                                                   100%  152M=0s

2026-09-12 19:17:12 (152 MB/s) - ‘cdn.prod.website-files.com/6a44eec1ed1af2c4c403df6b/6a44eec1ed1af2c4c403e7de_container-b-mb.avif’ saved [3521/3521]

--2026-09-12 19:17:12--  https://cdn.prod.website-files.com/6a44eec1ed1af2c4c403df6b/6a44eec1ed1af2c4c403e903_frame_000.avif
Reusing existing connection to [cdn.prod.website-files.com]:443.
HTTP request sent, awaiting response... 200 OK
Length: 13588 (13K) [image/avif]
Saving to: ‘cdn.prod.website-files.com/6a44eec1ed1af2c4c403df6b/6a44eec1ed1af2c4c403e903_frame_000.avif’

     0K .......... ...                                        100%  237M=0s

2026-09-12 19:17:12 (237 MB/s) - ‘cdn.prod.website-files.com/6a44eec1ed1af2c4c403df6b/6a44eec1ed1af2c4c403e903_frame_000.avif’ saved [13588/13588]

--2026-09-12 19:17:12--  https://cdn.prod.website-files.com/6a44eec1ed1af2c4c403df6b/6a44eec1ed1af2c4c403e903_frame_000-p-500.avif
Reusing existing connection to [cdn.prod.website-files.com]:443.
HTTP request sent, awaiting response... 200 OK
Length: 4436 (4.3K) [image/avif]
Saving to: ‘cdn.prod.website-files.com/6a44eec1ed1af2c4c403df6b/6a44eec1ed1af2c4c403e903_frame_000-p-500.avif’

     0K ....                                                  100%  144M=0s

2026-09-12 19:17:12 (144 MB/s) - ‘cdn.prod.website-files.com/6a44eec1ed1af2c4c403df6b/6a44eec1ed1af2c4c403e903_frame_000-p-500.avif’ saved [4436/4436]

--2026-09-12 19:17:12--  https://cdn.prod.website-files.com/6a44eec1ed1af2c4c403df6b/6a44eec1ed1af2c4c403e903_frame_000-p-800.avif
Reusing existing connection to [cdn.prod.website-files.com]:443.
HTTP request sent, awaiting response... 200 OK
Length: 8215 (8.0K) [image/avif]
Saving to: ‘cdn.prod.website-files.com/6a44eec1ed1af2c4c403df6b/6a44eec1ed1af2c4c403e903_frame_000-p-800.avif’

     0K ........                                              100%  243M=0s

2026-09-12 19:17:12 (243 MB/s) - ‘cdn.prod.website-files.com/6a44eec1ed1af2c4c403df6b/6a44eec1ed1af2c4c403e903_frame_000-p-800.avif’ saved [8215/8215]

--2026-09-12 19:17:12--  https://cdn.prod.website-files.com/6a44eec1ed1af2c4c403df6b/6a44eec1ed1af2c4c403e903_frame_000-p-1080.avif
Reusing existing connection to [cdn.prod.website-files.com]:443.
HTTP request sent, awaiting response... 200 OK
Length: 11608 (11K) [image/avif]
Saving to: ‘cdn.prod.website-files.com/6a44eec1ed1af2c4c403df6b/6a44eec1ed1af2c4c403e903_frame_000-p-1080.avif’

     0K .......... .                                          100% 3.99M=0.003s

2026-09-12 19:17:12 (3.99 MB/s) - ‘cdn.prod.website-files.com/6a44eec1ed1af2c4c403df6b/6a44eec1ed1af2c4c403e903_frame_000-p-1080.avif’ saved [11608/11608]

--2026-09-12 19:17:12--  https://cdn.prod.website-files.com/6a44eec1ed1af2c4c403df6b/6a44eec1ed1af2c4c403e899_frame-mb_df.avif
Reusing existing connection to [cdn.prod.website-files.com]:443.
HTTP request sent, awaiting response... 200 OK
Length: 10126 (9.9K) [image/avif]
Saving to: ‘cdn.prod.website-files.com/6a44eec1ed1af2c4c403df6b/6a44eec1ed1af2c4c403e899_frame-mb_df.avif’

     0K .........                                             100% 7.95M=0.001s

2026-09-12 19:17:12 (7.95 MB/s) - ‘cdn.prod.website-files.com/6a44eec1ed1af2c4c403df6b/6a44eec1ed1af2c4c403e899_frame-mb_df.avif’ saved [10126/10126]

--2026-09-12 19:17:12--  https://cdn.prod.website-files.com/6a44eec1ed1af2c4c403df6b/6a44eec1ed1af2c4c403e899_041da438d037c03094295a181e2d366f_frame-mb_df-p-500.avif
Reusing existing connection to [cdn.prod.website-files.com]:443.
HTTP request sent, awaiting response... 200 OK
Length: 3379 (3.3K) [image/avif]
Saving to: ‘cdn.prod.website-files.com/6a44eec1ed1af2c4c403df6b/6a44eec1ed1af2c4c403e899_041da438d037c03094295a181e2d366f_frame-mb_df-p-500.avif’

     0K ...                                                   100% 69.5M=0s

2026-09-12 19:17:12 (69.5 MB/s) - ‘cdn.prod.website-files.com/6a44eec1ed1af2c4c403df6b/6a44eec1ed1af2c4c403e899_041da438d037c03094295a181e2d366f_frame-mb_df-p-500.avif’ saved [3379/3379]

--2026-09-12 19:17:12--  https://cdn.prod.website-files.com/6a44eec1ed1af2c4c403df6b/6a44eec1ed1af2c4c403e899_041da438d037c03094295a181e2d366f_frame-mb_df-p-800.avif
Reusing existing connection to [cdn.prod.website-files.com]:443.
HTTP request sent, awaiting response... 200 OK
Length: 6305 (6.2K) [image/avif]
Saving to: ‘cdn.prod.website-files.com/6a44eec1ed1af2c4c403df6b/6a44eec1ed1af2c4c403e899_041da438d037c03094295a181e2d366f_frame-mb_df-p-800.avif’

     0K ......                                                100%  201M=0s

2026-09-12 19:17:13 (201 MB/s) - ‘cdn.prod.website-files.com/6a44eec1ed1af2c4c403df6b/6a44eec1ed1af2c4c403e899_041da438d037c03094295a181e2d366f_frame-mb_df-p-800.avif’ saved [6305/6305]

--2026-09-12 19:17:13--  https://cdn.prod.website-files.com/6a44eec1ed1af2c4c403df6b/6a44eec1ed1af2c4c403e899_041da438d037c03094295a181e2d366f_frame-mb_df-p-1080.avif
Reusing existing connection to [cdn.prod.website-files.com]:443.
HTTP request sent, awaiting response... 200 OK
Length: 8784 (8.6K) [image/avif]
Saving to: ‘cdn.prod.website-files.com/6a44eec1ed1af2c4c403df6b/6a44eec1ed1af2c4c403e899_041da438d037c03094295a181e2d366f_frame-mb_df-p-1080.avif’

     0K ........                                              100%  278M=0s

2026-09-12 19:17:13 (278 MB/s) - ‘cdn.prod.website-files.com/6a44eec1ed1af2c4c403df6b/6a44eec1ed1af2c4c403e899_041da438d037c03094295a181e2d366f_frame-mb_df-p-1080.avif’ saved [8784/8784]

--2026-09-12 19:17:13--  https://cdn.prod.website-files.com/6a44eec1ed1af2c4c403df6b/6a44eec1ed1af2c4c403e97a_crane-head.avif
Reusing existing connection to [cdn.prod.website-files.com]:443.
HTTP request sent, awaiting response... 200 OK
Length: 7105 (6.9K) [image/avif]
Saving to: ‘cdn.prod.website-files.com/6a44eec1ed1af2c4c403df6b/6a44eec1ed1af2c4c403e97a_crane-head.avif’

     0K ......                                                100%  266M=0s

2026-09-12 19:17:13 (266 MB/s) - ‘cdn.prod.website-files.com/6a44eec1ed1af2c4c403df6b/6a44eec1ed1af2c4c403e97a_crane-head.avif’ saved [7105/7105]

--2026-09-12 19:17:13--  https://cdn.prod.website-files.com/6a44eec1ed1af2c4c403df6b/6a44eec1ed1af2c4c403e97a_crane-head-p-500.avif
Reusing existing connection to [cdn.prod.website-files.com]:443.
HTTP request sent, awaiting response... 200 OK
Length: 3330 (3.3K) [image/avif]
Saving to: ‘cdn.prod.website-files.com/6a44eec1ed1af2c4c403df6b/6a44eec1ed1af2c4c403e97a_crane-head-p-500.avif’

     0K ...                                                   100%  103M=0s

2026-09-12 19:17:13 (103 MB/s) - ‘cdn.prod.website-files.com/6a44eec1ed1af2c4c403df6b/6a44eec1ed1af2c4c403e97a_crane-head-p-500.avif’ saved [3330/3330]

--2026-09-12 19:17:13--  https://cdn.prod.website-files.com/6a44eec1ed1af2c4c403df6b/6a44eec1ed1af2c4c403e97a_crane-head-p-800.avif
Reusing existing connection to [cdn.prod.website-files.com]:443.
HTTP request sent, awaiting response... 200 OK
Length: 5861 (5.7K) [image/avif]
Saving to: ‘cdn.prod.website-files.com/6a44eec1ed1af2c4c403df6b/6a44eec1ed1af2c4c403e97a_crane-head-p-800.avif’

     0K .....                                                 100%  150M=0s

2026-09-12 19:17:13 (150 MB/s) - ‘cdn.prod.website-files.com/6a44eec1ed1af2c4c403df6b/6a44eec1ed1af2c4c403e97a_crane-head-p-800.avif’ saved [5861/5861]

--2026-09-12 19:17:13--  https://cdn.prod.website-files.com/6a44eec1ed1af2c4c403df6b/6a44eec1ed1af2c4c403e97c_crane-container.avif
Reusing existing connection to [cdn.prod.website-files.com]:443.
HTTP request sent, awaiting response... 200 OK
Length: 4390 (4.3K) [image/avif]
Saving to: ‘cdn.prod.website-files.com/6a44eec1ed1af2c4c403df6b/6a44eec1ed1af2c4c403e97c_crane-container.avif’

     0K ....                                                  100% 88.9M=0s

2026-09-12 19:17:13 (88.9 MB/s) - ‘cdn.prod.website-files.com/6a44eec1ed1af2c4c403df6b/6a44eec1ed1af2c4c403e97c_crane-container.avif’ saved [4390/4390]

--2026-09-12 19:17:13--  https://cdn.prod.website-files.com/6a44eec1ed1af2c4c403df6b/6a44eec1ed1af2c4c403e97c_crane-container-p-500.avif
Reusing existing connection to [cdn.prod.website-files.com]:443.
HTTP request sent, awaiting response... 200 OK
Length: 2427 (2.4K) [image/avif]
Saving to: ‘cdn.prod.website-files.com/6a44eec1ed1af2c4c403df6b/6a44eec1ed1af2c4c403e97c_crane-container-p-500.avif’

     0K ..                                                    100% 81.3M=0s

2026-09-12 19:17:13 (81.3 MB/s) - ‘cdn.prod.website-files.com/6a44eec1ed1af2c4c403df6b/6a44eec1ed1af2c4c403e97c_crane-container-p-500.avif’ saved [2427/2427]

--2026-09-12 19:17:13--  https://cdn.prod.website-files.com/6a44eec1ed1af2c4c403df6b/6a44eec1ed1af2c4c403e97b_crane-body.avif
Reusing existing connection to [cdn.prod.website-files.com]:443.
HTTP request sent, awaiting response... 200 OK
Length: 4983 (4.9K) [image/avif]
Saving to: ‘cdn.prod.website-files.com/6a44eec1ed1af2c4c403df6b/6a44eec1ed1af2c4c403e97b_crane-body.avif’

     0K ....                                                  100%  170M=0s

2026-09-12 19:17:13 (170 MB/s) - ‘cdn.prod.website-files.com/6a44eec1ed1af2c4c403df6b/6a44eec1ed1af2c4c403e97b_crane-body.avif’ saved [4983/4983]

--2026-09-12 19:17:13--  https://cdn.prod.website-files.com/6a44eec1ed1af2c4c403df6b/6a44eec1ed1af2c4c403e97b_20aef28efaeb52c48baaa0fc8765f3c6_crane-body-p-500.avif
Reusing existing connection to [cdn.prod.website-files.com]:443.
HTTP request sent, awaiting response... 200 OK
Length: 2709 (2.6K) [image/avif]
Saving to: ‘cdn.prod.website-files.com/6a44eec1ed1af2c4c403df6b/6a44eec1ed1af2c4c403e97b_20aef28efaeb52c48baaa0fc8765f3c6_crane-body-p-500.avif’

     0K ..                                                    100% 58.5M=0s

2026-09-12 19:17:13 (58.5 MB/s) - ‘cdn.prod.website-files.com/6a44eec1ed1af2c4c403df6b/6a44eec1ed1af2c4c403e97b_20aef28efaeb52c48baaa0fc8765f3c6_crane-body-p-500.avif’ saved [2709/2709]

--2026-09-12 19:17:13--  https://cdn.prod.website-files.com/6a44eec1ed1af2c4c403df6b/6a44eec1ed1af2c4c403e97b_20aef28efaeb52c48baaa0fc8765f3c6_crane-body-p-800.avif
Reusing existing connection to [cdn.prod.website-files.com]:443.
HTTP request sent, awaiting response... 200 OK
Length: 4213 (4.1K) [image/avif]
Saving to: ‘cdn.prod.website-files.com/6a44eec1ed1af2c4c403df6b/6a44eec1ed1af2c4c403e97b_20aef28efaeb52c48baaa0fc8765f3c6_crane-body-p-800.avif’

     0K ....                                                  100% 93.4M=0s

2026-09-12 19:17:13 (93.4 MB/s) - ‘cdn.prod.website-files.com/6a44eec1ed1af2c4c403df6b/6a44eec1ed1af2c4c403e97b_20aef28efaeb52c48baaa0fc8765f3c6_crane-body-p-800.avif’ saved [4213/4213]

--2026-09-12 19:17:13--  https://cdn.prod.website-files.com/6a44eec1ed1af2c4c403df6b/6a44eec1ed1af2c4c403e7e3_Feature%20icon.png
Reusing existing connection to [cdn.prod.website-files.com]:443.
HTTP request sent, awaiting response... 200 OK
Length: 342 [image/png]
Saving to: ‘cdn.prod.website-files.com/6a44eec1ed1af2c4c403df6b/6a44eec1ed1af2c4c403e7e3_Feature icon.png’

     0K                                                       100% 1.59G=0s

2026-09-12 19:17:13 (1.59 GB/s) - ‘cdn.prod.website-files.com/6a44eec1ed1af2c4c403df6b/6a44eec1ed1af2c4c403e7e3_Feature icon.png’ saved [342/342]

--2026-09-12 19:17:13--  https://cdn.prod.website-files.com/6a44eec1ed1af2c4c403df6b/6a44eec1ed1af2c4c403e7e2_Feature%20icon-2.png
Reusing existing connection to [cdn.prod.website-files.com]:443.
HTTP request sent, awaiting response... 200 OK
Length: 369 [image/png]
Saving to: ‘cdn.prod.website-files.com/6a44eec1ed1af2c4c403df6b/6a44eec1ed1af2c4c403e7e2_Feature icon-2.png’

     0K                                                       100% 1.13G=0s

2026-09-12 19:17:13 (1.13 GB/s) - ‘cdn.prod.website-files.com/6a44eec1ed1af2c4c403df6b/6a44eec1ed1af2c4c403e7e2_Feature icon-2.png’ saved [369/369]

--2026-09-12 19:17:13--  https://cdn.prod.website-files.com/6a44eec1ed1af2c4c403df6b/6a44eec1ed1af2c4c403e7e1_Feature%20icon-1.png
Reusing existing connection to [cdn.prod.website-files.com]:443.
HTTP request sent, awaiting response... 200 OK
Length: 365 [image/png]
Saving to: ‘cdn.prod.website-files.com/6a44eec1ed1af2c4c403df6b/6a44eec1ed1af2c4c403e7e1_Feature icon-1.png’

     0K                                                       100% 1.78G=0s

2026-09-12 19:17:13 (1.78 GB/s) - ‘cdn.prod.website-files.com/6a44eec1ed1af2c4c403df6b/6a44eec1ed1af2c4c403e7e1_Feature icon-1.png’ saved [365/365]

--2026-09-12 19:17:13--  https://cdn.prod.website-files.com/6a44eec1ed1af2c4c403df6b/6a44eec1ed1af2c4c403e978_truck-mb-head.avif
Reusing existing connection to [cdn.prod.website-files.com]:443.
HTTP request sent, awaiting response... 200 OK
Length: 6924 (6.8K) [image/avif]
Saving to: ‘cdn.prod.website-files.com/6a44eec1ed1af2c4c403df6b/6a44eec1ed1af2c4c403e978_truck-mb-head.avif’

     0K ......                                                100%  276M=0s

2026-09-12 19:17:13 (276 MB/s) - ‘cdn.prod.website-files.com/6a44eec1ed1af2c4c403df6b/6a44eec1ed1af2c4c403e978_truck-mb-head.avif’ saved [6924/6924]

--2026-09-12 19:17:13--  https://cdn.prod.website-files.com/6a44eec1ed1af2c4c403df6b/6a44eec1ed1af2c4c403e979_truck-mb-container.avif
Reusing existing connection to [cdn.prod.website-files.com]:443.
HTTP request sent, awaiting response... 200 OK
Length: 2635 (2.6K) [image/avif]
Saving to: ‘cdn.prod.website-files.com/6a44eec1ed1af2c4c403df6b/6a44eec1ed1af2c4c403e979_truck-mb-container.avif’

     0K ..                                                    100% 91.0M=0s

2026-09-12 19:17:13 (91.0 MB/s) - ‘cdn.prod.website-files.com/6a44eec1ed1af2c4c403df6b/6a44eec1ed1af2c4c403e979_truck-mb-container.avif’ saved [2635/2635]

--2026-09-12 19:17:13--  https://cdn.prod.website-files.com/6a44eec1ed1af2c4c403df6b/6a44eec1ed1af2c4c403e981_a44825c5ffe02b6cfe7c994f6b46794b_ocean%20%281%29.jpg
Reusing existing connection to [cdn.prod.website-files.com]:443.
HTTP request sent, awaiting response... 200 OK
Length: 75487 (74K) [image/jpeg]
Saving to: ‘cdn.prod.website-files.com/6a44eec1ed1af2c4c403df6b/6a44eec1ed1af2c4c403e981_a44825c5ffe02b6cfe7c994f6b46794b_ocean (1).jpg’

     0K .......... .......... .......... .......... .......... 67% 5.02M 0s
    50K .......... .......... ...                             100% 6.28M=0.01s

2026-09-12 19:17:13 (5.37 MB/s) - ‘cdn.prod.website-files.com/6a44eec1ed1af2c4c403df6b/6a44eec1ed1af2c4c403e981_a44825c5ffe02b6cfe7c994f6b46794b_ocean (1).jpg’ saved [75487/75487]

--2026-09-12 19:17:13--  https://cdn.prod.website-files.com/6a44eec1ed1af2c4c403df6b/6a44eec1ed1af2c4c403e981_a44825c5ffe02b6cfe7c994f6b46794b_ocean%20%281%29-p-500.jpg
Reusing existing connection to [cdn.prod.website-files.com]:443.
HTTP request sent, awaiting response... 200 OK
Length: 15574 (15K) [image/jpg]
Saving to: ‘cdn.prod.website-files.com/6a44eec1ed1af2c4c403df6b/6a44eec1ed1af2c4c403e981_a44825c5ffe02b6cfe7c994f6b46794b_ocean (1)-p-500.jpg’

     0K .......... .....                                      100% 19.3M=0.001s

2026-09-12 19:17:13 (19.3 MB/s) - ‘cdn.prod.website-files.com/6a44eec1ed1af2c4c403df6b/6a44eec1ed1af2c4c403e981_a44825c5ffe02b6cfe7c994f6b46794b_ocean (1)-p-500.jpg’ saved [15574/15574]

--2026-09-12 19:17:13--  https://cdn.prod.website-files.com/6a44eec1ed1af2c4c403df6b/6a44eec1ed1af2c4c403e981_a44825c5ffe02b6cfe7c994f6b46794b_ocean%20%281%29-p-800.jpg
Reusing existing connection to [cdn.prod.website-files.com]:443.
HTTP request sent, awaiting response... 200 OK
Length: 31894 (31K) [image/jpg]
Saving to: ‘cdn.prod.website-files.com/6a44eec1ed1af2c4c403df6b/6a44eec1ed1af2c4c403e981_a44825c5ffe02b6cfe7c994f6b46794b_ocean (1)-p-800.jpg’

     0K .......... .......... .......... .                    100% 5.31M=0.006s

2026-09-12 19:17:13 (5.31 MB/s) - ‘cdn.prod.website-files.com/6a44eec1ed1af2c4c403df6b/6a44eec1ed1af2c4c403e981_a44825c5ffe02b6cfe7c994f6b46794b_ocean (1)-p-800.jpg’ saved [31894/31894]

--2026-09-12 19:17:13--  https://unitedcarriers.com/&quot;https://cdn.prod.website-files.com/6a44eec1ed1af2c4c403df6b%2F6a460d6f92801e715322d1d6_Sea-wave-2%20%281%29_poster.0000000.jpg&quot;
Connecting to unitedcarriers.com (unitedcarriers.com)|198.202.211.1|:443... connected.
HTTP request sent, awaiting response... 404 Not Found
2026-09-12 19:17:18 ERROR 404: Not Found.

--2026-09-12 19:17:18--  https://cdn.prod.website-files.com/6a44eec1ed1af2c4c403df6b/6a44eec1ed1af2c4c403e800_home-ship.avif
Connecting to cdn.prod.website-files.com (cdn.prod.website-files.com)|2606:4700::6812:a175|:443... connected.
HTTP request sent, awaiting response... 200 OK
Length: 128755 (126K) [image/avif]
Saving to: ‘cdn.prod.website-files.com/6a44eec1ed1af2c4c403df6b/6a44eec1ed1af2c4c403e800_home-ship.avif’

     0K .......... .......... .......... .......... .......... 39% 2.88M 0s
    50K .......... .......... .......... .......... .......... 79% 4.58M 0s
   100K .......... .......... .....                           100% 14.1M=0.03s

2026-09-12 19:17:18 (4.17 MB/s) - ‘cdn.prod.website-files.com/6a44eec1ed1af2c4c403df6b/6a44eec1ed1af2c4c403e800_home-ship.avif’ saved [128755/128755]

--2026-09-12 19:17:18--  https://cdn.prod.website-files.com/6a44eec1ed1af2c4c403df6b/6a44eec1ed1af2c4c403e800_8aa50e50c5fea99b2f9a69b1f6b8a3a0_home-ship-p-500.avif
Reusing existing connection to [cdn.prod.website-files.com]:443.
HTTP request sent, awaiting response... 200 OK
Length: 74628 (73K) [image/avif]
Saving to: ‘cdn.prod.website-files.com/6a44eec1ed1af2c4c403df6b/6a44eec1ed1af2c4c403e800_8aa50e50c5fea99b2f9a69b1f6b8a3a0_home-ship-p-500.avif’

     0K .......... .......... .......... .......... .......... 68% 12.5M 0s
    50K .......... .......... ..                              100% 1.84M=0.02s

2026-09-12 19:17:19 (4.43 MB/s) - ‘cdn.prod.website-files.com/6a44eec1ed1af2c4c403df6b/6a44eec1ed1af2c4c403e800_8aa50e50c5fea99b2f9a69b1f6b8a3a0_home-ship-p-500.avif’ saved [74628/74628]

--2026-09-12 19:17:19--  https://cdn.prod.website-files.com/6a44eec1ed1af2c4c403df6b/6a44eec1ed1af2c4c403e983_5fe1ad5b1eb8976490145b07d37337c5_home-ship-mb.avif
Reusing existing connection to [cdn.prod.website-files.com]:443.
HTTP request sent, awaiting response... 200 OK
Length: 179586 (175K) [image/avif]
Saving to: ‘cdn.prod.website-files.com/6a44eec1ed1af2c4c403df6b/6a44eec1ed1af2c4c403e983_5fe1ad5b1eb8976490145b07d37337c5_home-ship-mb.avif’

     0K .......... .......... .......... .......... .......... 28% 22.5M 0s
    50K .......... .......... .......... .......... .......... 57% 15.1M 0s
   100K .......... .......... .......... .......... .......... 85% 12.4M 0s
   150K .......... .......... .....                           100% 2.82M=0.02s

2026-09-12 19:17:19 (9.46 MB/s) - ‘cdn.prod.website-files.com/6a44eec1ed1af2c4c403df6b/6a44eec1ed1af2c4c403e983_5fe1ad5b1eb8976490145b07d37337c5_home-ship-mb.avif’ saved [179586/179586]

--2026-09-12 19:17:19--  https://cdn.prod.website-files.com/6a44eec1ed1af2c4c403df6b/6a44eec1ed1af2c4c403e983_5fe1ad5b1eb8976490145b07d37337c5_home-ship-mb-p-500.avif
Reusing existing connection to [cdn.prod.website-files.com]:443.
HTTP request sent, awaiting response... 200 OK
Length: 81155 (79K) [image/avif]
Saving to: ‘cdn.prod.website-files.com/6a44eec1ed1af2c4c403df6b/6a44eec1ed1af2c4c403e983_5fe1ad5b1eb8976490145b07d37337c5_home-ship-mb-p-500.avif’

     0K .......... .......... .......... .......... .......... 63% 10.4M 0s
    50K .......... .......... .........                       100% 3.34M=0.01s

2026-09-12 19:17:19 (5.85 MB/s) - ‘cdn.prod.website-files.com/6a44eec1ed1af2c4c403df6b/6a44eec1ed1af2c4c403e983_5fe1ad5b1eb8976490145b07d37337c5_home-ship-mb-p-500.avif’ saved [81155/81155]

--2026-09-12 19:17:19--  https://cdn.prod.website-files.com/6a44eec1ed1af2c4c403df6b/6a44eec1ed1af2c4c403e980_home-ship-bot.avif
Reusing existing connection to [cdn.prod.website-files.com]:443.
HTTP request sent, awaiting response... 200 OK
Length: 7738 (7.6K) [image/avif]
Saving to: ‘cdn.prod.website-files.com/6a44eec1ed1af2c4c403df6b/6a44eec1ed1af2c4c403e980_home-ship-bot.avif’

     0K .......                                               100%  129M=0s

2026-09-12 19:17:19 (129 MB/s) - ‘cdn.prod.website-files.com/6a44eec1ed1af2c4c403df6b/6a44eec1ed1af2c4c403e980_home-ship-bot.avif’ saved [7738/7738]

--2026-09-12 19:17:19--  https://cdn.prod.website-files.com/6a44eec1ed1af2c4c403df6b/6a44eec1ed1af2c4c403e980_f9e5303a02e3b19e9bdf0edd9a8106c9_home-ship-bot-p-500.avif
Reusing existing connection to [cdn.prod.website-files.com]:443.
HTTP request sent, awaiting response... 200 OK
Length: 5098 (5.0K) [image/avif]
Saving to: ‘cdn.prod.website-files.com/6a44eec1ed1af2c4c403df6b/6a44eec1ed1af2c4c403e980_f9e5303a02e3b19e9bdf0edd9a8106c9_home-ship-bot-p-500.avif’

     0K ....                                                  100%  157M=0s

2026-09-12 19:17:19 (157 MB/s) - ‘cdn.prod.website-files.com/6a44eec1ed1af2c4c403df6b/6a44eec1ed1af2c4c403e980_f9e5303a02e3b19e9bdf0edd9a8106c9_home-ship-bot-p-500.avif’ saved [5098/5098]

--2026-09-12 19:17:19--  https://cdn.prod.website-files.com/6a44eec1ed1af2c4c403df6b/6a44eec1ed1af2c4c403e982_99edc7aee5651267960c63b2edc940d5_home-ship-bot-mb.avif
Reusing existing connection to [cdn.prod.website-files.com]:443.
HTTP request sent, awaiting response... 200 OK
Length: 9366 (9.1K) [image/avif]
Saving to: ‘cdn.prod.website-files.com/6a44eec1ed1af2c4c403df6b/6a44eec1ed1af2c4c403e982_99edc7aee5651267960c63b2edc940d5_home-ship-bot-mb.avif’

     0K .........                                             100%  807M=0s

2026-09-12 19:17:19 (807 MB/s) - ‘cdn.prod.website-files.com/6a44eec1ed1af2c4c403df6b/6a44eec1ed1af2c4c403e982_99edc7aee5651267960c63b2edc940d5_home-ship-bot-mb.avif’ saved [9366/9366]

--2026-09-12 19:17:19--  https://cdn.prod.website-files.com/6a44eec1ed1af2c4c403df6b/6a44eec1ed1af2c4c403e804_cloud-left.avif
Reusing existing connection to [cdn.prod.website-files.com]:443.
HTTP request sent, awaiting response... 200 OK
Length: 18643 (18K) [image/avif]
Saving to: ‘cdn.prod.website-files.com/6a44eec1ed1af2c4c403df6b/6a44eec1ed1af2c4c403e804_cloud-left.avif’

     0K .......... ........                                   100% 2.26M=0.008s

2026-09-12 19:17:19 (2.26 MB/s) - ‘cdn.prod.website-files.com/6a44eec1ed1af2c4c403df6b/6a44eec1ed1af2c4c403e804_cloud-left.avif’ saved [18643/18643]

--2026-09-12 19:17:19--  https://cdn.prod.website-files.com/6a44eec1ed1af2c4c403df6b/6a44eec1ed1af2c4c403e804_cloud-left-p-500.avif
Reusing existing connection to [cdn.prod.website-files.com]:443.
HTTP request sent, awaiting response... 200 OK
Length: 2024 (2.0K) [image/avif]
Saving to: ‘cdn.prod.website-files.com/6a44eec1ed1af2c4c403df6b/6a44eec1ed1af2c4c403e804_cloud-left-p-500.avif’

     0K .                                                     100% 59.1M=0s

2026-09-12 19:17:20 (59.1 MB/s) - ‘cdn.prod.website-files.com/6a44eec1ed1af2c4c403df6b/6a44eec1ed1af2c4c403e804_cloud-left-p-500.avif’ saved [2024/2024]

--2026-09-12 19:17:20--  https://cdn.prod.website-files.com/6a44eec1ed1af2c4c403df6b/6a44eec1ed1af2c4c403e804_cloud-left-p-800.avif
Reusing existing connection to [cdn.prod.website-files.com]:443.
HTTP request sent, awaiting response... 200 OK
Length: 3245 (3.2K) [image/avif]
Saving to: ‘cdn.prod.website-files.com/6a44eec1ed1af2c4c403df6b/6a44eec1ed1af2c4c403e804_cloud-left-p-800.avif’

     0K ...                                                   100% 84.5M=0s

2026-09-12 19:17:20 (84.5 MB/s) - ‘cdn.prod.website-files.com/6a44eec1ed1af2c4c403df6b/6a44eec1ed1af2c4c403e804_cloud-left-p-800.avif’ saved [3245/3245]

--2026-09-12 19:17:20--  https://cdn.prod.website-files.com/6a44eec1ed1af2c4c403df6b/6a44eec1ed1af2c4c403e804_cloud-left-p-1080.avif
Reusing existing connection to [cdn.prod.website-files.com]:443.
HTTP request sent, awaiting response... 200 OK
Length: 4296 (4.2K) [image/avif]
Saving to: ‘cdn.prod.website-files.com/6a44eec1ed1af2c4c403df6b/6a44eec1ed1af2c4c403e804_cloud-left-p-1080.avif’

     0K ....                                                  100%  114M=0s

2026-09-12 19:17:20 (114 MB/s) - ‘cdn.prod.website-files.com/6a44eec1ed1af2c4c403df6b/6a44eec1ed1af2c4c403e804_cloud-left-p-1080.avif’ saved [4296/4296]

--2026-09-12 19:17:20--  https://cdn.prod.website-files.com/6a44eec1ed1af2c4c403df6b/6a44eec1ed1af2c4c403e803_cloud-right.avif
Reusing existing connection to [cdn.prod.website-files.com]:443.
HTTP request sent, awaiting response... 200 OK
Length: 37249 (36K) [image/avif]
Saving to: ‘cdn.prod.website-files.com/6a44eec1ed1af2c4c403df6b/6a44eec1ed1af2c4c403e803_cloud-right.avif’

     0K .......... .......... .......... ......               100% 19.3M=0.002s

2026-09-12 19:17:20 (19.3 MB/s) - ‘cdn.prod.website-files.com/6a44eec1ed1af2c4c403df6b/6a44eec1ed1af2c4c403e803_cloud-right.avif’ saved [37249/37249]

--2026-09-12 19:17:20--  https://cdn.prod.website-files.com/6a44eec1ed1af2c4c403df6b/6a44eec1ed1af2c4c403e803_cloud-right-p-500.avif
Reusing existing connection to [cdn.prod.website-files.com]:443.
HTTP request sent, awaiting response... 200 OK
Length: 1727 (1.7K) [image/avif]
Saving to: ‘cdn.prod.website-files.com/6a44eec1ed1af2c4c403df6b/6a44eec1ed1af2c4c403e803_cloud-right-p-500.avif’

     0K .                                                     100% 58.1M=0s

2026-09-12 19:17:20 (58.1 MB/s) - ‘cdn.prod.website-files.com/6a44eec1ed1af2c4c403df6b/6a44eec1ed1af2c4c403e803_cloud-right-p-500.avif’ saved [1727/1727]

--2026-09-12 19:17:20--  https://cdn.prod.website-files.com/6a44eec1ed1af2c4c403df6b/6a44eec1ed1af2c4c403e803_cloud-right-p-800.avif
Reusing existing connection to [cdn.prod.website-files.com]:443.
HTTP request sent, awaiting response... 200 OK
Length: 2816 (2.8K) [image/avif]
Saving to: ‘cdn.prod.website-files.com/6a44eec1ed1af2c4c403df6b/6a44eec1ed1af2c4c403e803_cloud-right-p-800.avif’

     0K ..                                                    100% 83.3M=0s

2026-09-12 19:17:20 (83.3 MB/s) - ‘cdn.prod.website-files.com/6a44eec1ed1af2c4c403df6b/6a44eec1ed1af2c4c403e803_cloud-right-p-800.avif’ saved [2816/2816]

--2026-09-12 19:17:20--  https://cdn.prod.website-files.com/6a44eec1ed1af2c4c403df6b/6a44eec1ed1af2c4c403e803_cloud-right-p-1080.avif
Reusing existing connection to [cdn.prod.website-files.com]:443.
HTTP request sent, awaiting response... 200 OK
Length: 3894 (3.8K) [image/avif]
Saving to: ‘cdn.prod.website-files.com/6a44eec1ed1af2c4c403df6b/6a44eec1ed1af2c4c403e803_cloud-right-p-1080.avif’

     0K ...                                                   100% 95.7M=0s

2026-09-12 19:17:21 (95.7 MB/s) - ‘cdn.prod.website-files.com/6a44eec1ed1af2c4c403df6b/6a44eec1ed1af2c4c403e803_cloud-right-p-1080.avif’ saved [3894/3894]

--2026-09-12 19:17:21--  https://cdn.prod.website-files.com/6a44eec1ed1af2c4c403df6b/6a44eec1ed1af2c4c403e805_cloud-bottom.avif
Reusing existing connection to [cdn.prod.website-files.com]:443.
HTTP request sent, awaiting response... 200 OK
Length: 24633 (24K) [image/avif]
Saving to: ‘cdn.prod.website-files.com/6a44eec1ed1af2c4c403df6b/6a44eec1ed1af2c4c403e805_cloud-bottom.avif’

     0K .......... .......... ....                            100% 24.2M=0.001s

2026-09-12 19:17:21 (24.2 MB/s) - ‘cdn.prod.website-files.com/6a44eec1ed1af2c4c403df6b/6a44eec1ed1af2c4c403e805_cloud-bottom.avif’ saved [24633/24633]

--2026-09-12 19:17:21--  https://cdn.prod.website-files.com/6a44eec1ed1af2c4c403df6b/6a44eec1ed1af2c4c403e805_ad8653df33c2c4cf5c85fc9815a7d072_cloud-bottom-p-500.avif
Reusing existing connection to [cdn.prod.website-files.com]:443.
HTTP request sent, awaiting response... 200 OK
Length: 2452 (2.4K) [image/avif]
Saving to: ‘cdn.prod.website-files.com/6a44eec1ed1af2c4c403df6b/6a44eec1ed1af2c4c403e805_ad8653df33c2c4cf5c85fc9815a7d072_cloud-bottom-p-500.avif’

     0K ..                                                    100% 59.2M=0s

2026-09-12 19:17:21 (59.2 MB/s) - ‘cdn.prod.website-files.com/6a44eec1ed1af2c4c403df6b/6a44eec1ed1af2c4c403e805_ad8653df33c2c4cf5c85fc9815a7d072_cloud-bottom-p-500.avif’ saved [2452/2452]

--2026-09-12 19:17:21--  https://cdn.prod.website-files.com/6a44eec1ed1af2c4c403df6b/6a44eec1ed1af2c4c403e805_ad8653df33c2c4cf5c85fc9815a7d072_cloud-bottom-p-800.avif
Reusing existing connection to [cdn.prod.website-files.com]:443.
HTTP request sent, awaiting response... 200 OK
Length: 3737 (3.6K) [image/avif]
Saving to: ‘cdn.prod.website-files.com/6a44eec1ed1af2c4c403df6b/6a44eec1ed1af2c4c403e805_ad8653df33c2c4cf5c85fc9815a7d072_cloud-bottom-p-800.avif’

     0K ...                                                   100% 90.7M=0s

2026-09-12 19:17:21 (90.7 MB/s) - ‘cdn.prod.website-files.com/6a44eec1ed1af2c4c403df6b/6a44eec1ed1af2c4c403e805_ad8653df33c2c4cf5c85fc9815a7d072_cloud-bottom-p-800.avif’ saved [3737/3737]

--2026-09-12 19:17:21--  https://cdn.prod.website-files.com/6a44eec1ed1af2c4c403df6b/6a44eec1ed1af2c4c403e805_ad8653df33c2c4cf5c85fc9815a7d072_cloud-bottom-p-1080.avif
Reusing existing connection to [cdn.prod.website-files.com]:443.
HTTP request sent, awaiting response... 200 OK
Length: 4712 (4.6K) [image/avif]
Saving to: ‘cdn.prod.website-files.com/6a44eec1ed1af2c4c403df6b/6a44eec1ed1af2c4c403e805_ad8653df33c2c4cf5c85fc9815a7d072_cloud-bottom-p-1080.avif’

     0K ....                                                  100% 95.3M=0s

2026-09-12 19:17:22 (95.3 MB/s) - ‘cdn.prod.website-files.com/6a44eec1ed1af2c4c403df6b/6a44eec1ed1af2c4c403e805_ad8653df33c2c4cf5c85fc9815a7d072_cloud-bottom-p-1080.avif’ saved [4712/4712]

--2026-09-12 19:17:22--  https://cdn.prod.website-files.com/6a44eec1ed1af2c4c403df6b/6a44eec1ed1af2c4c403e809_cloud-template.avif
Reusing existing connection to [cdn.prod.website-files.com]:443.
HTTP request sent, awaiting response... 200 OK
Length: 21562 (21K) [image/avif]
Saving to: ‘cdn.prod.website-files.com/6a44eec1ed1af2c4c403df6b/6a44eec1ed1af2c4c403e809_cloud-template.avif’

     0K .......... .......... .                               100%  407M=0s

2026-09-12 19:17:22 (407 MB/s) - ‘cdn.prod.website-files.com/6a44eec1ed1af2c4c403df6b/6a44eec1ed1af2c4c403e809_cloud-template.avif’ saved [21562/21562]

--2026-09-12 19:17:22--  https://cdn.prod.website-files.com/6a44eec1ed1af2c4c403df6b/6a44eec1ed1af2c4c403e809_98951bc8cac37251c424d7c1d617becc_cloud-template-p-500.avif
Reusing existing connection to [cdn.prod.website-files.com]:443.
HTTP request sent, awaiting response... 200 OK
Length: 4923 (4.8K) [image/avif]
Saving to: ‘cdn.prod.website-files.com/6a44eec1ed1af2c4c403df6b/6a44eec1ed1af2c4c403e809_98951bc8cac37251c424d7c1d617becc_cloud-template-p-500.avif’

     0K ....                                                  100%  133M=0s

2026-09-12 19:17:22 (133 MB/s) - ‘cdn.prod.website-files.com/6a44eec1ed1af2c4c403df6b/6a44eec1ed1af2c4c403e809_98951bc8cac37251c424d7c1d617becc_cloud-template-p-500.avif’ saved [4923/4923]

--2026-09-12 19:17:22--  https://cdn.prod.website-files.com/6a44eec1ed1af2c4c403df6b/6a44eec1ed1af2c4c403e809_98951bc8cac37251c424d7c1d617becc_cloud-template-p-800.avif
Reusing existing connection to [cdn.prod.website-files.com]:443.
HTTP request sent, awaiting response... 200 OK
Length: 8098 (7.9K) [image/avif]
Saving to: ‘cdn.prod.website-files.com/6a44eec1ed1af2c4c403df6b/6a44eec1ed1af2c4c403e809_98951bc8cac37251c424d7c1d617becc_cloud-template-p-800.avif’

     0K .......                                               100%  159M=0s

2026-09-12 19:17:22 (159 MB/s) - ‘cdn.prod.website-files.com/6a44eec1ed1af2c4c403df6b/6a44eec1ed1af2c4c403e809_98951bc8cac37251c424d7c1d617becc_cloud-template-p-800.avif’ saved [8098/8098]

--2026-09-12 19:17:22--  https://cdn.prod.website-files.com/6a44eec1ed1af2c4c403df6b/6a44eec1ed1af2c4c403e809_98951bc8cac37251c424d7c1d617becc_cloud-template-p-1080.avif
Reusing existing connection to [cdn.prod.website-files.com]:443.
HTTP request sent, awaiting response... 200 OK
Length: 10653 (10K) [image/avif]
Saving to: ‘cdn.prod.website-files.com/6a44eec1ed1af2c4c403df6b/6a44eec1ed1af2c4c403e809_98951bc8cac37251c424d7c1d617becc_cloud-template-p-1080.avif’

     0K ..........                                            100%  314M=0s

2026-09-12 19:17:22 (314 MB/s) - ‘cdn.prod.website-files.com/6a44eec1ed1af2c4c403df6b/6a44eec1ed1af2c4c403e809_98951bc8cac37251c424d7c1d617becc_cloud-template-p-1080.avif’ saved [10653/10653]

--2026-09-12 19:17:22--  https://cdn.prod.website-files.com/6a44eec1ed1af2c4c403df6b/6a44eec1ed1af2c4c403e7d5_wu-1.png
Reusing existing connection to [cdn.prod.website-files.com]:443.
HTTP request sent, awaiting response... 200 OK
Length: 455 [image/png]
Saving to: ‘cdn.prod.website-files.com/6a44eec1ed1af2c4c403df6b/6a44eec1ed1af2c4c403e7d5_wu-1.png’

     0K                                                       100% 21.6M=0s

2026-09-12 19:17:22 (21.6 MB/s) - ‘cdn.prod.website-files.com/6a44eec1ed1af2c4c403df6b/6a44eec1ed1af2c4c403e7d5_wu-1.png’ saved [455/455]

--2026-09-12 19:17:22--  https://cdn.prod.website-files.com/6a44eec1ed1af2c4c403df6b/6a44eec1ed1af2c4c403e7d8_wu-2.png
Reusing existing connection to [cdn.prod.website-files.com]:443.
HTTP request sent, awaiting response... 200 OK
Length: 432 [image/png]
Saving to: ‘cdn.prod.website-files.com/6a44eec1ed1af2c4c403df6b/6a44eec1ed1af2c4c403e7d8_wu-2.png’

     0K                                                       100% 15.8M=0s

2026-09-12 19:17:23 (15.8 MB/s) - ‘cdn.prod.website-files.com/6a44eec1ed1af2c4c403df6b/6a44eec1ed1af2c4c403e7d8_wu-2.png’ saved [432/432]

--2026-09-12 19:17:23--  https://cdn.prod.website-files.com/6a44eec1ed1af2c4c403df6b/6a44eec1ed1af2c4c403e7d7_wu-3.png
Reusing existing connection to [cdn.prod.website-files.com]:443.
HTTP request sent, awaiting response... 200 OK
Length: 463 [image/png]
Saving to: ‘cdn.prod.website-files.com/6a44eec1ed1af2c4c403df6b/6a44eec1ed1af2c4c403e7d7_wu-3.png’

     0K                                                       100% 12.6M=0s

2026-09-12 19:17:23 (12.6 MB/s) - ‘cdn.prod.website-files.com/6a44eec1ed1af2c4c403df6b/6a44eec1ed1af2c4c403e7d7_wu-3.png’ saved [463/463]

--2026-09-12 19:17:23--  https://cdn.prod.website-files.com/6a44eec1ed1af2c4c403df6b/6a44eec1ed1af2c4c403e7d6_wu-4.png
Reusing existing connection to [cdn.prod.website-files.com]:443.
HTTP request sent, awaiting response... 200 OK
Length: 382 [image/png]
Saving to: ‘cdn.prod.website-files.com/6a44eec1ed1af2c4c403df6b/6a44eec1ed1af2c4c403e7d6_wu-4.png’

     0K                                                       100% 6.91M=0s

2026-09-12 19:17:23 (6.91 MB/s) - ‘cdn.prod.website-files.com/6a44eec1ed1af2c4c403df6b/6a44eec1ed1af2c4c403e7d6_wu-4.png’ saved [382/382]

--2026-09-12 19:17:23--  https://cdn.prod.website-files.com/6a44eec1ed1af2c4c403df6b/6a44eec1ed1af2c4c403e7d9_wu-5.png
Reusing existing connection to [cdn.prod.website-files.com]:443.
HTTP request sent, awaiting response... 200 OK
Length: 373 [image/png]
Saving to: ‘cdn.prod.website-files.com/6a44eec1ed1af2c4c403df6b/6a44eec1ed1af2c4c403e7d9_wu-5.png’

     0K                                                       100% 8.11M=0s

2026-09-12 19:17:23 (8.11 MB/s) - ‘cdn.prod.website-files.com/6a44eec1ed1af2c4c403df6b/6a44eec1ed1af2c4c403e7d9_wu-5.png’ saved [373/373]

--2026-09-12 19:17:23--  https://cdn.prod.website-files.com/6a44eec1ed1af2c4c403df6b/6a44eec1ed1af2c4c403e80a_plain.avif
Reusing existing connection to [cdn.prod.website-files.com]:443.
HTTP request sent, awaiting response... 200 OK
Length: 57348 (56K) [image/avif]
Saving to: ‘cdn.prod.website-files.com/6a44eec1ed1af2c4c403df6b/6a44eec1ed1af2c4c403e80a_plain.avif’

     0K .......... .......... .......... .......... .......... 89% 4.80M 0s
    50K ......                                                100% 70.5M=0.01s

2026-09-12 19:17:23 (5.33 MB/s) - ‘cdn.prod.website-files.com/6a44eec1ed1af2c4c403df6b/6a44eec1ed1af2c4c403e80a_plain.avif’ saved [57348/57348]

--2026-09-12 19:17:23--  https://cdn.prod.website-files.com/6a44eec1ed1af2c4c403df6b/6a44eec1ed1af2c4c403e80a_7c37c07d7806d002bd48cbd8cdd56922_plain-p-500.avif
Reusing existing connection to [cdn.prod.website-files.com]:443.
HTTP request sent, awaiting response... 200 OK
Length: 12010 (12K) [image/avif]
Saving to: ‘cdn.prod.website-files.com/6a44eec1ed1af2c4c403df6b/6a44eec1ed1af2c4c403e80a_7c37c07d7806d002bd48cbd8cdd56922_plain-p-500.avif’

     0K .......... .                                          100%  332M=0s

2026-09-12 19:17:23 (332 MB/s) - ‘cdn.prod.website-files.com/6a44eec1ed1af2c4c403df6b/6a44eec1ed1af2c4c403e80a_7c37c07d7806d002bd48cbd8cdd56922_plain-p-500.avif’ saved [12010/12010]

--2026-09-12 19:17:23--  https://cdn.prod.website-files.com/6a44eec1ed1af2c4c403df6b/6a44eec1ed1af2c4c403e80a_7c37c07d7806d002bd48cbd8cdd56922_plain-p-800.avif
Reusing existing connection to [cdn.prod.website-files.com]:443.
HTTP request sent, awaiting response... 200 OK
Length: 20709 (20K) [image/avif]
Saving to: ‘cdn.prod.website-files.com/6a44eec1ed1af2c4c403df6b/6a44eec1ed1af2c4c403e80a_7c37c07d7806d002bd48cbd8cdd56922_plain-p-800.avif’

     0K .......... ..........                                 100% 13.0M=0.002s

2026-09-12 19:17:23 (13.0 MB/s) - ‘cdn.prod.website-files.com/6a44eec1ed1af2c4c403df6b/6a44eec1ed1af2c4c403e80a_7c37c07d7806d002bd48cbd8cdd56922_plain-p-800.avif’ saved [20709/20709]

--2026-09-12 19:17:23--  https://cdn.prod.website-files.com/6a44eec1ed1af2c4c403df6b/6a44eec1ed1af2c4c403e80a_7c37c07d7806d002bd48cbd8cdd56922_plain-p-1080.avif
Reusing existing connection to [cdn.prod.website-files.com]:443.
HTTP request sent, awaiting response... 200 OK
Length: 29203 (29K) [image/avif]
Saving to: ‘cdn.prod.website-files.com/6a44eec1ed1af2c4c403df6b/6a44eec1ed1af2c4c403e80a_7c37c07d7806d002bd48cbd8cdd56922_plain-p-1080.avif’

     0K .......... .......... ........                        100% 5.47M=0.005s

2026-09-12 19:17:23 (5.47 MB/s) - ‘cdn.prod.website-files.com/6a44eec1ed1af2c4c403df6b/6a44eec1ed1af2c4c403e80a_7c37c07d7806d002bd48cbd8cdd56922_plain-p-1080.avif’ saved [29203/29203]

--2026-09-12 19:17:23--  https://cdn.prod.website-files.com/6a44eec1ed1af2c4c403df6b/6a44eec1ed1af2c4c403e80a_7c37c07d7806d002bd48cbd8cdd56922_plain-p-1600.avif
Reusing existing connection to [cdn.prod.website-files.com]:443.
HTTP request sent, awaiting response... 200 OK
Length: 45287 (44K) [image/avif]
Saving to: ‘cdn.prod.website-files.com/6a44eec1ed1af2c4c403df6b/6a44eec1ed1af2c4c403e80a_7c37c07d7806d002bd48cbd8cdd56922_plain-p-1600.avif’

     0K .......... .......... .......... .......... ....      100% 4.22M=0.01s

2026-09-12 19:17:23 (4.22 MB/s) - ‘cdn.prod.website-files.com/6a44eec1ed1af2c4c403df6b/6a44eec1ed1af2c4c403e80a_7c37c07d7806d002bd48cbd8cdd56922_plain-p-1600.avif’ saved [45287/45287]

--2026-09-12 19:17:23--  https://cdn.prod.website-files.com/6a44eec1ed1af2c4c403df6b/6a4643cf35ba763600252b10_9a50c563060c5806d014a6c46ec4593c_plain-blur.avif
Reusing existing connection to [cdn.prod.website-files.com]:443.
HTTP request sent, awaiting response... 200 OK
Length: 25430 (25K) [image/avif]
Saving to: ‘cdn.prod.website-files.com/6a44eec1ed1af2c4c403df6b/6a4643cf35ba763600252b10_9a50c563060c5806d014a6c46ec4593c_plain-blur.avif’

     0K .......... .......... ....                            100% 3.66M=0.007s

2026-09-12 19:17:23 (3.66 MB/s) - ‘cdn.prod.website-files.com/6a44eec1ed1af2c4c403df6b/6a4643cf35ba763600252b10_9a50c563060c5806d014a6c46ec4593c_plain-blur.avif’ saved [25430/25430]

--2026-09-12 19:17:23--  https://cdn.prod.website-files.com/6a44eec1ed1af2c4c403df6b/6a4643cf35ba763600252b10_9a50c563060c5806d014a6c46ec4593c_plain-blur-p-500.avif
Reusing existing connection to [cdn.prod.website-files.com]:443.
HTTP request sent, awaiting response... 200 OK
Length: 6093 (6.0K) [image/avif]
Saving to: ‘cdn.prod.website-files.com/6a44eec1ed1af2c4c403df6b/6a4643cf35ba763600252b10_9a50c563060c5806d014a6c46ec4593c_plain-blur-p-500.avif’

     0K .....                                                 100%  184M=0s

2026-09-12 19:17:23 (184 MB/s) - ‘cdn.prod.website-files.com/6a44eec1ed1af2c4c403df6b/6a4643cf35ba763600252b10_9a50c563060c5806d014a6c46ec4593c_plain-blur-p-500.avif’ saved [6093/6093]

--2026-09-12 19:17:23--  https://cdn.prod.website-files.com/6a44eec1ed1af2c4c403df6b/6a4643cf35ba763600252b10_9a50c563060c5806d014a6c46ec4593c_plain-blur-p-800.avif
Reusing existing connection to [cdn.prod.website-files.com]:443.
HTTP request sent, awaiting response... 200 OK
Length: 10551 (10K) [image/avif]
Saving to: ‘cdn.prod.website-files.com/6a44eec1ed1af2c4c403df6b/6a4643cf35ba763600252b10_9a50c563060c5806d014a6c46ec4593c_plain-blur-p-800.avif’

     0K ..........                                            100% 8.18M=0.001s

2026-09-12 19:17:23 (8.18 MB/s) - ‘cdn.prod.website-files.com/6a44eec1ed1af2c4c403df6b/6a4643cf35ba763600252b10_9a50c563060c5806d014a6c46ec4593c_plain-blur-p-800.avif’ saved [10551/10551]

--2026-09-12 19:17:23--  https://cdn.prod.website-files.com/6a44eec1ed1af2c4c403df6b/6a4643cf35ba763600252b10_9a50c563060c5806d014a6c46ec4593c_plain-blur-p-1080.avif
Reusing existing connection to [cdn.prod.website-files.com]:443.
HTTP request sent, awaiting response... 200 OK
Length: 16261 (16K) [image/avif]
Saving to: ‘cdn.prod.website-files.com/6a44eec1ed1af2c4c403df6b/6a4643cf35ba763600252b10_9a50c563060c5806d014a6c46ec4593c_plain-blur-p-1080.avif’

     0K .......... .....                                      100%  208M=0s

2026-09-12 19:17:23 (208 MB/s) - ‘cdn.prod.website-files.com/6a44eec1ed1af2c4c403df6b/6a4643cf35ba763600252b10_9a50c563060c5806d014a6c46ec4593c_plain-blur-p-1080.avif’ saved [16261/16261]

--2026-09-12 19:17:23--  https://cdn.prod.website-files.com/6a44eec1ed1af2c4c403df68/6a6310ffd24ad253c4c07875_Thomas%20Munro.webp
Reusing existing connection to [cdn.prod.website-files.com]:443.
HTTP request sent, awaiting response... 200 OK
Length: 7152 (7.0K) [image/webp]
Saving to: ‘cdn.prod.website-files.com/6a44eec1ed1af2c4c403df68/6a6310ffd24ad253c4c07875_Thomas Munro.webp’

     0K ......                                                100%  233M=0s

2026-09-12 19:17:23 (233 MB/s) - ‘cdn.prod.website-files.com/6a44eec1ed1af2c4c403df68/6a6310ffd24ad253c4c07875_Thomas Munro.webp’ saved [7152/7152]

--2026-09-12 19:17:23--  https://cdn.prod.website-files.com/6a44eec1ed1af2c4c403df68/6a63110bc160ac22ae4063f9_Francis%20Fung.webp
Reusing existing connection to [cdn.prod.website-files.com]:443.
HTTP request sent, awaiting response... 200 OK
Length: 12102 (12K) [image/webp]
Saving to: ‘cdn.prod.website-files.com/6a44eec1ed1af2c4c403df68/6a63110bc160ac22ae4063f9_Francis Fung.webp’

     0K .......... .                                          100%  457M=0s

2026-09-12 19:17:23 (457 MB/s) - ‘cdn.prod.website-files.com/6a44eec1ed1af2c4c403df68/6a63110bc160ac22ae4063f9_Francis Fung.webp’ saved [12102/12102]

--2026-09-12 19:17:23--  https://cdn.prod.website-files.com/6a44eec1ed1af2c4c403df68/6a63111368d3763e4ad5f708_Alex%20Hughes.webp
Reusing existing connection to [cdn.prod.website-files.com]:443.
HTTP request sent, awaiting response... 200 OK
Length: 8760 (8.6K) [image/webp]
Saving to: ‘cdn.prod.website-files.com/6a44eec1ed1af2c4c403df68/6a63111368d3763e4ad5f708_Alex Hughes.webp’

     0K ........                                              100%  171M=0s

2026-09-12 19:17:23 (171 MB/s) - ‘cdn.prod.website-files.com/6a44eec1ed1af2c4c403df68/6a63111368d3763e4ad5f708_Alex Hughes.webp’ saved [8760/8760]

--2026-09-12 19:17:23--  https://cdn.prod.website-files.com/6a44eec1ed1af2c4c403df68/6a44eec1ed1af2c4c403e643_State%3DDefault%2C%20Logo%3D20.png
Reusing existing connection to [cdn.prod.website-files.com]:443.
HTTP request sent, awaiting response... 200 OK
Length: 2396 (2.3K) [image/png]
Saving to: ‘cdn.prod.website-files.com/6a44eec1ed1af2c4c403df68/6a44eec1ed1af2c4c403e643_State=Default, Logo=20.png’

     0K ..                                                    100% 90.9M=0s

2026-09-12 19:17:23 (90.9 MB/s) - ‘cdn.prod.website-files.com/6a44eec1ed1af2c4c403df68/6a44eec1ed1af2c4c403e643_State=Default, Logo=20.png’ saved [2396/2396]

--2026-09-12 19:17:23--  https://cdn.prod.website-files.com/6a44eec1ed1af2c4c403df68/6a44eec1ed1af2c4c403e655_State%3DHover%2C%20Logo%3D20.png
Reusing existing connection to [cdn.prod.website-files.com]:443.
HTTP request sent, awaiting response... 200 OK
Length: 2339 (2.3K) [image/png]
Saving to: ‘cdn.prod.website-files.com/6a44eec1ed1af2c4c403df68/6a44eec1ed1af2c4c403e655_State=Hover, Logo=20.png’

     0K ..                                                    100% 89.0M=0s

2026-09-12 19:17:23 (89.0 MB/s) - ‘cdn.prod.website-files.com/6a44eec1ed1af2c4c403df68/6a44eec1ed1af2c4c403e655_State=Hover, Logo=20.png’ saved [2339/2339]

--2026-09-12 19:17:23--  https://cdn.prod.website-files.com/6a44eec1ed1af2c4c403df68/6a44eec1ed1af2c4c403e62e_State%3DDefault%2C%20Logo%3D23.png
Reusing existing connection to [cdn.prod.website-files.com]:443.
HTTP request sent, awaiting response... 200 OK
Length: 2293 (2.2K) [image/png]
Saving to: ‘cdn.prod.website-files.com/6a44eec1ed1af2c4c403df68/6a44eec1ed1af2c4c403e62e_State=Default, Logo=23.png’

     0K ..                                                    100% 70.9M=0s

2026-09-12 19:17:23 (70.9 MB/s) - ‘cdn.prod.website-files.com/6a44eec1ed1af2c4c403df68/6a44eec1ed1af2c4c403e62e_State=Default, Logo=23.png’ saved [2293/2293]

--2026-09-12 19:17:23--  https://cdn.prod.website-files.com/6a44eec1ed1af2c4c403df68/6a44eec1ed1af2c4c403e62b_State%3DHover%2C%20Logo%3D23.png
Reusing existing connection to [cdn.prod.website-files.com]:443.
HTTP request sent, awaiting response... 200 OK
Length: 2439 (2.4K) [image/png]
Saving to: ‘cdn.prod.website-files.com/6a44eec1ed1af2c4c403df68/6a44eec1ed1af2c4c403e62b_State=Hover, Logo=23.png’

     0K ..                                                    100% 41.2M=0s

2026-09-12 19:17:23 (41.2 MB/s) - ‘cdn.prod.website-files.com/6a44eec1ed1af2c4c403df68/6a44eec1ed1af2c4c403e62b_State=Hover, Logo=23.png’ saved [2439/2439]

--2026-09-12 19:17:23--  https://cdn.prod.website-files.com/6a44eec1ed1af2c4c403df68/6a44eec1ed1af2c4c403e641_State%3DDefault%2C%20Logo%3D33.png
Reusing existing connection to [cdn.prod.website-files.com]:443.
HTTP request sent, awaiting response... 200 OK
Length: 1964 (1.9K) [image/png]
Saving to: ‘cdn.prod.website-files.com/6a44eec1ed1af2c4c403df68/6a44eec1ed1af2c4c403e641_State=Default, Logo=33.png’

     0K .                                                     100% 73.2M=0s

2026-09-12 19:17:23 (73.2 MB/s) - ‘cdn.prod.website-files.com/6a44eec1ed1af2c4c403df68/6a44eec1ed1af2c4c403e641_State=Default, Logo=33.png’ saved [1964/1964]

--2026-09-12 19:17:23--  https://cdn.prod.website-files.com/6a44eec1ed1af2c4c403df68/6a44eec1ed1af2c4c403e62d_State%3DHover%2C%20Logo%3D33.png
Reusing existing connection to [cdn.prod.website-files.com]:443.
HTTP request sent, awaiting response... 200 OK
Length: 2168 (2.1K) [image/png]
Saving to: ‘cdn.prod.website-files.com/6a44eec1ed1af2c4c403df68/6a44eec1ed1af2c4c403e62d_State=Hover, Logo=33.png’

     0K ..                                                    100% 68.3M=0s

2026-09-12 19:17:23 (68.3 MB/s) - ‘cdn.prod.website-files.com/6a44eec1ed1af2c4c403df68/6a44eec1ed1af2c4c403e62d_State=Hover, Logo=33.png’ saved [2168/2168]

--2026-09-12 19:17:23--  https://cdn.prod.website-files.com/6a44eec1ed1af2c4c403df68/6a44eec1ed1af2c4c403e616_State%3DDefault%2C%20Logo%3D32.png
Reusing existing connection to [cdn.prod.website-files.com]:443.
HTTP request sent, awaiting response... 200 OK
Length: 3396 (3.3K) [image/png]
Saving to: ‘cdn.prod.website-files.com/6a44eec1ed1af2c4c403df68/6a44eec1ed1af2c4c403e616_State=Default, Logo=32.png’

     0K ...                                                   100%  135M=0s

2026-09-12 19:17:23 (135 MB/s) - ‘cdn.prod.website-files.com/6a44eec1ed1af2c4c403df68/6a44eec1ed1af2c4c403e616_State=Default, Logo=32.png’ saved [3396/3396]

--2026-09-12 19:17:23--  https://cdn.prod.website-files.com/6a44eec1ed1af2c4c403df68/6a44eec1ed1af2c4c403e619_State%3DHover%2C%20Logo%3D32.png
Reusing existing connection to [cdn.prod.website-files.com]:443.
HTTP request sent, awaiting response... 200 OK
Length: 3444 (3.4K) [image/png]
Saving to: ‘cdn.prod.website-files.com/6a44eec1ed1af2c4c403df68/6a44eec1ed1af2c4c403e619_State=Hover, Logo=32.png’

     0K ...                                                   100%  128M=0s

2026-09-12 19:17:23 (128 MB/s) - ‘cdn.prod.website-files.com/6a44eec1ed1af2c4c403df68/6a44eec1ed1af2c4c403e619_State=Hover, Logo=32.png’ saved [3444/3444]

--2026-09-12 19:17:23--  https://cdn.prod.website-files.com/6a44eec1ed1af2c4c403df68/6a44eec1ed1af2c4c403e62c_State%3DDefault%2C%20Logo%3D31.png
Reusing existing connection to [cdn.prod.website-files.com]:443.
HTTP request sent, awaiting response... 200 OK
Length: 2585 (2.5K) [image/png]
Saving to: ‘cdn.prod.website-files.com/6a44eec1ed1af2c4c403df68/6a44eec1ed1af2c4c403e62c_State=Default, Logo=31.png’

     0K ..                                                    100% 74.8M=0s

2026-09-12 19:17:23 (74.8 MB/s) - ‘cdn.prod.website-files.com/6a44eec1ed1af2c4c403df68/6a44eec1ed1af2c4c403e62c_State=Default, Logo=31.png’ saved [2585/2585]

--2026-09-12 19:17:23--  https://cdn.prod.website-files.com/6a44eec1ed1af2c4c403df68/6a44eec1ed1af2c4c403e618_State%3DHover%2C%20Logo%3D31.png
Reusing existing connection to [cdn.prod.website-files.com]:443.
HTTP request sent, awaiting response... 200 OK
Length: 2550 (2.5K) [image/png]
Saving to: ‘cdn.prod.website-files.com/6a44eec1ed1af2c4c403df68/6a44eec1ed1af2c4c403e618_State=Hover, Logo=31.png’

     0K ..                                                    100% 78.5M=0s

2026-09-12 19:17:23 (78.5 MB/s) - ‘cdn.prod.website-files.com/6a44eec1ed1af2c4c403df68/6a44eec1ed1af2c4c403e618_State=Hover, Logo=31.png’ saved [2550/2550]

--2026-09-12 19:17:23--  https://cdn.prod.website-files.com/6a44eec1ed1af2c4c403df68/6a44eec1ed1af2c4c403e5ec_State%3DDefault%2C%20Logo%3D30.png
Reusing existing connection to [cdn.prod.website-files.com]:443.
HTTP request sent, awaiting response... 200 OK
Length: 3652 (3.6K) [image/png]
Saving to: ‘cdn.prod.website-files.com/6a44eec1ed1af2c4c403df68/6a44eec1ed1af2c4c403e5ec_State=Default, Logo=30.png’

     0K ...                                                   100% 57.8M=0s

2026-09-12 19:17:23 (57.8 MB/s) - ‘cdn.prod.website-files.com/6a44eec1ed1af2c4c403df68/6a44eec1ed1af2c4c403e5ec_State=Default, Logo=30.png’ saved [3652/3652]

--2026-09-12 19:17:23--  https://cdn.prod.website-files.com/6a44eec1ed1af2c4c403df68/6a44eec1ed1af2c4c403e617_State%3DHover%2C%20Logo%3D30.png
Reusing existing connection to [cdn.prod.website-files.com]:443.
HTTP request sent, awaiting response... 200 OK
Length: 3622 (3.5K) [image/png]
Saving to: ‘cdn.prod.website-files.com/6a44eec1ed1af2c4c403df68/6a44eec1ed1af2c4c403e617_State=Hover, Logo=30.png’

     0K ...                                                   100%  141M=0s

2026-09-12 19:17:23 (141 MB/s) - ‘cdn.prod.website-files.com/6a44eec1ed1af2c4c403df68/6a44eec1ed1af2c4c403e617_State=Hover, Logo=30.png’ saved [3622/3622]

--2026-09-12 19:17:23--  https://cdn.prod.website-files.com/6a44eec1ed1af2c4c403df68/6a44eec1ed1af2c4c403e5da_State%3DDefault%2C%20Logo%3D29.png
Reusing existing connection to [cdn.prod.website-files.com]:443.
HTTP request sent, awaiting response... 200 OK
Length: 3813 (3.7K) [image/png]
Saving to: ‘cdn.prod.website-files.com/6a44eec1ed1af2c4c403df68/6a44eec1ed1af2c4c403e5da_State=Default, Logo=29.png’

     0K ...                                                   100%  129M=0s

2026-09-12 19:17:23 (129 MB/s) - ‘cdn.prod.website-files.com/6a44eec1ed1af2c4c403df68/6a44eec1ed1af2c4c403e5da_State=Default, Logo=29.png’ saved [3813/3813]

--2026-09-12 19:17:23--  https://cdn.prod.website-files.com/6a44eec1ed1af2c4c403df68/6a44eec1ed1af2c4c403e5ef_State%3DHover%2C%20Logo%3D29.png
Reusing existing connection to [cdn.prod.website-files.com]:443.
HTTP request sent, awaiting response... 200 OK
Length: 4239 (4.1K) [image/png]
Saving to: ‘cdn.prod.website-files.com/6a44eec1ed1af2c4c403df68/6a44eec1ed1af2c4c403e5ef_State=Hover, Logo=29.png’

     0K ....                                                  100%  148M=0s

2026-09-12 19:17:23 (148 MB/s) - ‘cdn.prod.website-files.com/6a44eec1ed1af2c4c403df68/6a44eec1ed1af2c4c403e5ef_State=Hover, Logo=29.png’ saved [4239/4239]

--2026-09-12 19:17:23--  https://cdn.prod.website-files.com/6a44eec1ed1af2c4c403df68/6a44eec1ed1af2c4c403e601_State%3DDefault%2C%20Logo%3D28.png
Reusing existing connection to [cdn.prod.website-files.com]:443.
HTTP request sent, awaiting response... 200 OK
Length: 3587 (3.5K) [image/png]
Saving to: ‘cdn.prod.website-files.com/6a44eec1ed1af2c4c403df68/6a44eec1ed1af2c4c403e601_State=Default, Logo=28.png’

     0K ...                                                   100%  129M=0s

2026-09-12 19:17:23 (129 MB/s) - ‘cdn.prod.website-files.com/6a44eec1ed1af2c4c403df68/6a44eec1ed1af2c4c403e601_State=Default, Logo=28.png’ saved [3587/3587]

--2026-09-12 19:17:23--  https://cdn.prod.website-files.com/6a44eec1ed1af2c4c403df68/6a44eec1ed1af2c4c403e5ed_State%3DHover%2C%20Logo%3D28.png
Reusing existing connection to [cdn.prod.website-files.com]:443.
HTTP request sent, awaiting response... 200 OK
Length: 3569 (3.5K) [image/png]
Saving to: ‘cdn.prod.website-files.com/6a44eec1ed1af2c4c403df68/6a44eec1ed1af2c4c403e5ed_State=Hover, Logo=28.png’

     0K ...                                                   100%  117M=0s

2026-09-12 19:17:24 (117 MB/s) - ‘cdn.prod.website-files.com/6a44eec1ed1af2c4c403df68/6a44eec1ed1af2c4c403e5ed_State=Hover, Logo=28.png’ saved [3569/3569]

--2026-09-12 19:17:24--  https://cdn.prod.website-files.com/6a44eec1ed1af2c4c403df68/6a44eec1ed1af2c4c403e602_State%3DDefault%2C%20Logo%3D27.png
Reusing existing connection to [cdn.prod.website-files.com]:443.
HTTP request sent, awaiting response... 200 OK
Length: 2092 (2.0K) [image/png]
Saving to: ‘cdn.prod.website-files.com/6a44eec1ed1af2c4c403df68/6a44eec1ed1af2c4c403e602_State=Default, Logo=27.png’

     0K ..                                                    100% 65.2M=0s

2026-09-12 19:17:24 (65.2 MB/s) - ‘cdn.prod.website-files.com/6a44eec1ed1af2c4c403df68/6a44eec1ed1af2c4c403e602_State=Default, Logo=27.png’ saved [2092/2092]

--2026-09-12 19:17:24--  https://cdn.prod.website-files.com/6a44eec1ed1af2c4c403df68/6a44eec1ed1af2c4c403e5ee_State%3DHover%2C%20Logo%3D27.png
Reusing existing connection to [cdn.prod.website-files.com]:443.
HTTP request sent, awaiting response... 200 OK
Length: 2135 (2.1K) [image/png]
Saving to: ‘cdn.prod.website-files.com/6a44eec1ed1af2c4c403df68/6a44eec1ed1af2c4c403e5ee_State=Hover, Logo=27.png’

     0K ..                                                    100% 72.3M=0s

2026-09-12 19:17:24 (72.3 MB/s) - ‘cdn.prod.website-files.com/6a44eec1ed1af2c4c403df68/6a44eec1ed1af2c4c403e5ee_State=Hover, Logo=27.png’ saved [2135/2135]

--2026-09-12 19:17:24--  https://cdn.prod.website-files.com/6a44eec1ed1af2c4c403df68/6a44eec1ed1af2c4c403e604_State%3DDefault%2C%20Logo%3D26.png
Reusing existing connection to [cdn.prod.website-files.com]:443.
HTTP request sent, awaiting response... 200 OK
Length: 2101 (2.1K) [image/png]
Saving to: ‘cdn.prod.website-files.com/6a44eec1ed1af2c4c403df68/6a44eec1ed1af2c4c403e604_State=Default, Logo=26.png’

     0K ..                                                    100% 54.8M=0s

2026-09-12 19:17:24 (54.8 MB/s) - ‘cdn.prod.website-files.com/6a44eec1ed1af2c4c403df68/6a44eec1ed1af2c4c403e604_State=Default, Logo=26.png’ saved [2101/2101]

--2026-09-12 19:17:24--  https://cdn.prod.website-files.com/6a44eec1ed1af2c4c403df68/6a44eec1ed1af2c4c403e5d9_State%3DDefault%2C%20Logo%3D25.png
Reusing existing connection to [cdn.prod.website-files.com]:443.
HTTP request sent, awaiting response... 200 OK
Length: 1472 (1.4K) [image/png]
Saving to: ‘cdn.prod.website-files.com/6a44eec1ed1af2c4c403df68/6a44eec1ed1af2c4c403e5d9_State=Default, Logo=25.png’

     0K .                                                     100% 44.2M=0s

2026-09-12 19:17:24 (44.2 MB/s) - ‘cdn.prod.website-files.com/6a44eec1ed1af2c4c403df68/6a44eec1ed1af2c4c403e5d9_State=Default, Logo=25.png’ saved [1472/1472]

--2026-09-12 19:17:24--  https://cdn.prod.website-files.com/6a44eec1ed1af2c4c403df68/6a44eec1ed1af2c4c403e603_State%3DHover%2C%20Logo%3D25.png
Reusing existing connection to [cdn.prod.website-files.com]:443.
HTTP request sent, awaiting response... 200 OK
Length: 1296 (1.3K) [image/png]
Saving to: ‘cdn.prod.website-files.com/6a44eec1ed1af2c4c403df68/6a44eec1ed1af2c4c403e603_State=Hover, Logo=25.png’

     0K .                                                     100% 36.8M=0s

2026-09-12 19:17:24 (36.8 MB/s) - ‘cdn.prod.website-files.com/6a44eec1ed1af2c4c403df68/6a44eec1ed1af2c4c403e603_State=Hover, Logo=25.png’ saved [1296/1296]

--2026-09-12 19:17:24--  https://cdn.prod.website-files.com/6a44eec1ed1af2c4c403df68/6a44eec1ed1af2c4c403e5c4_State%3DDefault%2C%20Logo%3D24.png
Reusing existing connection to [cdn.prod.website-files.com]:443.
HTTP request sent, awaiting response... 200 OK
Length: 2242 (2.2K) [image/png]
Saving to: ‘cdn.prod.website-files.com/6a44eec1ed1af2c4c403df68/6a44eec1ed1af2c4c403e5c4_State=Default, Logo=24.png’

     0K ..                                                    100% 85.4M=0s

2026-09-12 19:17:24 (85.4 MB/s) - ‘cdn.prod.website-files.com/6a44eec1ed1af2c4c403df68/6a44eec1ed1af2c4c403e5c4_State=Default, Logo=24.png’ saved [2242/2242]

--2026-09-12 19:17:24--  https://cdn.prod.website-files.com/6a44eec1ed1af2c4c403df68/6a44eec1ed1af2c4c403e5c5_State%3DHover%2C%20Logo%3D24.png
Reusing existing connection to [cdn.prod.website-files.com]:443.
HTTP request sent, awaiting response... 200 OK
Length: 2196 (2.1K) [image/png]
Saving to: ‘cdn.prod.website-files.com/6a44eec1ed1af2c4c403df68/6a44eec1ed1af2c4c403e5c5_State=Hover, Logo=24.png’

     0K ..                                                    100% 76.2M=0s

2026-09-12 19:17:24 (76.2 MB/s) - ‘cdn.prod.website-files.com/6a44eec1ed1af2c4c403df68/6a44eec1ed1af2c4c403e5c5_State=Hover, Logo=24.png’ saved [2196/2196]

--2026-09-12 19:17:24--  https://cdn.prod.website-files.com/6a44eec1ed1af2c4c403df68/6a44eec1ed1af2c4c403e5c3_State%3DDefault%2C%20Logo%3D22.png
Reusing existing connection to [cdn.prod.website-files.com]:443.
HTTP request sent, awaiting response... 200 OK
Length: 3284 (3.2K) [image/png]
Saving to: ‘cdn.prod.website-files.com/6a44eec1ed1af2c4c403df68/6a44eec1ed1af2c4c403e5c3_State=Default, Logo=22.png’

     0K ...                                                   100%  113M=0s

2026-09-12 19:17:24 (113 MB/s) - ‘cdn.prod.website-files.com/6a44eec1ed1af2c4c403df68/6a44eec1ed1af2c4c403e5c3_State=Default, Logo=22.png’ saved [3284/3284]

--2026-09-12 19:17:24--  https://cdn.prod.website-files.com/6a44eec1ed1af2c4c403df68/6a44eec1ed1af2c4c403e5c2_State%3DHover%2C%20Logo%3D22.png
Reusing existing connection to [cdn.prod.website-files.com]:443.
HTTP request sent, awaiting response... 200 OK
Length: 3174 (3.1K) [image/png]
Saving to: ‘cdn.prod.website-files.com/6a44eec1ed1af2c4c403df68/6a44eec1ed1af2c4c403e5c2_State=Hover, Logo=22.png’

     0K ...                                                   100%  121M=0s

2026-09-12 19:17:24 (121 MB/s) - ‘cdn.prod.website-files.com/6a44eec1ed1af2c4c403df68/6a44eec1ed1af2c4c403e5c2_State=Hover, Logo=22.png’ saved [3174/3174]

--2026-09-12 19:17:24--  https://cdn.prod.website-files.com/6a44eec1ed1af2c4c403df68/6a44eec1ed1af2c4c403e5d7_State%3DDefault%2C%20Logo%3D21.png
Reusing existing connection to [cdn.prod.website-files.com]:443.
HTTP request sent, awaiting response... 200 OK
Length: 2133 (2.1K) [image/png]
Saving to: ‘cdn.prod.website-files.com/6a44eec1ed1af2c4c403df68/6a44eec1ed1af2c4c403e5d7_State=Default, Logo=21.png’

     0K ..                                                    100% 48.7M=0s

2026-09-12 19:17:24 (48.7 MB/s) - ‘cdn.prod.website-files.com/6a44eec1ed1af2c4c403df68/6a44eec1ed1af2c4c403e5d7_State=Default, Logo=21.png’ saved [2133/2133]

--2026-09-12 19:17:24--  https://cdn.prod.website-files.com/6a44eec1ed1af2c4c403df68/6a44eec1ed1af2c4c403e5d8_State%3DHover%2C%20Logo%3D21.png
Reusing existing connection to [cdn.prod.website-files.com]:443.
HTTP request sent, awaiting response... 200 OK
Length: 2115 (2.1K) [image/png]
Saving to: ‘cdn.prod.website-files.com/6a44eec1ed1af2c4c403df68/6a44eec1ed1af2c4c403e5d8_State=Hover, Logo=21.png’

     0K ..                                                    100% 74.9M=0s

2026-09-12 19:17:24 (74.9 MB/s) - ‘cdn.prod.website-files.com/6a44eec1ed1af2c4c403df68/6a44eec1ed1af2c4c403e5d8_State=Hover, Logo=21.png’ saved [2115/2115]

--2026-09-12 19:17:24--  https://cdn.prod.website-files.com/6a44eec1ed1af2c4c403df68/6a44eec1ed1af2c4c403e5b0_State%3DDefault%2C%20Logo%3D19.png
Reusing existing connection to [cdn.prod.website-files.com]:443.
HTTP request sent, awaiting response... 200 OK
Length: 2643 (2.6K) [image/png]
Saving to: ‘cdn.prod.website-files.com/6a44eec1ed1af2c4c403df68/6a44eec1ed1af2c4c403e5b0_State=Default, Logo=19.png’

     0K ..                                                    100% 88.6M=0s

2026-09-12 19:17:24 (88.6 MB/s) - ‘cdn.prod.website-files.com/6a44eec1ed1af2c4c403df68/6a44eec1ed1af2c4c403e5b0_State=Default, Logo=19.png’ saved [2643/2643]

--2026-09-12 19:17:24--  https://cdn.prod.website-files.com/6a44eec1ed1af2c4c403df68/6a55af90daadc331c130fb74_Logo-1%20(1).png
Reusing existing connection to [cdn.prod.website-files.com]:443.
HTTP request sent, awaiting response... 200 OK
Length: 2944 (2.9K) [image/png]
Saving to: ‘cdn.prod.website-files.com/6a44eec1ed1af2c4c403df68/6a55af90daadc331c130fb74_Logo-1 (1).png’

     0K ..                                                    100% 87.0M=0s

2026-09-12 19:17:24 (87.0 MB/s) - ‘cdn.prod.website-files.com/6a44eec1ed1af2c4c403df68/6a55af90daadc331c130fb74_Logo-1 (1).png’ saved [2944/2944]

--2026-09-12 19:17:24--  https://cdn.prod.website-files.com/6a44eec1ed1af2c4c403df68/6a44eec1ed1af2c4c403e5ae_State%3DDefault%2C%20Logo%3D18.png
Reusing existing connection to [cdn.prod.website-files.com]:443.
HTTP request sent, awaiting response... 200 OK
Length: 1682 (1.6K) [image/png]
Saving to: ‘cdn.prod.website-files.com/6a44eec1ed1af2c4c403df68/6a44eec1ed1af2c4c403e5ae_State=Default, Logo=18.png’

     0K .                                                     100% 46.5M=0s

2026-09-12 19:17:24 (46.5 MB/s) - ‘cdn.prod.website-files.com/6a44eec1ed1af2c4c403df68/6a44eec1ed1af2c4c403e5ae_State=Default, Logo=18.png’ saved [1682/1682]

--2026-09-12 19:17:24--  https://cdn.prod.website-files.com/6a44eec1ed1af2c4c403df68/6a44eec1ed1af2c4c403e5af_State%3DHover%2C%20Logo%3D18.png
Reusing existing connection to [cdn.prod.website-files.com]:443.
HTTP request sent, awaiting response... 200 OK
Length: 2082 (2.0K) [image/png]
Saving to: ‘cdn.prod.website-files.com/6a44eec1ed1af2c4c403df68/6a44eec1ed1af2c4c403e5af_State=Hover, Logo=18.png’

     0K ..                                                    100% 68.7M=0s

2026-09-12 19:17:24 (68.7 MB/s) - ‘cdn.prod.website-files.com/6a44eec1ed1af2c4c403df68/6a44eec1ed1af2c4c403e5af_State=Hover, Logo=18.png’ saved [2082/2082]

--2026-09-12 19:17:24--  https://cdn.prod.website-files.com/6a44eec1ed1af2c4c403df68/6a44eec1ed1af2c4c403e59b_State%3DDefault%2C%20Logo%3D16.png
Reusing existing connection to [cdn.prod.website-files.com]:443.
HTTP request sent, awaiting response... 200 OK
Length: 2564 (2.5K) [image/png]
Saving to: ‘cdn.prod.website-files.com/6a44eec1ed1af2c4c403df68/6a44eec1ed1af2c4c403e59b_State=Default, Logo=16.png’

     0K ..                                                    100% 85.7M=0s

2026-09-12 19:17:24 (85.7 MB/s) - ‘cdn.prod.website-files.com/6a44eec1ed1af2c4c403df68/6a44eec1ed1af2c4c403e59b_State=Default, Logo=16.png’ saved [2564/2564]

--2026-09-12 19:17:24--  https://cdn.prod.website-files.com/6a44eec1ed1af2c4c403df68/6a44eec1ed1af2c4c403e5ad_State%3DHover%2C%20Logo%3D16.png
Reusing existing connection to [cdn.prod.website-files.com]:443.
HTTP request sent, awaiting response... 200 OK
Length: 2729 (2.7K) [image/png]
Saving to: ‘cdn.prod.website-files.com/6a44eec1ed1af2c4c403df68/6a44eec1ed1af2c4c403e5ad_State=Hover, Logo=16.png’

     0K ..                                                    100%  104M=0s

2026-09-12 19:17:24 (104 MB/s) - ‘cdn.prod.website-files.com/6a44eec1ed1af2c4c403df68/6a44eec1ed1af2c4c403e5ad_State=Hover, Logo=16.png’ saved [2729/2729]

--2026-09-12 19:17:24--  https://cdn.prod.website-files.com/6a44eec1ed1af2c4c403df68/6a44eec1ed1af2c4c403e640_State%3DDefault%2C%20Logo%3D17.png
Reusing existing connection to [cdn.prod.website-files.com]:443.
HTTP request sent, awaiting response... 200 OK
Length: 1990 (1.9K) [image/png]
Saving to: ‘cdn.prod.website-files.com/6a44eec1ed1af2c4c403df68/6a44eec1ed1af2c4c403e640_State=Default, Logo=17.png’

     0K .                                                     100% 74.1M=0s

2026-09-12 19:17:24 (74.1 MB/s) - ‘cdn.prod.website-files.com/6a44eec1ed1af2c4c403df68/6a44eec1ed1af2c4c403e640_State=Default, Logo=17.png’ saved [1990/1990]

--2026-09-12 19:17:24--  https://cdn.prod.website-files.com/6a44eec1ed1af2c4c403df68/6a44eec1ed1af2c4c403e642_State%3DHover%2C%20Logo%3D17.png
Reusing existing connection to [cdn.prod.website-files.com]:443.
HTTP request sent, awaiting response... 200 OK
Length: 1938 (1.9K) [image/png]
Saving to: ‘cdn.prod.website-files.com/6a44eec1ed1af2c4c403df68/6a44eec1ed1af2c4c403e642_State=Hover, Logo=17.png’

     0K .                                                     100% 70.7M=0s

2026-09-12 19:17:24 (70.7 MB/s) - ‘cdn.prod.website-files.com/6a44eec1ed1af2c4c403df68/6a44eec1ed1af2c4c403e642_State=Hover, Logo=17.png’ saved [1938/1938]

--2026-09-12 19:17:24--  https://cdn.prod.website-files.com/6a44eec1ed1af2c4c403df68/6a44eec1ed1af2c4c403e586_State%3DHover%2C%20Logo%3D15.png
Reusing existing connection to [cdn.prod.website-files.com]:443.
HTTP request sent, awaiting response... 200 OK
Length: 2562 (2.5K) [image/png]
Saving to: ‘cdn.prod.website-files.com/6a44eec1ed1af2c4c403df68/6a44eec1ed1af2c4c403e586_State=Hover, Logo=15.png’

     0K ..                                                    100% 88.2M=0s

2026-09-12 19:17:24 (88.2 MB/s) - ‘cdn.prod.website-files.com/6a44eec1ed1af2c4c403df68/6a44eec1ed1af2c4c403e586_State=Hover, Logo=15.png’ saved [2562/2562]

--2026-09-12 19:17:24--  https://cdn.prod.website-files.com/6a44eec1ed1af2c4c403df68/6a44eec1ed1af2c4c403e599_State%3DDefault%2C%20Logo%3D15.png
Reusing existing connection to [cdn.prod.website-files.com]:443.
HTTP request sent, awaiting response... 200 OK
Length: 2689 (2.6K) [image/png]
Saving to: ‘cdn.prod.website-files.com/6a44eec1ed1af2c4c403df68/6a44eec1ed1af2c4c403e599_State=Default, Logo=15.png’

     0K ..                                                    100%  108M=0s

2026-09-12 19:17:24 (108 MB/s) - ‘cdn.prod.website-files.com/6a44eec1ed1af2c4c403df68/6a44eec1ed1af2c4c403e599_State=Default, Logo=15.png’ saved [2689/2689]

--2026-09-12 19:17:24--  https://cdn.prod.website-files.com/6a44eec1ed1af2c4c403df68/6a44eec1ed1af2c4c403e571_State%3DDefault%2C%20Logo%3D14.png
Reusing existing connection to [cdn.prod.website-files.com]:443.
HTTP request sent, awaiting response... 200 OK
Length: 1729 (1.7K) [image/png]
Saving to: ‘cdn.prod.website-files.com/6a44eec1ed1af2c4c403df68/6a44eec1ed1af2c4c403e571_State=Default, Logo=14.png’

     0K .                                                     100% 62.0M=0s

2026-09-12 19:17:24 (62.0 MB/s) - ‘cdn.prod.website-files.com/6a44eec1ed1af2c4c403df68/6a44eec1ed1af2c4c403e571_State=Default, Logo=14.png’ saved [1729/1729]

--2026-09-12 19:17:24--  https://cdn.prod.website-files.com/6a44eec1ed1af2c4c403df68/6a44eec1ed1af2c4c403e598_State%3DHover%2C%20Logo%3D14.png
Reusing existing connection to [cdn.prod.website-files.com]:443.
HTTP request sent, awaiting response... 200 OK
Length: 1744 (1.7K) [image/png]
Saving to: ‘cdn.prod.website-files.com/6a44eec1ed1af2c4c403df68/6a44eec1ed1af2c4c403e598_State=Hover, Logo=14.png’

     0K .                                                     100% 51.0M=0s

2026-09-12 19:17:24 (51.0 MB/s) - ‘cdn.prod.website-files.com/6a44eec1ed1af2c4c403df68/6a44eec1ed1af2c4c403e598_State=Hover, Logo=14.png’ saved [1744/1744]

--2026-09-12 19:17:24--  https://cdn.prod.website-files.com/6a44eec1ed1af2c4c403df68/6a44eec1ed1af2c4c403e59a_State%3DDefault%2C%20Logo%3D13.png
Reusing existing connection to [cdn.prod.website-files.com]:443.
HTTP request sent, awaiting response... 200 OK
Length: 2134 (2.1K) [image/png]
Saving to: ‘cdn.prod.website-files.com/6a44eec1ed1af2c4c403df68/6a44eec1ed1af2c4c403e59a_State=Default, Logo=13.png’

     0K ..                                                    100% 82.7M=0s

2026-09-12 19:17:24 (82.7 MB/s) - ‘cdn.prod.website-files.com/6a44eec1ed1af2c4c403df68/6a44eec1ed1af2c4c403e59a_State=Default, Logo=13.png’ saved [2134/2134]

--2026-09-12 19:17:24--  https://cdn.prod.website-files.com/6a44eec1ed1af2c4c403df68/6a44eec1ed1af2c4c403e570_State%3DHover%2C%20Logo%3D13.png
Reusing existing connection to [cdn.prod.website-files.com]:443.
HTTP request sent, awaiting response... 200 OK
Length: 2180 (2.1K) [image/png]
Saving to: ‘cdn.prod.website-files.com/6a44eec1ed1af2c4c403df68/6a44eec1ed1af2c4c403e570_State=Hover, Logo=13.png’

     0K ..                                                    100% 69.6M=0s

2026-09-12 19:17:24 (69.6 MB/s) - ‘cdn.prod.website-files.com/6a44eec1ed1af2c4c403df68/6a44eec1ed1af2c4c403e570_State=Hover, Logo=13.png’ saved [2180/2180]

--2026-09-12 19:17:24--  https://cdn.prod.website-files.com/6a44eec1ed1af2c4c403df68/6a44eec1ed1af2c4c403e584_State%3DHover%2C%20Logo%3D12.png
Reusing existing connection to [cdn.prod.website-files.com]:443.
HTTP request sent, awaiting response... 200 OK
Length: 2483 (2.4K) [image/png]
Saving to: ‘cdn.prod.website-files.com/6a44eec1ed1af2c4c403df68/6a44eec1ed1af2c4c403e584_State=Hover, Logo=12.png’

     0K ..                                                    100% 69.3M=0s

2026-09-12 19:17:24 (69.3 MB/s) - ‘cdn.prod.website-files.com/6a44eec1ed1af2c4c403df68/6a44eec1ed1af2c4c403e584_State=Hover, Logo=12.png’ saved [2483/2483]

--2026-09-12 19:17:24--  https://cdn.prod.website-files.com/6a44eec1ed1af2c4c403df68/6a44eec1ed1af2c4c403e583_State%3DDefault%2C%20Logo%3D11.png
Reusing existing connection to [cdn.prod.website-files.com]:443.
HTTP request sent, awaiting response... 200 OK
Length: 4387 (4.3K) [image/png]
Saving to: ‘cdn.prod.website-files.com/6a44eec1ed1af2c4c403df68/6a44eec1ed1af2c4c403e583_State=Default, Logo=11.png’

     0K ....                                                  100%  139M=0s

2026-09-12 19:17:24 (139 MB/s) - ‘cdn.prod.website-files.com/6a44eec1ed1af2c4c403df68/6a44eec1ed1af2c4c403e583_State=Default, Logo=11.png’ saved [4387/4387]

--2026-09-12 19:17:24--  https://cdn.prod.website-files.com/6a44eec1ed1af2c4c403df68/6a44eec1ed1af2c4c403e585_State%3DHover%2C%20Logo%3D11.png
Reusing existing connection to [cdn.prod.website-files.com]:443.
HTTP request sent, awaiting response... 200 OK
Length: 4562 (4.5K) [image/png]
Saving to: ‘cdn.prod.website-files.com/6a44eec1ed1af2c4c403df68/6a44eec1ed1af2c4c403e585_State=Hover, Logo=11.png’

     0K ....                                                  100%  132M=0s

2026-09-12 19:17:24 (132 MB/s) - ‘cdn.prod.website-files.com/6a44eec1ed1af2c4c403df68/6a44eec1ed1af2c4c403e585_State=Hover, Logo=11.png’ saved [4562/4562]

--2026-09-12 19:17:24--  https://cdn.prod.website-files.com/6a44eec1ed1af2c4c403df68/6a44eec1ed1af2c4c403e657_State%3DDefault%2C%20Logo%3D10.png
Reusing existing connection to [cdn.prod.website-files.com]:443.
HTTP request sent, awaiting response... 200 OK
Length: 2855 (2.8K) [image/png]
Saving to: ‘cdn.prod.website-files.com/6a44eec1ed1af2c4c403df68/6a44eec1ed1af2c4c403e657_State=Default, Logo=10.png’

     0K ..                                                    100%  104M=0s

2026-09-12 19:17:24 (104 MB/s) - ‘cdn.prod.website-files.com/6a44eec1ed1af2c4c403df68/6a44eec1ed1af2c4c403e657_State=Default, Logo=10.png’ saved [2855/2855]

--2026-09-12 19:17:24--  https://cdn.prod.website-files.com/6a44eec1ed1af2c4c403df68/6a44eec1ed1af2c4c403e658_State%3DHover%2C%20Logo%3D10.png
Reusing existing connection to [cdn.prod.website-files.com]:443.
HTTP request sent, awaiting response... 200 OK
Length: 2933 (2.9K) [image/png]
Saving to: ‘cdn.prod.website-files.com/6a44eec1ed1af2c4c403df68/6a44eec1ed1af2c4c403e658_State=Hover, Logo=10.png’

     0K ..                                                    100%  106M=0s

2026-09-12 19:17:24 (106 MB/s) - ‘cdn.prod.website-files.com/6a44eec1ed1af2c4c403df68/6a44eec1ed1af2c4c403e658_State=Hover, Logo=10.png’ saved [2933/2933]

--2026-09-12 19:17:24--  https://cdn.prod.website-files.com/6a44eec1ed1af2c4c403df68/6a44eec1ed1af2c4c403e55b_State%3DDefault%2C%20Logo%3D9.png
Reusing existing connection to [cdn.prod.website-files.com]:443.
HTTP request sent, awaiting response... 200 OK
Length: 3111 (3.0K) [image/png]
Saving to: ‘cdn.prod.website-files.com/6a44eec1ed1af2c4c403df68/6a44eec1ed1af2c4c403e55b_State=Default, Logo=9.png’

     0K ...                                                   100% 80.7M=0s

2026-09-12 19:17:24 (80.7 MB/s) - ‘cdn.prod.website-files.com/6a44eec1ed1af2c4c403df68/6a44eec1ed1af2c4c403e55b_State=Default, Logo=9.png’ saved [3111/3111]

--2026-09-12 19:17:24--  https://cdn.prod.website-files.com/6a44eec1ed1af2c4c403df68/6a44eec1ed1af2c4c403e56f_State%3DHover%2C%20Logo%3D9.png
Reusing existing connection to [cdn.prod.website-files.com]:443.
HTTP request sent, awaiting response... 200 OK
Length: 3091 (3.0K) [image/png]
Saving to: ‘cdn.prod.website-files.com/6a44eec1ed1af2c4c403df68/6a44eec1ed1af2c4c403e56f_State=Hover, Logo=9.png’

     0K ...                                                   100%  117M=0s

2026-09-12 19:17:24 (117 MB/s) - ‘cdn.prod.website-files.com/6a44eec1ed1af2c4c403df68/6a44eec1ed1af2c4c403e56f_State=Hover, Logo=9.png’ saved [3091/3091]

--2026-09-12 19:17:24--  https://cdn.prod.website-files.com/6a44eec1ed1af2c4c403df68/6a44eec1ed1af2c4c403e549_State%3DDefault%2C%20Logo%3D8.png
Reusing existing connection to [cdn.prod.website-files.com]:443.
HTTP request sent, awaiting response... 200 OK
Length: 2442 (2.4K) [image/png]
Saving to: ‘cdn.prod.website-files.com/6a44eec1ed1af2c4c403df68/6a44eec1ed1af2c4c403e549_State=Default, Logo=8.png’

     0K ..                                                    100% 78.5M=0s

2026-09-12 19:17:24 (78.5 MB/s) - ‘cdn.prod.website-files.com/6a44eec1ed1af2c4c403df68/6a44eec1ed1af2c4c403e549_State=Default, Logo=8.png’ saved [2442/2442]

--2026-09-12 19:17:24--  https://cdn.prod.website-files.com/6a44eec1ed1af2c4c403df68/6a44eec1ed1af2c4c403e55d_State%3DHover%2C%20Logo%3D8.png
Reusing existing connection to [cdn.prod.website-files.com]:443.
HTTP request sent, awaiting response... 200 OK
Length: 2731 (2.7K) [image/png]
Saving to: ‘cdn.prod.website-files.com/6a44eec1ed1af2c4c403df68/6a44eec1ed1af2c4c403e55d_State=Hover, Logo=8.png’

     0K ..                                                    100% 96.0M=0s

2026-09-12 19:17:24 (96.0 MB/s) - ‘cdn.prod.website-files.com/6a44eec1ed1af2c4c403df68/6a44eec1ed1af2c4c403e55d_State=Hover, Logo=8.png’ saved [2731/2731]

--2026-09-12 19:17:24--  https://cdn.prod.website-files.com/6a44eec1ed1af2c4c403df68/6a44eec1ed1af2c4c403e55c_State%3DDefault%2C%20Logo%3D7.png
Reusing existing connection to [cdn.prod.website-files.com]:443.
HTTP request sent, awaiting response... 200 OK
Length: 2153 (2.1K) [image/png]
Saving to: ‘cdn.prod.website-files.com/6a44eec1ed1af2c4c403df68/6a44eec1ed1af2c4c403e55c_State=Default, Logo=7.png’

     0K ..                                                    100% 79.2M=0s

2026-09-12 19:17:24 (79.2 MB/s) - ‘cdn.prod.website-files.com/6a44eec1ed1af2c4c403df68/6a44eec1ed1af2c4c403e55c_State=Default, Logo=7.png’ saved [2153/2153]

--2026-09-12 19:17:24--  https://cdn.prod.website-files.com/6a44eec1ed1af2c4c403df68/6a44eec1ed1af2c4c403e548_State%3DHover%2C%20Logo%3D7.png
Reusing existing connection to [cdn.prod.website-files.com]:443.
HTTP request sent, awaiting response... 200 OK
Length: 2170 (2.1K) [image/png]
Saving to: ‘cdn.prod.website-files.com/6a44eec1ed1af2c4c403df68/6a44eec1ed1af2c4c403e548_State=Hover, Logo=7.png’

     0K ..                                                    100% 82.5M=0s

2026-09-12 19:17:24 (82.5 MB/s) - ‘cdn.prod.website-files.com/6a44eec1ed1af2c4c403df68/6a44eec1ed1af2c4c403e548_State=Hover, Logo=7.png’ saved [2170/2170]

--2026-09-12 19:17:24--  https://cdn.prod.website-files.com/6a44eec1ed1af2c4c403df68/6a44eec1ed1af2c4c403e535_State%3DDefault%2C%20Logo%3D6.png
Reusing existing connection to [cdn.prod.website-files.com]:443.
HTTP request sent, awaiting response... 200 OK
Length: 2028 (2.0K) [image/png]
Saving to: ‘cdn.prod.website-files.com/6a44eec1ed1af2c4c403df68/6a44eec1ed1af2c4c403e535_State=Default, Logo=6.png’

     0K .                                                     100% 80.7M=0s

2026-09-12 19:17:24 (80.7 MB/s) - ‘cdn.prod.website-files.com/6a44eec1ed1af2c4c403df68/6a44eec1ed1af2c4c403e535_State=Default, Logo=6.png’ saved [2028/2028]

--2026-09-12 19:17:24--  https://cdn.prod.website-files.com/6a44eec1ed1af2c4c403df68/6a44eec1ed1af2c4c403e547_State%3DHover%2C%20Logo%3D6.png
Reusing existing connection to [cdn.prod.website-files.com]:443.
HTTP request sent, awaiting response... 200 OK
Length: 1943 (1.9K) [image/png]
Saving to: ‘cdn.prod.website-files.com/6a44eec1ed1af2c4c403df68/6a44eec1ed1af2c4c403e547_State=Hover, Logo=6.png’

     0K .                                                     100% 75.7M=0s

2026-09-12 19:17:24 (75.7 MB/s) - ‘cdn.prod.website-files.com/6a44eec1ed1af2c4c403df68/6a44eec1ed1af2c4c403e547_State=Hover, Logo=6.png’ saved [1943/1943]

--2026-09-12 19:17:24--  https://cdn.prod.website-files.com/6a44eec1ed1af2c4c403df68/6a44eec1ed1af2c4c403e533_State%3DDefault%2C%20Logo%3D5.png
Reusing existing connection to [cdn.prod.website-files.com]:443.
HTTP request sent, awaiting response... 200 OK
Length: 1942 (1.9K) [image/png]
Saving to: ‘cdn.prod.website-files.com/6a44eec1ed1af2c4c403df68/6a44eec1ed1af2c4c403e533_State=Default, Logo=5.png’

     0K .                                                     100% 55.0M=0s

2026-09-12 19:17:24 (55.0 MB/s) - ‘cdn.prod.website-files.com/6a44eec1ed1af2c4c403df68/6a44eec1ed1af2c4c403e533_State=Default, Logo=5.png’ saved [1942/1942]

--2026-09-12 19:17:24--  https://cdn.prod.website-files.com/6a44eec1ed1af2c4c403df68/6a44eec1ed1af2c4c403e534_State%3DHover%2C%20Logo%3D5.png
Reusing existing connection to [cdn.prod.website-files.com]:443.
HTTP request sent, awaiting response... 200 OK
Length: 2038 (2.0K) [image/png]
Saving to: ‘cdn.prod.website-files.com/6a44eec1ed1af2c4c403df68/6a44eec1ed1af2c4c403e534_State=Hover, Logo=5.png’

     0K .                                                     100% 47.6M=0s

2026-09-12 19:17:24 (47.6 MB/s) - ‘cdn.prod.website-files.com/6a44eec1ed1af2c4c403df68/6a44eec1ed1af2c4c403e534_State=Hover, Logo=5.png’ saved [2038/2038]

--2026-09-12 19:17:24--  https://cdn.prod.website-files.com/6a44eec1ed1af2c4c403df68/6a44eec1ed1af2c4c403e520_State%3DDefault%2C%20Logo%3D4.png
Reusing existing connection to [cdn.prod.website-files.com]:443.
HTTP request sent, awaiting response... 200 OK
Length: 1334 (1.3K) [image/png]
Saving to: ‘cdn.prod.website-files.com/6a44eec1ed1af2c4c403df68/6a44eec1ed1af2c4c403e520_State=Default, Logo=4.png’

     0K .                                                     100% 29.5M=0s

2026-09-12 19:17:24 (29.5 MB/s) - ‘cdn.prod.website-files.com/6a44eec1ed1af2c4c403df68/6a44eec1ed1af2c4c403e520_State=Default, Logo=4.png’ saved [1334/1334]

--2026-09-12 19:17:24--  https://cdn.prod.website-files.com/6a44eec1ed1af2c4c403df68/6a44eec1ed1af2c4c403e521_State%3DHover%2C%20Logo%3D4.png
Reusing existing connection to [cdn.prod.website-files.com]:443.
HTTP request sent, awaiting response... 200 OK
Length: 1193 (1.2K) [image/png]
Saving to: ‘cdn.prod.website-files.com/6a44eec1ed1af2c4c403df68/6a44eec1ed1af2c4c403e521_State=Hover, Logo=4.png’

     0K .                                                     100% 41.3M=0s

2026-09-12 19:17:24 (41.3 MB/s) - ‘cdn.prod.website-files.com/6a44eec1ed1af2c4c403df68/6a44eec1ed1af2c4c403e521_State=Hover, Logo=4.png’ saved [1193/1193]

--2026-09-12 19:17:24--  https://cdn.prod.website-files.com/6a44eec1ed1af2c4c403df68/6a44eec1ed1af2c4c403e50d_State%3DDefault%2C%20Logo%3D3.png
Reusing existing connection to [cdn.prod.website-files.com]:443.
HTTP request sent, awaiting response... 200 OK
Length: 1120 (1.1K) [image/png]
Saving to: ‘cdn.prod.website-files.com/6a44eec1ed1af2c4c403df68/6a44eec1ed1af2c4c403e50d_State=Default, Logo=3.png’

     0K .                                                     100% 25.1M=0s

2026-09-12 19:17:24 (25.1 MB/s) - ‘cdn.prod.website-files.com/6a44eec1ed1af2c4c403df68/6a44eec1ed1af2c4c403e50d_State=Default, Logo=3.png’ saved [1120/1120]

--2026-09-12 19:17:24--  https://cdn.prod.website-files.com/6a44eec1ed1af2c4c403df68/6a44eec1ed1af2c4c403e51f_State%3DHover%2C%20Logo%3D3.png
Reusing existing connection to [cdn.prod.website-files.com]:443.
HTTP request sent, awaiting response... 200 OK
Length: 1161 (1.1K) [image/png]
Saving to: ‘cdn.prod.website-files.com/6a44eec1ed1af2c4c403df68/6a44eec1ed1af2c4c403e51f_State=Hover, Logo=3.png’

     0K .                                                     100% 29.1M=0s

2026-09-12 19:17:24 (29.1 MB/s) - ‘cdn.prod.website-files.com/6a44eec1ed1af2c4c403df68/6a44eec1ed1af2c4c403e51f_State=Hover, Logo=3.png’ saved [1161/1161]

--2026-09-12 19:17:24--  https://cdn.prod.website-files.com/6a44eec1ed1af2c4c403df68/6a44eec1ed1af2c4c403e4fa_State%3DDefault%2C%20Logo%3D2.png
Reusing existing connection to [cdn.prod.website-files.com]:443.
HTTP request sent, awaiting response... 200 OK
Length: 1924 (1.9K) [image/png]
Saving to: ‘cdn.prod.website-files.com/6a44eec1ed1af2c4c403df68/6a44eec1ed1af2c4c403e4fa_State=Default, Logo=2.png’

     0K .                                                     100% 68.1M=0s

2026-09-12 19:17:24 (68.1 MB/s) - ‘cdn.prod.website-files.com/6a44eec1ed1af2c4c403df68/6a44eec1ed1af2c4c403e4fa_State=Default, Logo=2.png’ saved [1924/1924]

--2026-09-12 19:17:24--  https://cdn.prod.website-files.com/6a44eec1ed1af2c4c403df68/6a55afaa0f77ea3a7b698c5a_Logo-3%20(1).png
Reusing existing connection to [cdn.prod.website-files.com]:443.
HTTP request sent, awaiting response... 200 OK
Length: 2034 (2.0K) [image/png]
Saving to: ‘cdn.prod.website-files.com/6a44eec1ed1af2c4c403df68/6a55afaa0f77ea3a7b698c5a_Logo-3 (1).png’

     0K .                                                     100% 75.0M=0s

2026-09-12 19:17:24 (75.0 MB/s) - ‘cdn.prod.website-files.com/6a44eec1ed1af2c4c403df68/6a55afaa0f77ea3a7b698c5a_Logo-3 (1).png’ saved [2034/2034]

--2026-09-12 19:17:24--  https://cdn.prod.website-files.com/6a44eec1ed1af2c4c403df68/6a44eec1ed1af2c4c403e4f8_State%3DDefault%2C%20Logo%3D1.png
Reusing existing connection to [cdn.prod.website-files.com]:443.
HTTP request sent, awaiting response... 200 OK
Length: 1255 (1.2K) [image/png]
Saving to: ‘cdn.prod.website-files.com/6a44eec1ed1af2c4c403df68/6a44eec1ed1af2c4c403e4f8_State=Default, Logo=1.png’

     0K .                                                     100% 47.4M=0s

2026-09-12 19:17:24 (47.4 MB/s) - ‘cdn.prod.website-files.com/6a44eec1ed1af2c4c403df68/6a44eec1ed1af2c4c403e4f8_State=Default, Logo=1.png’ saved [1255/1255]

--2026-09-12 19:17:24--  https://cdn.prod.website-files.com/6a44eec1ed1af2c4c403df68/6a44eec1ed1af2c4c403e4f9_State%3DHover%2C%20Logo%3D1.png
Reusing existing connection to [cdn.prod.website-files.com]:443.
HTTP request sent, awaiting response... 200 OK
Length: 1384 (1.4K) [image/png]
Saving to: ‘cdn.prod.website-files.com/6a44eec1ed1af2c4c403df68/6a44eec1ed1af2c4c403e4f9_State=Hover, Logo=1.png’

     0K .                                                     100% 55.1M=0s

2026-09-12 19:17:24 (55.1 MB/s) - ‘cdn.prod.website-files.com/6a44eec1ed1af2c4c403df68/6a44eec1ed1af2c4c403e4f9_State=Hover, Logo=1.png’ saved [1384/1384]

--2026-09-12 19:17:24--  https://cdn.prod.website-files.com/6a44eec1ed1af2c4c403df6b/6a44eec1ed1af2c4c403e802_ae9f4955aa0b198046be8830d2c0747e_partners-bg%2520%25281%2529-p-500.avif
Reusing existing connection to [cdn.prod.website-files.com]:443.
HTTP request sent, awaiting response... 200 OK
Length: 2810 (2.7K) [image/avif]
Saving to: ‘cdn.prod.website-files.com/6a44eec1ed1af2c4c403df6b/6a44eec1ed1af2c4c403e802_ae9f4955aa0b198046be8830d2c0747e_partners-bg (1)-p-500.avif’

     0K ..                                                    100% 87.1M=0s

2026-09-12 19:17:25 (87.1 MB/s) - ‘cdn.prod.website-files.com/6a44eec1ed1af2c4c403df6b/6a44eec1ed1af2c4c403e802_ae9f4955aa0b198046be8830d2c0747e_partners-bg (1)-p-500.avif’ saved [2810/2810]

--2026-09-12 19:17:25--  https://cdn.prod.website-files.com/6a44eec1ed1af2c4c403df6b/6a44eec1ed1af2c4c403e802_ae9f4955aa0b198046be8830d2c0747e_partners-bg%2520%25281%2529-p-800.avif
Reusing existing connection to [cdn.prod.website-files.com]:443.
HTTP request sent, awaiting response... 200 OK
Length: 3102 (3.0K) [image/avif]
Saving to: ‘cdn.prod.website-files.com/6a44eec1ed1af2c4c403df6b/6a44eec1ed1af2c4c403e802_ae9f4955aa0b198046be8830d2c0747e_partners-bg (1)-p-800.avif’

     0K ...                                                   100%  342K=0.009s

2026-09-12 19:17:25 (342 KB/s) - ‘cdn.prod.website-files.com/6a44eec1ed1af2c4c403df6b/6a44eec1ed1af2c4c403e802_ae9f4955aa0b198046be8830d2c0747e_partners-bg (1)-p-800.avif’ saved [3102/3102]

--2026-09-12 19:17:25--  https://cdn.prod.website-files.com/6a44eec1ed1af2c4c403df6b/6a44eec1ed1af2c4c403e802_ae9f4955aa0b198046be8830d2c0747e_partners-bg%2520%25281%2529-p-1080.avif
Reusing existing connection to [cdn.prod.website-files.com]:443.
HTTP request sent, awaiting response... 200 OK
Length: 4595 (4.5K) [image/avif]
Saving to: ‘cdn.prod.website-files.com/6a44eec1ed1af2c4c403df6b/6a44eec1ed1af2c4c403e802_ae9f4955aa0b198046be8830d2c0747e_partners-bg (1)-p-1080.avif’

     0K ....                                                  100%  121M=0s

2026-09-12 19:17:25 (121 MB/s) - ‘cdn.prod.website-files.com/6a44eec1ed1af2c4c403df6b/6a44eec1ed1af2c4c403e802_ae9f4955aa0b198046be8830d2c0747e_partners-bg (1)-p-1080.avif’ saved [4595/4595]

--2026-09-12 19:17:25--  https://cdn.prod.website-files.com/6a44eec1ed1af2c4c403df6b/6a44eec1ed1af2c4c403e802_ae9f4955aa0b198046be8830d2c0747e_partners-bg%2520%25281%2529-p-1600.avif
Reusing existing connection to [cdn.prod.website-files.com]:443.
HTTP request sent, awaiting response... 200 OK
Length: 10686 (10K) [image/avif]
Saving to: ‘cdn.prod.website-files.com/6a44eec1ed1af2c4c403df6b/6a44eec1ed1af2c4c403e802_ae9f4955aa0b198046be8830d2c0747e_partners-bg (1)-p-1600.avif’

     0K ..........                                            100% 1.62M=0.006s

2026-09-12 19:17:25 (1.62 MB/s) - ‘cdn.prod.website-files.com/6a44eec1ed1af2c4c403df6b/6a44eec1ed1af2c4c403e802_ae9f4955aa0b198046be8830d2c0747e_partners-bg (1)-p-1600.avif’ saved [10686/10686]

--2026-09-12 19:17:25--  https://cdn.prod.website-files.com/6a44eec1ed1af2c4c403df6b/6a44eec1ed1af2c4c403e802_ae9f4955aa0b198046be8830d2c0747e_partners-bg%2520%25281%2529-p-2000.avif
Reusing existing connection to [cdn.prod.website-files.com]:443.
HTTP request sent, awaiting response... 200 OK
Length: 14031 (14K) [image/avif]
Saving to: ‘cdn.prod.website-files.com/6a44eec1ed1af2c4c403df6b/6a44eec1ed1af2c4c403e802_ae9f4955aa0b198046be8830d2c0747e_partners-bg (1)-p-2000.avif’

     0K .......... ...                                        100%  766K=0.02s

2026-09-12 19:17:25 (766 KB/s) - ‘cdn.prod.website-files.com/6a44eec1ed1af2c4c403df6b/6a44eec1ed1af2c4c403e802_ae9f4955aa0b198046be8830d2c0747e_partners-bg (1)-p-2000.avif’ saved [14031/14031]

--2026-09-12 19:17:25--  https://cdn.prod.website-files.com/6a44eec1ed1af2c4c403df6b/6a44eec1ed1af2c4c403e802_partners-bg%20(1).avif
Reusing existing connection to [cdn.prod.website-files.com]:443.
HTTP request sent, awaiting response... 200 OK
Length: 14274 (14K) [image/avif]
Saving to: ‘cdn.prod.website-files.com/6a44eec1ed1af2c4c403df6b/6a44eec1ed1af2c4c403e802_partners-bg (1).avif’

     0K .......... ...                                        100%  408M=0s

2026-09-12 19:17:25 (408 MB/s) - ‘cdn.prod.website-files.com/6a44eec1ed1af2c4c403df6b/6a44eec1ed1af2c4c403e802_partners-bg (1).avif’ saved [14274/14274]

--2026-09-12 19:17:25--  https://cdn.prod.website-files.com/6a44eec1ed1af2c4c403df68/6a9f7dd757d7a04392fd4aed_china%20short%20cut.jpg
Reusing existing connection to [cdn.prod.website-files.com]:443.
HTTP request sent, awaiting response... 200 OK
Length: 66764 (65K) [image/jpeg]
Saving to: ‘cdn.prod.website-files.com/6a44eec1ed1af2c4c403df68/6a9f7dd757d7a04392fd4aed_china short cut.jpg’

     0K .......... .......... .......... .......... .......... 76%  765K 0s
    50K .......... .....                                      100% 6.12M=0.07s

2026-09-12 19:17:25 (962 KB/s) - ‘cdn.prod.website-files.com/6a44eec1ed1af2c4c403df68/6a9f7dd757d7a04392fd4aed_china short cut.jpg’ saved [66764/66764]

--2026-09-12 19:17:25--  https://cdn.prod.website-files.com/6a44eec1ed1af2c4c403df68/6a9f7dd757d7a04392fd4aed_china%20short%20cut-p-500.jpg
Reusing existing connection to [cdn.prod.website-files.com]:443.
HTTP request sent, awaiting response... 200 OK
Length: 40815 (40K) [image/jpg]
Saving to: ‘cdn.prod.website-files.com/6a44eec1ed1af2c4c403df68/6a9f7dd757d7a04392fd4aed_china short cut-p-500.jpg’

     0K .......... .......... .......... .........            100% 1.78M=0.02s

2026-09-12 19:17:25 (1.78 MB/s) - ‘cdn.prod.website-files.com/6a44eec1ed1af2c4c403df68/6a9f7dd757d7a04392fd4aed_china short cut-p-500.jpg’ saved [40815/40815]

--2026-09-12 19:17:25--  https://unitedcarriers.com/insights/uc-courtside-is-here
Connecting to unitedcarriers.com (unitedcarriers.com)|198.202.211.1|:443... connected.
HTTP request sent, awaiting response... 200 OK
Length: unspecified [text/html]
Saving to: ‘unitedcarriers.com/insights/uc-courtside-is-here.html’

     0K .......... .......... .......... .......... .......... 2.99M
    50K .......... .......... .......... .......... .......... 4.90M
   100K .......... .......... .......... .......... .......... 7.35M
   150K .......... .......... .......... .......... .......... 11.3M
   200K .......... .......... .......... .......... .......... 1.82M
   250K .......... .......... .                                2.34M=0.07s

2026-09-12 19:17:26 (3.62 MB/s) - ‘unitedcarriers.com/insights/uc-courtside-is-here.html’ saved [278349]

--2026-09-12 19:17:26--  https://cdn.prod.website-files.com/6a44eec1ed1af2c4c403df68/6a9e34a20569102b58c4cfc2_Game%20giveaway.jpg
Connecting to cdn.prod.website-files.com (cdn.prod.website-files.com)|2606:4700::6812:a175|:443... connected.
HTTP request sent, awaiting response... 200 OK
Length: 105645 (103K) [image/jpeg]
Saving to: ‘cdn.prod.website-files.com/6a44eec1ed1af2c4c403df68/6a9e34a20569102b58c4cfc2_Game giveaway.jpg’

     0K .......... .......... .......... .......... .......... 48% 1.77M 0s
    50K .......... .......... .......... .......... .......... 96% 6.69M 0s
   100K ...                                                   100% 5.90T=0.03s

2026-09-12 19:17:26 (2.89 MB/s) - ‘cdn.prod.website-files.com/6a44eec1ed1af2c4c403df68/6a9e34a20569102b58c4cfc2_Game giveaway.jpg’ saved [105645/105645]

--2026-09-12 19:17:26--  https://cdn.prod.website-files.com/6a44eec1ed1af2c4c403df68/6a9e34a20569102b58c4cfc2_Game%20giveaway-p-500.jpg
Reusing existing connection to [cdn.prod.website-files.com]:443.
HTTP request sent, awaiting response... 200 OK
Length: 30075 (29K) [image/jpg]
Saving to: ‘cdn.prod.website-files.com/6a44eec1ed1af2c4c403df68/6a9e34a20569102b58c4cfc2_Game giveaway-p-500.jpg’

     0K .......... .......... .........                       100% 1.70M=0.02s

2026-09-12 19:17:26 (1.70 MB/s) - ‘cdn.prod.website-files.com/6a44eec1ed1af2c4c403df68/6a9e34a20569102b58c4cfc2_Game giveaway-p-500.jpg’ saved [30075/30075]

--2026-09-12 19:17:26--  https://cdn.prod.website-files.com/6a44eec1ed1af2c4c403df68/6a9e34a20569102b58c4cfc2_Game%20giveaway-p-800.jpg
Reusing existing connection to [cdn.prod.website-files.com]:443.
HTTP request sent, awaiting response... 200 OK
Length: 62347 (61K) [image/jpg]
Saving to: ‘cdn.prod.website-files.com/6a44eec1ed1af2c4c403df68/6a9e34a20569102b58c4cfc2_Game giveaway-p-800.jpg’

     0K .......... .......... .......... .......... .......... 82% 10.2M 0s
    50K ..........                                            100%  253M=0.005s

2026-09-12 19:17:26 (12.3 MB/s) - ‘cdn.prod.website-files.com/6a44eec1ed1af2c4c403df68/6a9e34a20569102b58c4cfc2_Game giveaway-p-800.jpg’ saved [62347/62347]

--2026-09-12 19:17:26--  https://cdn.prod.website-files.com/6a44eec1ed1af2c4c403df68/6a9e34a20569102b58c4cfc2_Game%20giveaway-p-1080.jpg
Reusing existing connection to [cdn.prod.website-files.com]:443.
HTTP request sent, awaiting response... 200 OK
Length: 98889 (97K) [image/jpg]
Saving to: ‘cdn.prod.website-files.com/6a44eec1ed1af2c4c403df68/6a9e34a20569102b58c4cfc2_Game giveaway-p-1080.jpg’

     0K .......... .......... .......... .......... .......... 51% 8.30M 0s
    50K .......... .......... .......... .......... ......    100% 9.42M=0.01s

2026-09-12 19:17:26 (8.81 MB/s) - ‘cdn.prod.website-files.com/6a44eec1ed1af2c4c403df68/6a9e34a20569102b58c4cfc2_Game giveaway-p-1080.jpg’ saved [98889/98889]

--2026-09-12 19:17:26--  https://unitedcarriers.com/insights/united-carriers-achieves-australian-trusted-trader-accreditation
Connecting to unitedcarriers.com (unitedcarriers.com)|198.202.211.1|:443... connected.
HTTP request sent, awaiting response... 200 OK
Length: unspecified [text/html]
Saving to: ‘unitedcarriers.com/insights/united-carriers-achieves-australian-trusted-trader-accreditation.html’

     0K .......... .......... .......... .......... .......... 2.84M
    50K .......... .......... .......... .......... .......... 4.73M
   100K .......... .......... .......... .......... .......... 9.27M
   150K .......... .......... .......... .......... .......... 8.63M
   200K .......... .......... .......... .......... .......... 17.5M
   250K .......... .......... ..                                585K=0.08s

2026-09-12 19:17:26 (3.33 MB/s) - ‘unitedcarriers.com/insights/united-carriers-achieves-australian-trusted-trader-accreditation.html’ saved [279104]

--2026-09-12 19:17:26--  https://cdn.prod.website-files.com/6a44eec1ed1af2c4c403df68/6a993ea28d48ce8268a0bfcc_ATT_colour_stacked%20small.jpeg
Connecting to cdn.prod.website-files.com (cdn.prod.website-files.com)|2606:4700::6812:a175|:443... connected.
HTTP request sent, awaiting response... 200 OK
Length: 32452 (32K) [image/jpeg]
Saving to: ‘cdn.prod.website-files.com/6a44eec1ed1af2c4c403df68/6a993ea28d48ce8268a0bfcc_ATT_colour_stacked small.jpeg’

     0K .......... .......... .......... .                    100% 2.75M=0.01s

2026-09-12 19:17:26 (2.75 MB/s) - ‘cdn.prod.website-files.com/6a44eec1ed1af2c4c403df68/6a993ea28d48ce8268a0bfcc_ATT_colour_stacked small.jpeg’ saved [32452/32452]

--2026-09-12 19:17:26--  https://cdn.prod.website-files.com/6a44eec1ed1af2c4c403df68/6a993ea28d48ce8268a0bfcc_ATT_colour_stacked%20small-p-500.jpeg
Reusing existing connection to [cdn.prod.website-files.com]:443.
HTTP request sent, awaiting response... 200 OK
Length: 24256 (24K) [image/jpeg]
Saving to: ‘cdn.prod.website-files.com/6a44eec1ed1af2c4c403df68/6a993ea28d48ce8268a0bfcc_ATT_colour_stacked small-p-500.jpeg’

     0K .......... .......... ...                             100% 13.3M=0.002s

2026-09-12 19:17:26 (13.3 MB/s) - ‘cdn.prod.website-files.com/6a44eec1ed1af2c4c403df68/6a993ea28d48ce8268a0bfcc_ATT_colour_stacked small-p-500.jpeg’ saved [24256/24256]

--2026-09-12 19:17:26--  https://unitedcarriers.com/insights/uc-market-update-china---september
Connecting to unitedcarriers.com (unitedcarriers.com)|198.202.211.1|:443... connected.
HTTP request sent, awaiting response... 200 OK
Length: unspecified [text/html]
Saving to: ‘unitedcarriers.com/insights/uc-market-update-china---september.html’

     0K .......... .......... .......... .......... .......... 2.64M
    50K .......... .......... .......... .......... .......... 4.99M
   100K .......... .......... .......... .......... .......... 2.79M
   150K .......... .......... .......... .......... ..........  289M
   200K .......... .......... .......... .......... .......... 1.08M
   250K .......... ...                                         25.8T=0.09s

2026-09-12 19:17:26 (2.83 MB/s) - ‘unitedcarriers.com/insights/uc-market-update-china---september.html’ saved [270183]

--2026-09-12 19:17:26--  https://cdn.prod.website-files.com/6a44eec1ed1af2c4c403df68/6a964a09bc6a8b111e235d97_globe%20thumbnail.jpg
Connecting to cdn.prod.website-files.com (cdn.prod.website-files.com)|2606:4700::6812:a175|:443... connected.
HTTP request sent, awaiting response... 200 OK
Length: 66973 (65K) [image/jpeg]
Saving to: ‘cdn.prod.website-files.com/6a44eec1ed1af2c4c403df68/6a964a09bc6a8b111e235d97_globe thumbnail.jpg’

     0K .......... .......... .......... .......... .......... 76% 2.58M 0s
    50K .......... .....                                      100% 5.59M=0.02s

2026-09-12 19:17:27 (2.96 MB/s) - ‘cdn.prod.website-files.com/6a44eec1ed1af2c4c403df68/6a964a09bc6a8b111e235d97_globe thumbnail.jpg’ saved [66973/66973]

--2026-09-12 19:17:27--  https://cdn.prod.website-files.com/6a44eec1ed1af2c4c403df68/6a964a09bc6a8b111e235d97_globe%20thumbnail-p-500.jpg
Reusing existing connection to [cdn.prod.website-files.com]:443.
HTTP request sent, awaiting response... 200 OK
Length: 22036 (22K) [image/jpg]
Saving to: ‘cdn.prod.website-files.com/6a44eec1ed1af2c4c403df68/6a964a09bc6a8b111e235d97_globe thumbnail-p-500.jpg’

     0K .......... .......... .                               100% 2.66M=0.008s

2026-09-12 19:17:27 (2.66 MB/s) - ‘cdn.prod.website-files.com/6a44eec1ed1af2c4c403df68/6a964a09bc6a8b111e235d97_globe thumbnail-p-500.jpg’ saved [22036/22036]

--2026-09-12 19:17:27--  https://cdn.prod.website-files.com/6a44eec1ed1af2c4c403df68/6a964a09bc6a8b111e235d97_globe%20thumbnail-p-800.jpg
Reusing existing connection to [cdn.prod.website-files.com]:443.
HTTP request sent, awaiting response... 200 OK
Length: 52938 (52K) [image/jpg]
Saving to: ‘cdn.prod.website-files.com/6a44eec1ed1af2c4c403df68/6a964a09bc6a8b111e235d97_globe thumbnail-p-800.jpg’

     0K .......... .......... .......... .......... .......... 96% 22.0M 0s
    50K .                                                     100% 3.16T=0.002s

2026-09-12 19:17:27 (22.7 MB/s) - ‘cdn.prod.website-files.com/6a44eec1ed1af2c4c403df68/6a964a09bc6a8b111e235d97_globe thumbnail-p-800.jpg’ saved [52938/52938]

--2026-09-12 19:17:27--  https://unitedcarriers.com/insights/bmsb-season-2026-2027
Connecting to unitedcarriers.com (unitedcarriers.com)|198.202.211.1|:443... connected.
HTTP request sent, awaiting response... 200 OK
Length: unspecified [text/html]
Saving to: ‘unitedcarriers.com/insights/bmsb-season-2026-2027.html’

     0K .......... .......... .......... .......... .......... 2.56M
    50K .......... .......... .......... .......... .......... 2.20M
   100K .......... .......... .......... .......... ..........  309M
   150K .......... .......... .......... .......... ..........  272M
   200K .......... .......... .......... .......... .......... 9.57M
   250K .......... ...                                         8.74M=0.05s

2026-09-12 19:17:27 (5.34 MB/s) - ‘unitedcarriers.com/insights/bmsb-season-2026-2027.html’ saved [269805]

--2026-09-12 19:17:27--  https://unitedcarriers.com/insights/typhoon-saudel-ongoing-port-congestion
Reusing existing connection to unitedcarriers.com:443.
HTTP request sent, awaiting response... 200 OK
Length: unspecified [text/html]
Saving to: ‘unitedcarriers.com/insights/typhoon-saudel-ongoing-port-congestion.html’

     0K .......... .......... .......... .......... .......... 31.6M
    50K .......... .......... .......... .......... .......... 1.51M
   100K .......... .......... .......... .......... ..........  666K
   150K .......... .......... .......... .......... .......... 15.4M
   200K .......... .......... .......... .......... .......... 4.85M
   250K .......... .......                                      184M=0.1s

2026-09-12 19:17:27 (2.13 MB/s) - ‘unitedcarriers.com/insights/typhoon-saudel-ongoing-port-congestion.html’ saved [273418]

--2026-09-12 19:17:27--  https://cdn.prod.website-files.com/6a44eec1ed1af2c4c403df68/6a9009ffae7857075686eef1_typhoon%20in%20china%20.jpg
Connecting to cdn.prod.website-files.com (cdn.prod.website-files.com)|2606:4700::6812:a175|:443... connected.
HTTP request sent, awaiting response... 200 OK
Length: 102828 (100K) [image/jpeg]
Saving to: ‘cdn.prod.website-files.com/6a44eec1ed1af2c4c403df68/6a9009ffae7857075686eef1_typhoon in china .jpg’

     0K .......... .......... .......... .......... .......... 49% 2.75M 0s
    50K .......... .......... .......... .......... .......... 99% 4.48M 0s
   100K                                                       100%  797G=0.03s

2026-09-12 19:17:27 (3.42 MB/s) - ‘cdn.prod.website-files.com/6a44eec1ed1af2c4c403df68/6a9009ffae7857075686eef1_typhoon in china .jpg’ saved [102828/102828]

--2026-09-12 19:17:27--  https://cdn.prod.website-files.com/6a44eec1ed1af2c4c403df68/6a9009ffae7857075686eef1_typhoon%20in%20china%20-p-500.jpg
Reusing existing connection to [cdn.prod.website-files.com]:443.
HTTP request sent, awaiting response... 200 OK
Length: 45374 (44K) [image/jpg]
Saving to: ‘cdn.prod.website-files.com/6a44eec1ed1af2c4c403df68/6a9009ffae7857075686eef1_typhoon in china -p-500.jpg’

     0K .......... .......... .......... .......... ....      100% 4.32M=0.01s

2026-09-12 19:17:27 (4.32 MB/s) - ‘cdn.prod.website-files.com/6a44eec1ed1af2c4c403df68/6a9009ffae7857075686eef1_typhoon in china -p-500.jpg’ saved [45374/45374]

--2026-09-12 19:17:27--  https://cdn.prod.website-files.com/plugins/Basic/assets/placeholder.60f9b1840c.svg
Reusing existing connection to [cdn.prod.website-files.com]:443.
HTTP request sent, awaiting response... 403 Forbidden
2026-09-12 19:17:28 ERROR 403: Forbidden.

--2026-09-12 19:17:28--  https://unitedcarriers.com/merchandises
Connecting to unitedcarriers.com (unitedcarriers.com)|198.202.211.1|:443... connected.
HTTP request sent, awaiting response... 200 OK
Length: unspecified [text/html]
Saving to: ‘unitedcarriers.com/merchandises.html’

     0K .......... .......... .......... .......... .......... 2.27M
    50K .......... .......... .......... .......... .......... 1.85M
   100K .......... .......... .......... .......... ..........  281M
   150K .......... .......... .......... .......... ..........  352M
   200K .......... .......... .......... .......... .......... 4.95M
   250K .......... .......... .......... .......... .......... 1.76M
   300K .......... .......... .......... .......... .......... 2.23M
   350K .......... .......... ....                             1.49M=0.1s

2026-09-12 19:17:28 (2.95 MB/s) - ‘unitedcarriers.com/merchandises.html’ saved [383888]

--2026-09-12 19:17:28--  https://cdn.prod.website-files.com/6a44eec1ed1af2c4c403df6b/6a44eec1ed1af2c4c403dfc3_footer-thumb-p-500.jpg
Connecting to cdn.prod.website-files.com (cdn.prod.website-files.com)|2606:4700::6812:a175|:443... connected.
HTTP request sent, awaiting response... 200 OK
Length: 31532 (31K) [image/jpg]
Saving to: ‘cdn.prod.website-files.com/6a44eec1ed1af2c4c403df6b/6a44eec1ed1af2c4c403dfc3_footer-thumb-p-500.jpg’

     0K .......... .......... ..........                      100% 2.91M=0.01s

2026-09-12 19:17:28 (2.91 MB/s) - ‘cdn.prod.website-files.com/6a44eec1ed1af2c4c403df6b/6a44eec1ed1af2c4c403dfc3_footer-thumb-p-500.jpg’ saved [31532/31532]

--2026-09-12 19:17:28--  https://cdn.prod.website-files.com/6a44eec1ed1af2c4c403df6b/6a44eec1ed1af2c4c403dfc3_footer-thumb.jpg
Reusing existing connection to [cdn.prod.website-files.com]:443.
HTTP request sent, awaiting response... 200 OK
Length: 72617 (71K) [image/jpeg]
Saving to: ‘cdn.prod.website-files.com/6a44eec1ed1af2c4c403df6b/6a44eec1ed1af2c4c403dfc3_footer-thumb.jpg’

     0K .......... .......... .......... .......... .......... 70% 4.22M 0s
    50K .......... ..........                                 100% 6.67M=0.01s

2026-09-12 19:17:28 (4.73 MB/s) - ‘cdn.prod.website-files.com/6a44eec1ed1af2c4c403df6b/6a44eec1ed1af2c4c403dfc3_footer-thumb.jpg’ saved [72617/72617]

--2026-09-12 19:17:28--  https://cdn.prod.website-files.com/6a44eec1ed1af2c4c403df6b/6a44eec1ed1af2c4c403dfc5_map.png
Reusing existing connection to [cdn.prod.website-files.com]:443.
HTTP request sent, awaiting response... 200 OK
Length: 12806 (13K) [image/png]
Saving to: ‘cdn.prod.website-files.com/6a44eec1ed1af2c4c403df6b/6a44eec1ed1af2c4c403dfc5_map.png’

     0K .......... ..                                         100%  203M=0s

2026-09-12 19:17:28 (203 MB/s) - ‘cdn.prod.website-files.com/6a44eec1ed1af2c4c403df6b/6a44eec1ed1af2c4c403dfc5_map.png’ saved [12806/12806]

--2026-09-12 19:17:28--  https://unitedcarriers.com/qhse
Connecting to unitedcarriers.com (unitedcarriers.com)|198.202.211.1|:443... connected.
HTTP request sent, awaiting response... 200 OK
Length: unspecified [text/html]
Saving to: ‘unitedcarriers.com/qhse.html’

     0K .......... .......... .......... .......... .......... 2.09M
    50K .......... .......... .......... .......... .......... 6.02M
   100K .......... .......... .......... .......... .......... 8.49M
   150K .......... .......... .......... .......... .......... 2.80M
   200K .......... .......... .......... .......... ..........  432M
   250K                                                         687G=0.05s

2026-09-12 19:17:28 (4.46 MB/s) - ‘unitedcarriers.com/qhse.html’ saved [256369]

--2026-09-12 19:17:28--  https://unitedcarriers.com/privacy-policy
Reusing existing connection to unitedcarriers.com:443.
HTTP request sent, awaiting response... 200 OK
Length: unspecified [text/html]
Saving to: ‘unitedcarriers.com/privacy-policy.html’

     0K .......... .......... .......... .......... ..........  426M
    50K .......... .......... .......... .......... .......... 2.27M
   100K .......... .......... .......... .......... .......... 1.09M
   150K .......... .......... .......... .......... .......... 2.96M
   200K .......... .......... .......... .......... .......... 2.91M
   250K .                                                      2.12T=0.1s

2026-09-12 19:17:28 (2.46 MB/s) - ‘unitedcarriers.com/privacy-policy.html’ saved [257165]

--2026-09-12 19:17:28--  https://unitedcarriers.com/terms-conditions
Reusing existing connection to unitedcarriers.com:443.
HTTP request sent, awaiting response... 200 OK
Length: unspecified [text/html]
Saving to: ‘unitedcarriers.com/terms-conditions.html’

     0K .......... .......... .......... .......... .......... 44.7M
    50K .......... .......... .......... .......... ..........  873K
   100K .......... .......... .......... .......... ..........  753K
   150K .......... .......... .......... .......... .......... 27.7M
   200K .......... .......... .......... .......... .......... 4.01M
   250K .......... .......... .......... .......... .......... 12.9M
   300K ....                                                    204M=0.1s

2026-09-12 19:17:28 (2.09 MB/s) - ‘unitedcarriers.com/terms-conditions.html’ saved [312303]

--2026-09-12 19:17:28--  https://unitedcarriers.com/payment-policy
Reusing existing connection to unitedcarriers.com:443.
HTTP request sent, awaiting response... 200 OK
Length: unspecified [text/html]
Saving to: ‘unitedcarriers.com/payment-policy.html’

     0K .......... .......... .......... .......... .......... 2.04M
    50K .......... .......... .......... .......... ..........  689K
   100K .......... .......... .......... .......... .......... 1.52M
   150K .......... .......... .......... .......... .......... 1.61M
   200K .......... .......... .......... .......... ........   1.52M=0.2s

2026-09-12 19:17:29 (1.28 MB/s) - ‘unitedcarriers.com/payment-policy.html’ saved [254863]

--2026-09-12 19:17:29--  https://unitedcarriers.com/delivery-shipping-policy
Reusing existing connection to unitedcarriers.com:443.
HTTP request sent, awaiting response... 200 OK
Length: unspecified [text/html]
Saving to: ‘unitedcarriers.com/delivery-shipping-policy.html’

     0K .......... .......... .......... .......... .......... 1.98M
    50K .......... .......... .......... .......... .......... 1.14M
   100K .......... .......... .......... .......... .......... 1.34M
   150K .......... .......... .......... .......... .......... 2.30M
   200K .......... .......... .......... .......... ........   1.53M=0.2s

2026-09-12 19:17:29 (1.55 MB/s) - ‘unitedcarriers.com/delivery-shipping-policy.html’ saved [254245]

--2026-09-12 19:17:29--  https://unitedcarriers.com/refund-returns-policy
Reusing existing connection to unitedcarriers.com:443.
HTTP request sent, awaiting response... 200 OK
Length: unspecified [text/html]
Saving to: ‘unitedcarriers.com/refund-returns-policy.html’

     0K .......... .......... .......... .......... .......... 1.53M
    50K .......... .......... .......... .......... .......... 1.61M
   100K .......... .......... .......... .......... .......... 1.50M
   150K .......... .......... .......... .......... .......... 1.60M
   200K .......... .......... .......... .......... ........   1.51M=0.2s

2026-09-12 19:17:29 (1.55 MB/s) - ‘unitedcarriers.com/refund-returns-policy.html’ saved [254680]

--2026-09-12 19:17:29--  https://cdn.prod.website-files.com/6a44eec1ed1af2c4c403df6b/6a44eec1ed1af2c4c403dfc2_logo-dot-p-500.png
Connecting to cdn.prod.website-files.com (cdn.prod.website-files.com)|2606:4700::6812:a175|:443... connected.
HTTP request sent, awaiting response... 200 OK
Length: 5886 (5.7K) [image/png]
Saving to: ‘cdn.prod.website-files.com/6a44eec1ed1af2c4c403df6b/6a44eec1ed1af2c4c403dfc2_logo-dot-p-500.png’

     0K .....                                                 100% 2.63M=0.002s

2026-09-12 19:17:29 (2.63 MB/s) - ‘cdn.prod.website-files.com/6a44eec1ed1af2c4c403df6b/6a44eec1ed1af2c4c403dfc2_logo-dot-p-500.png’ saved [5886/5886]

--2026-09-12 19:17:29--  https://cdn.prod.website-files.com/6a44eec1ed1af2c4c403df6b/6a44eec1ed1af2c4c403dfc2_logo-dot-p-800.png
Reusing existing connection to [cdn.prod.website-files.com]:443.
HTTP request sent, awaiting response... 200 OK
Length: 17636 (17K) [image/png]
Saving to: ‘cdn.prod.website-files.com/6a44eec1ed1af2c4c403df6b/6a44eec1ed1af2c4c403dfc2_logo-dot-p-800.png’

     0K .......... .......                                    100% 1.51M=0.01s

2026-09-12 19:17:29 (1.51 MB/s) - ‘cdn.prod.website-files.com/6a44eec1ed1af2c4c403df6b/6a44eec1ed1af2c4c403dfc2_logo-dot-p-800.png’ saved [17636/17636]

--2026-09-12 19:17:29--  https://cdn.prod.website-files.com/6a44eec1ed1af2c4c403df6b/6a44eec1ed1af2c4c403dfc2_logo-dot.png
Reusing existing connection to [cdn.prod.website-files.com]:443.
HTTP request sent, awaiting response... 200 OK
Length: 25580 (25K) [image/png]
Saving to: ‘cdn.prod.website-files.com/6a44eec1ed1af2c4c403df6b/6a44eec1ed1af2c4c403dfc2_logo-dot.png’

     0K .......... .......... ....                            100% 3.20M=0.008s

2026-09-12 19:17:29 (3.20 MB/s) - ‘cdn.prod.website-files.com/6a44eec1ed1af2c4c403df6b/6a44eec1ed1af2c4c403dfc2_logo-dot.png’ saved [25580/25580]

--2026-09-12 19:17:29--  https://cdn.prod.website-files.com/6a44eec1ed1af2c4c403df6b/6a44eec1ed1af2c4c403dfdd_logo-mb.png
Reusing existing connection to [cdn.prod.website-files.com]:443.
HTTP request sent, awaiting response... 200 OK
Length: 7485 (7.3K) [image/png]
Saving to: ‘cdn.prod.website-files.com/6a44eec1ed1af2c4c403df6b/6a44eec1ed1af2c4c403dfdd_logo-mb.png’

     0K .......                                               100% 69.2M=0s

2026-09-12 19:17:29 (69.2 MB/s) - ‘cdn.prod.website-files.com/6a44eec1ed1af2c4c403df6b/6a44eec1ed1af2c4c403dfdd_logo-mb.png’ saved [7485/7485]

--2026-09-12 19:17:29--  https://cdn.prod.website-files.com/6a44eec1ed1af2c4c403df6b/6a44eec1ed1af2c4c403df9b_Logo.svg
Reusing existing connection to [cdn.prod.website-files.com]:443.
HTTP request sent, awaiting response... 200 OK
Length: 10684 (10K) [image/svg+xml]
Saving to: ‘cdn.prod.website-files.com/6a44eec1ed1af2c4c403df6b/6a44eec1ed1af2c4c403df9b_Logo.svg’

     0K ..........                                            100%  150M=0s

2026-09-12 19:17:29 (150 MB/s) - ‘cdn.prod.website-files.com/6a44eec1ed1af2c4c403df6b/6a44eec1ed1af2c4c403df9b_Logo.svg’ saved [10684/10684]

--2026-09-12 19:17:29--  https://cdn.prod.website-files.com/6a44eec1ed1af2c4c403df6b/js/webflow.schunk.7a143ecb35f54dba.js
Reusing existing connection to [cdn.prod.website-files.com]:443.
HTTP request sent, awaiting response... 200 OK
Length: 1574467 (1.5M) [text/javascript]
Saving to: ‘cdn.prod.website-files.com/6a44eec1ed1af2c4c403df6b/js/webflow.schunk.7a143ecb35f54dba.js’

     0K .......... .......... .......... .......... ..........  3% 5.02M 0s
    50K .......... .......... .......... .......... ..........  6% 4.98M 0s
   100K .......... .......... .......... .......... ..........  9% 5.02M 0s
   150K .......... .......... .......... .......... .......... 13% 24.3M 0s
   200K .......... .......... .......... .......... .......... 16%  748K 1s
   250K .......... .......... .......... .......... .......... 19% 1.21M 1s
   300K .......... .......... .......... .......... .......... 22% 3.97M 1s
   350K .......... .......... .......... .......... .......... 26%  472M 0s
   400K .......... .......... .......... .......... .......... 29% 1.33M 0s
   450K .......... .......... .......... .......... .......... 32% 1.57M 0s
   500K .......... .......... .......... .......... .......... 35% 2.22M 0s
   550K .......... .......... .......... .......... .......... 39% 1.56M 0s
   600K .......... .......... .......... .......... .......... 42% 1.49M 0s
   650K .......... .......... .......... .......... .......... 45%  997K 0s
   700K .......... .......... .......... .......... .......... 48% 1.51M 0s
   750K .......... .......... .......... .......... .......... 52% 1.51M 0s
   800K .......... .......... .......... .......... .......... 55%  462K 0s
   850K .......... .......... .......... .......... .......... 58% 3.78M 0s
   900K .......... .......... .......... .......... .......... 61% 1.61M 0s
   950K .......... .......... .......... .......... .......... 65% 1.70M 0s
  1000K .......... .......... .......... .......... .......... 68% 1.69M 0s
  1050K .......... .......... .......... .......... .......... 71% 1.64M 0s
  1100K .......... .......... .......... .......... .......... 74% 1.53M 0s
  1150K .......... .......... .......... .......... .......... 78% 1.78M 0s
  1200K .......... .......... .......... .......... .......... 81% 1.21M 0s
  1250K .......... .......... .......... .......... .......... 84% 1.65M 0s
  1300K .......... .......... .......... .......... .......... 87% 1.57M 0s
  1350K .......... .......... .......... .......... .......... 91% 1.73M 0s
  1400K .......... .......... .......... .......... .......... 94% 1.50M 0s
  1450K .......... .......... .......... .......... .......... 97% 1.52M 0s
  1500K .......... .......... .......... .......              100% 1.24M=0.9s

2026-09-12 19:17:30 (1.60 MB/s) - ‘cdn.prod.website-files.com/6a44eec1ed1af2c4c403df6b/js/webflow.schunk.7a143ecb35f54dba.js’ saved [1574467/1574467]

--2026-09-12 19:17:30--  https://cdn.prod.website-files.com/6a44eec1ed1af2c4c403df6b/js/webflow.schunk.ebd01c7a24c3f681.js
Reusing existing connection to [cdn.prod.website-files.com]:443.
HTTP request sent, awaiting response... 200 OK
Length: 283035 (276K) [text/javascript]
Saving to: ‘cdn.prod.website-files.com/6a44eec1ed1af2c4c403df6b/js/webflow.schunk.ebd01c7a24c3f681.js’

     0K .......... .......... .......... .......... .......... 18% 1.72M 0s
    50K .......... .......... .......... .......... .......... 36%  683K 0s
   100K .......... .......... .......... .......... .......... 54% 1.66M 0s
   150K .......... .......... .......... .......... .......... 72% 2.48M 0s
   200K .......... .......... .......... .......... .......... 90% 2.13M 0s
   250K .......... .......... ......                          100% 4.71M=0.2s

2026-09-12 19:17:30 (1.51 MB/s) - ‘cdn.prod.website-files.com/6a44eec1ed1af2c4c403df6b/js/webflow.schunk.ebd01c7a24c3f681.js’ saved [283035/283035]

--2026-09-12 19:17:30--  https://cdn.prod.website-files.com/6a44eec1ed1af2c4c403df6b/js/webflow.9d979e0d.ce21502f658531f1.js
Reusing existing connection to [cdn.prod.website-files.com]:443.
HTTP request sent, awaiting response... 200 OK
Length: 4681 (4.6K) [text/javascript]
Saving to: ‘cdn.prod.website-files.com/6a44eec1ed1af2c4c403df6b/js/webflow.9d979e0d.ce21502f658531f1.js’

     0K ....                                                  100%  147M=0s

2026-09-12 19:17:30 (147 MB/s) - ‘cdn.prod.website-files.com/6a44eec1ed1af2c4c403df6b/js/webflow.9d979e0d.ce21502f658531f1.js’ saved [4681/4681]

--2026-09-12 19:17:30--  https://cdn.prod.website-files.com/6a44eec1ed1af2c4c403df6b/6a44eec1ed1af2c4c403df89_BTSteinhart-Medium-subset.woff2
Reusing existing connection to [cdn.prod.website-files.com]:443.
HTTP request sent, awaiting response... 200 OK
Length: 19272 (19K) [font/woff2]
Saving to: ‘cdn.prod.website-files.com/6a44eec1ed1af2c4c403df6b/6a44eec1ed1af2c4c403df89_BTSteinhart-Medium-subset.woff2’

     0K .......... ........                                   100% 14.2M=0.001s

2026-09-12 19:17:30 (14.2 MB/s) - ‘cdn.prod.website-files.com/6a44eec1ed1af2c4c403df6b/6a44eec1ed1af2c4c403df89_BTSteinhart-Medium-subset.woff2’ saved [19272/19272]

--2026-09-12 19:17:30--  https://cdn.prod.website-files.com/6a44eec1ed1af2c4c403df6b/6a44eec1ed1af2c4c403df88_BTSteinhart-Bold-subset.woff2
Reusing existing connection to [cdn.prod.website-files.com]:443.
HTTP request sent, awaiting response... 200 OK
Length: 18376 (18K) [font/woff2]
Saving to: ‘cdn.prod.website-files.com/6a44eec1ed1af2c4c403df6b/6a44eec1ed1af2c4c403df88_BTSteinhart-Bold-subset.woff2’

     0K .......... .......                                    100% 14.0M=0.001s

2026-09-12 19:17:31 (14.0 MB/s) - ‘cdn.prod.website-files.com/6a44eec1ed1af2c4c403df6b/6a44eec1ed1af2c4c403df88_BTSteinhart-Bold-subset.woff2’ saved [18376/18376]

--2026-09-12 19:17:31--  https://cdn.prod.website-files.com/6a44eec1ed1af2c4c403df6b/6a44eec1ed1af2c4c403df8b_HelveticaNeueMedium-subset.woff2
Reusing existing connection to [cdn.prod.website-files.com]:443.
HTTP request sent, awaiting response... 200 OK
Length: 33924 (33K) [font/woff2]
Saving to: ‘cdn.prod.website-files.com/6a44eec1ed1af2c4c403df6b/6a44eec1ed1af2c4c403df8b_HelveticaNeueMedium-subset.woff2’

     0K .......... .......... .......... ...                  100% 4.62M=0.007s

2026-09-12 19:17:31 (4.62 MB/s) - ‘cdn.prod.website-files.com/6a44eec1ed1af2c4c403df6b/6a44eec1ed1af2c4c403df8b_HelveticaNeueMedium-subset.woff2’ saved [33924/33924]

--2026-09-12 19:17:31--  https://cdn.prod.website-files.com/6a44eec1ed1af2c4c403df6b/6a44eec1ed1af2c4c403df8a_HelveticaNeueRoman-subset.woff2
Reusing existing connection to [cdn.prod.website-files.com]:443.
HTTP request sent, awaiting response... 200 OK
Length: 56408 (55K) [font/woff2]
Saving to: ‘cdn.prod.website-files.com/6a44eec1ed1af2c4c403df6b/6a44eec1ed1af2c4c403df8a_HelveticaNeueRoman-subset.woff2’

     0K .......... .......... .......... .......... .......... 90% 2.84M 0s
    50K .....                                                 100% 9.47T=0.02s

2026-09-12 19:17:31 (3.13 MB/s) - ‘cdn.prod.website-files.com/6a44eec1ed1af2c4c403df6b/6a44eec1ed1af2c4c403df8a_HelveticaNeueRoman-subset.woff2’ saved [56408/56408]

--2026-09-12 19:17:31--  https://cdn.prod.website-files.com/6a44eec1ed1af2c4c403df6b/6a44eec1ed1af2c4c403df8c_BTSteinhart-RegularMono-subset.woff2
Reusing existing connection to [cdn.prod.website-files.com]:443.
HTTP request sent, awaiting response... 200 OK
Length: 16920 (17K) [font/woff2]
Saving to: ‘cdn.prod.website-files.com/6a44eec1ed1af2c4c403df6b/6a44eec1ed1af2c4c403df8c_BTSteinhart-RegularMono-subset.woff2’

     0K .......... ......                                     100% 1.97M=0.008s

2026-09-12 19:17:31 (1.97 MB/s) - ‘cdn.prod.website-files.com/6a44eec1ed1af2c4c403df6b/6a44eec1ed1af2c4c403df8c_BTSteinhart-RegularMono-subset.woff2’ saved [16920/16920]

--2026-09-12 19:17:31--  https://cdn.prod.website-files.com/6a44eec1ed1af2c4c403df6b/6a44eec1ed1af2c4c403df82_bg-dot.png
Reusing existing connection to [cdn.prod.website-files.com]:443.
HTTP request sent, awaiting response... 200 OK
Length: 102 [image/png]
Saving to: ‘cdn.prod.website-files.com/6a44eec1ed1af2c4c403df6b/6a44eec1ed1af2c4c403df82_bg-dot.png’

     0K                                                       100%  386M=0s

2026-09-12 19:17:31 (386 MB/s) - ‘cdn.prod.website-files.com/6a44eec1ed1af2c4c403df6b/6a44eec1ed1af2c4c403df82_bg-dot.png’ saved [102/102]

--2026-09-12 19:17:31--  https://cdn.prod.website-files.com/6a44eec1ed1af2c4c403df6b/6a44eec1ed1af2c4c403e714_road-line-ver.svg
Reusing existing connection to [cdn.prod.website-files.com]:443.
HTTP request sent, awaiting response... 200 OK
Length: 762 [image/svg+xml]
Saving to: ‘cdn.prod.website-files.com/6a44eec1ed1af2c4c403df6b/6a44eec1ed1af2c4c403e714_road-line-ver.svg’

     0K                                                       100% 22.4M=0s

2026-09-12 19:17:31 (22.4 MB/s) - ‘cdn.prod.website-files.com/6a44eec1ed1af2c4c403df6b/6a44eec1ed1af2c4c403e714_road-line-ver.svg’ saved [762/762]

--2026-09-12 19:17:31--  https://cdn.prod.website-files.com/6a44eec1ed1af2c4c403df6b/6a44eec1ed1af2c4c403dfe1_deco.svg
Reusing existing connection to [cdn.prod.website-files.com]:443.
HTTP request sent, awaiting response... 200 OK
Length: 167 [image/svg+xml]
Saving to: ‘cdn.prod.website-files.com/6a44eec1ed1af2c4c403df6b/6a44eec1ed1af2c4c403dfe1_deco.svg’

     0K                                                       100%  910M=0s

2026-09-12 19:17:31 (910 MB/s) - ‘cdn.prod.website-files.com/6a44eec1ed1af2c4c403df6b/6a44eec1ed1af2c4c403dfe1_deco.svg’ saved [167/167]

--2026-09-12 19:17:31--  https://cdn.prod.website-files.com/6a44eec1ed1af2c4c403df6b/6a44eec1ed1af2c4c403dfe2_deco-light.svg
Reusing existing connection to [cdn.prod.website-files.com]:443.
HTTP request sent, awaiting response... 200 OK
Length: 165 [image/svg+xml]
Saving to: ‘cdn.prod.website-files.com/6a44eec1ed1af2c4c403df6b/6a44eec1ed1af2c4c403dfe2_deco-light.svg’

     0K                                                       100%  811M=0s

2026-09-12 19:17:31 (811 MB/s) - ‘cdn.prod.website-files.com/6a44eec1ed1af2c4c403df6b/6a44eec1ed1af2c4c403dfe2_deco-light.svg’ saved [165/165]

--2026-09-12 19:17:31--  https://cdn.prod.website-files.com/6a44eec1ed1af2c4c403df6b/6a44eec1ed1af2c4c403dfa7_bg-ic.png
Reusing existing connection to [cdn.prod.website-files.com]:443.
HTTP request sent, awaiting response... 200 OK
Length: 158 [image/png]
Saving to: ‘cdn.prod.website-files.com/6a44eec1ed1af2c4c403df6b/6a44eec1ed1af2c4c403dfa7_bg-ic.png’

     0K                                                       100%  978M=0s

2026-09-12 19:17:31 (978 MB/s) - ‘cdn.prod.website-files.com/6a44eec1ed1af2c4c403df6b/6a44eec1ed1af2c4c403dfa7_bg-ic.png’ saved [158/158]

--2026-09-12 19:17:31--  https://cdn.prod.website-files.com/6a44eec1ed1af2c4c403df6b/6a44eec1ed1af2c4c403e63d_road-line-big.svg
Reusing existing connection to [cdn.prod.website-files.com]:443.
HTTP request sent, awaiting response... 200 OK
Length: 690 [image/svg+xml]
Saving to: ‘cdn.prod.website-files.com/6a44eec1ed1af2c4c403df6b/6a44eec1ed1af2c4c403e63d_road-line-big.svg’

     0K                                                       100% 28.4M=0s

2026-09-12 19:17:31 (28.4 MB/s) - ‘cdn.prod.website-files.com/6a44eec1ed1af2c4c403df6b/6a44eec1ed1af2c4c403e63d_road-line-big.svg’ saved [690/690]

--2026-09-12 19:17:31--  https://cdn.prod.website-files.com/6a44eec1ed1af2c4c403df6b/6a44eec1ed1af2c4c403e7d4_cursor-circle.svg
Reusing existing connection to [cdn.prod.website-files.com]:443.
HTTP request sent, awaiting response... 200 OK
Length: 263 [image/svg+xml]
Saving to: ‘cdn.prod.website-files.com/6a44eec1ed1af2c4c403df6b/6a44eec1ed1af2c4c403e7d4_cursor-circle.svg’

     0K                                                       100%  601M=0s

2026-09-12 19:17:31 (601 MB/s) - ‘cdn.prod.website-files.com/6a44eec1ed1af2c4c403df6b/6a44eec1ed1af2c4c403e7d4_cursor-circle.svg’ saved [263/263]

--2026-09-12 19:17:31--  https://cdn.prod.website-files.com/6a44eec1ed1af2c4c403df6b/6a44eec1ed1af2c4c403e97d_road-line-mb.png
Reusing existing connection to [cdn.prod.website-files.com]:443.
HTTP request sent, awaiting response... 200 OK
Length: 103 [image/png]
Saving to: ‘cdn.prod.website-files.com/6a44eec1ed1af2c4c403df6b/6a44eec1ed1af2c4c403e97d_road-line-mb.png’

     0K                                                       100%  346M=0s

2026-09-12 19:17:31 (346 MB/s) - ‘cdn.prod.website-files.com/6a44eec1ed1af2c4c403df6b/6a44eec1ed1af2c4c403e97d_road-line-mb.png’ saved [103/103]

--2026-09-12 19:17:31--  https://cdn.prod.website-files.com/6a44eec1ed1af2c4c403df6b/6a5dd9874c16d0eedff35823_bg-ins.png
Reusing existing connection to [cdn.prod.website-files.com]:443.
HTTP request sent, awaiting response... 200 OK
Length: 362443 (354K) [image/png]
Saving to: ‘cdn.prod.website-files.com/6a44eec1ed1af2c4c403df6b/6a5dd9874c16d0eedff35823_bg-ins.png’

     0K .......... .......... .......... .......... .......... 14% 3.82M 0s
    50K .......... .......... .......... .......... .......... 28% 3.26M 0s
   100K .......... .......... .......... .......... .......... 42% 2.86M 0s
   150K .......... .......... .......... .......... .......... 56% 4.20M 0s
   200K .......... .......... .......... .......... .......... 70% 3.39M 0s
   250K .......... .......... .......... .......... .......... 84%  949K 0s
   300K .......... .......... .......... .......... .......... 98% 7.29M 0s
   350K ...                                                   100% 2.28M=0.1s

2026-09-12 19:17:31 (2.62 MB/s) - ‘cdn.prod.website-files.com/6a44eec1ed1af2c4c403df6b/6a5dd9874c16d0eedff35823_bg-ins.png’ saved [362443/362443]

--2026-09-12 19:17:31--  https://cdn.prod.website-files.com/6a44eec1ed1af2c4c403df6b/6a5dd9874c16d0eedff35823_bg-ins-p-500.png
Reusing existing connection to [cdn.prod.website-files.com]:443.
HTTP request sent, awaiting response... 200 OK
Length: 38328 (37K) [image/png]
Saving to: ‘cdn.prod.website-files.com/6a44eec1ed1af2c4c403df6b/6a5dd9874c16d0eedff35823_bg-ins-p-500.png’

     0K .......... .......... .......... .......              100%  640K=0.06s

2026-09-12 19:17:31 (640 KB/s) - ‘cdn.prod.website-files.com/6a44eec1ed1af2c4c403df6b/6a5dd9874c16d0eedff35823_bg-ins-p-500.png’ saved [38328/38328]

--2026-09-12 19:17:31--  https://cdn.prod.website-files.com/6a44eec1ed1af2c4c403df6b/6a5dd9874c16d0eedff35823_bg-ins-p-800.png
Reusing existing connection to [cdn.prod.website-files.com]:443.
HTTP request sent, awaiting response... 200 OK
Length: 86590 (85K) [image/png]
Saving to: ‘cdn.prod.website-files.com/6a44eec1ed1af2c4c403df6b/6a5dd9874c16d0eedff35823_bg-ins-p-800.png’

     0K .......... .......... .......... .......... .......... 59% 3.68M 0s
    50K .......... .......... .......... ....                 100% 6.87M=0.02s

2026-09-12 19:17:31 (4.54 MB/s) - ‘cdn.prod.website-files.com/6a44eec1ed1af2c4c403df6b/6a5dd9874c16d0eedff35823_bg-ins-p-800.png’ saved [86590/86590]

--2026-09-12 19:17:31--  https://cdn.prod.website-files.com/6a44eec1ed1af2c4c403df6b/6a5dd9874c16d0eedff35823_bg-ins-p-1080.png
Reusing existing connection to [cdn.prod.website-files.com]:443.
HTTP request sent, awaiting response... 200 OK
Length: 152997 (149K) [image/png]
Saving to: ‘cdn.prod.website-files.com/6a44eec1ed1af2c4c403df6b/6a5dd9874c16d0eedff35823_bg-ins-p-1080.png’

     0K .......... .......... .......... .......... .......... 33% 4.13M 0s
    50K .......... .......... .......... .......... .......... 66% 5.62M 0s
   100K .......... .......... .......... .......... ......... 100% 1.54M=0.05s

2026-09-12 19:17:31 (2.82 MB/s) - ‘cdn.prod.website-files.com/6a44eec1ed1af2c4c403df6b/6a5dd9874c16d0eedff35823_bg-ins-p-1080.png’ saved [152997/152997]

--2026-09-12 19:17:31--  https://cdn.prod.website-files.com/6a44eec1ed1af2c4c403df6b/6a5dd9874c16d0eedff35823_bg-ins-p-1600.png
Reusing existing connection to [cdn.prod.website-files.com]:443.
HTTP request sent, awaiting response... 200 OK
Length: 321566 (314K) [image/png]
Saving to: ‘cdn.prod.website-files.com/6a44eec1ed1af2c4c403df6b/6a5dd9874c16d0eedff35823_bg-ins-p-1600.png’

     0K .......... .......... .......... .......... .......... 15%  901K 0s
    50K .......... .......... .......... .......... .......... 31% 1.76M 0s
   100K .......... .......... .......... .......... .......... 47% 1.09M 0s
   150K .......... .......... .......... .......... .......... 63% 2.80M 0s
   200K .......... .......... .......... .......... .......... 79%  415M 0s
   250K .......... .......... .......... .......... .......... 95% 1.79M 0s
   300K .......... ....                                       100% 2.03M=0.2s

2026-09-12 19:17:31 (1.71 MB/s) - ‘cdn.prod.website-files.com/6a44eec1ed1af2c4c403df6b/6a5dd9874c16d0eedff35823_bg-ins-p-1600.png’ saved [321566/321566]

--2026-09-12 19:17:31--  https://cdn.prod.website-files.com/6a44eec1ed1af2c4c403df6b/6a5ddca64296872d43bff1ef_bg-mb%20(1).png
Reusing existing connection to [cdn.prod.website-files.com]:443.
HTTP request sent, awaiting response... 200 OK
Length: 228191 (223K) [image/png]
Saving to: ‘cdn.prod.website-files.com/6a44eec1ed1af2c4c403df6b/6a5ddca64296872d43bff1ef_bg-mb (1).png’

     0K .......... .......... .......... .......... .......... 22% 1.86M 0s
    50K .......... .......... .......... .......... .......... 44% 1.51M 0s
   100K .......... .......... .......... .......... .......... 67% 1.47M 0s
   150K .......... .......... .......... .......... .......... 89% 1.31M 0s
   200K .......... .......... ..                              100% 2.31M=0.1s

2026-09-12 19:17:31 (1.57 MB/s) - ‘cdn.prod.website-files.com/6a44eec1ed1af2c4c403df6b/6a5ddca64296872d43bff1ef_bg-mb (1).png’ saved [228191/228191]

--2026-09-12 19:17:31--  https://cdn.prod.website-files.com/6a44eec1ed1af2c4c403df6b/6a5ddca64296872d43bff1ef_bg-mb%20(1)-p-500.png
Reusing existing connection to [cdn.prod.website-files.com]:443.
HTTP request sent, awaiting response... 200 OK
Length: 129942 (127K) [image/png]
Saving to: ‘cdn.prod.website-files.com/6a44eec1ed1af2c4c403df6b/6a5ddca64296872d43bff1ef_bg-mb (1)-p-500.png’

     0K .......... .......... .......... .......... .......... 39% 1.82M 0s
    50K .......... .......... .......... .......... .......... 78% 1.54M 0s
   100K .......... .......... ......                          100%  337K=0.1s

2026-09-12 19:17:32 (916 KB/s) - ‘cdn.prod.website-files.com/6a44eec1ed1af2c4c403df6b/6a5ddca64296872d43bff1ef_bg-mb (1)-p-500.png’ saved [129942/129942]

--2026-09-12 19:17:32--  https://cdn.prod.website-files.com/6a44eec1ed1af2c4c403df68/6a9e4d1915dca6e29795a7e1_6a73c5c54c295763e29e2dfd_Screenshot%202026-08-06%20at%209.22.40%E2%80%AFam%20(1).jpg
Reusing existing connection to [cdn.prod.website-files.com]:443.
HTTP request sent, awaiting response... 200 OK
Length: 44211 (43K) [image/jpeg]
Saving to: ‘cdn.prod.website-files.com/6a44eec1ed1af2c4c403df68/6a9e4d1915dca6e29795a7e1_6a73c5c54c295763e29e2dfd_Screenshot 2026-08-06 at 9.22.40 am (1).jpg’

     0K .......... .......... .......... .......... ...       100% 1.77M=0.02s

2026-09-12 19:17:32 (1.77 MB/s) - ‘cdn.prod.website-files.com/6a44eec1ed1af2c4c403df68/6a9e4d1915dca6e29795a7e1_6a73c5c54c295763e29e2dfd_Screenshot 2026-08-06 at 9.22.40 am (1).jpg’ saved [44211/44211]

--2026-09-12 19:17:32--  https://cdn.prod.website-files.com/6a44eec1ed1af2c4c403df68/6a9e4d1915dca6e29795a7e1_6a73c5c54c295763e29e2dfd_Screenshot%202026-08-06%20at%209.22.40%E2%80%AFam%20(1)-p-500.jpg
Reusing existing connection to [cdn.prod.website-files.com]:443.
HTTP request sent, awaiting response... 200 OK
Length: 14172 (14K) [image/jpg]
Saving to: ‘cdn.prod.website-files.com/6a44eec1ed1af2c4c403df68/6a9e4d1915dca6e29795a7e1_6a73c5c54c295763e29e2dfd_Screenshot 2026-08-06 at 9.22.40 am (1)-p-500.jpg’

     0K .......... ...                                        100%  350M=0s

2026-09-12 19:17:32 (350 MB/s) - ‘cdn.prod.website-files.com/6a44eec1ed1af2c4c403df68/6a9e4d1915dca6e29795a7e1_6a73c5c54c295763e29e2dfd_Screenshot 2026-08-06 at 9.22.40 am (1)-p-500.jpg’ saved [14172/14172]

--2026-09-12 19:17:32--  https://cdn.prod.website-files.com/6a44eec1ed1af2c4c403df68/6a9e4d1915dca6e29795a7e1_6a73c5c54c295763e29e2dfd_Screenshot%202026-08-06%20at%209.22.40%E2%80%AFam%20(1)-p-800.jpg
Reusing existing connection to [cdn.prod.website-files.com]:443.
HTTP request sent, awaiting response... 200 OK
Length: 28858 (28K) [image/jpg]
Saving to: ‘cdn.prod.website-files.com/6a44eec1ed1af2c4c403df68/6a9e4d1915dca6e29795a7e1_6a73c5c54c295763e29e2dfd_Screenshot 2026-08-06 at 9.22.40 am (1)-p-800.jpg’

     0K .......... .......... ........                        100% 1.55M=0.02s

2026-09-12 19:17:32 (1.55 MB/s) - ‘cdn.prod.website-files.com/6a44eec1ed1af2c4c403df68/6a9e4d1915dca6e29795a7e1_6a73c5c54c295763e29e2dfd_Screenshot 2026-08-06 at 9.22.40 am (1)-p-800.jpg’ saved [28858/28858]

--2026-09-12 19:17:32--  https://cdn.prod.website-files.com/6a44eec1ed1af2c4c403df68/6a4b2d1afac6fc4bb1115502_img-small.png
Reusing existing connection to [cdn.prod.website-files.com]:443.
HTTP request sent, awaiting response... 200 OK
Length: 87227 (85K) [image/png]
Saving to: ‘cdn.prod.website-files.com/6a44eec1ed1af2c4c403df68/6a4b2d1afac6fc4bb1115502_img-small.png’

     0K .......... .......... .......... .......... .......... 58% 1.87M 0s
    50K .......... .......... .......... .....                100% 1.75M=0.05s

2026-09-12 19:17:32 (1.82 MB/s) - ‘cdn.prod.website-files.com/6a44eec1ed1af2c4c403df68/6a4b2d1afac6fc4bb1115502_img-small.png’ saved [87227/87227]

--2026-09-12 19:17:32--  https://cdn.prod.website-files.com/6a44eec1ed1af2c4c403df68/6a4b2d1afac6fc4bb1115502_img-small-p-500.png
Reusing existing connection to [cdn.prod.website-files.com]:443.
HTTP request sent, awaiting response... 200 OK
Length: 76054 (74K) [image/png]
Saving to: ‘cdn.prod.website-files.com/6a44eec1ed1af2c4c403df68/6a4b2d1afac6fc4bb1115502_img-small-p-500.png’

     0K .......... .......... .......... .......... .......... 67% 1.81M 0s
    50K .......... .......... ....                            100% 1.99M=0.04s

2026-09-12 19:17:32 (1.86 MB/s) - ‘cdn.prod.website-files.com/6a44eec1ed1af2c4c403df68/6a4b2d1afac6fc4bb1115502_img-small-p-500.png’ saved [76054/76054]

--2026-09-12 19:17:32--  https://unitedcarriers.com/insights/conflict-drives-up-bunker-prices-helping-intra-asia-rates-end-six-week-decline
Connecting to unitedcarriers.com (unitedcarriers.com)|198.202.211.1|:443... connected.
HTTP request sent, awaiting response... 200 OK
Length: unspecified [text/html]
Saving to: ‘unitedcarriers.com/insights/conflict-drives-up-bunker-prices-helping-intra-asia-rates-end-six-week-decline.html’

     0K .......... .......... .......... .......... .......... 2.23M
    50K .......... .......... .......... .......... .......... 4.38M
   100K .......... .......... .......... .......... .......... 5.41M
   150K .......... .......... .......... .......... .......... 7.76M
   200K .......... .......... .......... .......... .......... 4.21M
   250K .......... .......... ........                          127K=0.3s

2026-09-12 19:17:34 (989 KB/s) - ‘unitedcarriers.com/insights/conflict-drives-up-bunker-prices-helping-intra-asia-rates-end-six-week-decline.html’ saved [284729]

--2026-09-12 19:17:34--  https://cdn.prod.website-files.com/6a44eec1ed1af2c4c403df68/6a84389018ef751cddbbca23_conflict%20image.jpg
Connecting to cdn.prod.website-files.com (cdn.prod.website-files.com)|2606:4700::6812:a175|:443... connected.
HTTP request sent, awaiting response... 200 OK
Length: 246041 (240K) [image/jpeg]
Saving to: ‘cdn.prod.website-files.com/6a44eec1ed1af2c4c403df68/6a84389018ef751cddbbca23_conflict image.jpg’

     0K .......... .......... .......... .......... .......... 20% 2.71M 0s
    50K .......... .......... .......... .......... .......... 41% 3.89M 0s
   100K .......... .......... .......... .......... .......... 62% 2.17M 0s
   150K .......... .......... .......... .......... .......... 83%  332M 0s
   200K .......... .......... .......... ..........           100%  517M=0.05s

2026-09-12 19:17:35 (4.41 MB/s) - ‘cdn.prod.website-files.com/6a44eec1ed1af2c4c403df68/6a84389018ef751cddbbca23_conflict image.jpg’ saved [246041/246041]

--2026-09-12 19:17:35--  https://cdn.prod.website-files.com/6a44eec1ed1af2c4c403df68/6a84389018ef751cddbbca23_conflict%20image-p-500.jpg
Reusing existing connection to [cdn.prod.website-files.com]:443.
HTTP request sent, awaiting response... 200 OK
Length: 19286 (19K) [image/jpg]
Saving to: ‘cdn.prod.website-files.com/6a44eec1ed1af2c4c403df68/6a84389018ef751cddbbca23_conflict image-p-500.jpg’

     0K .......... ........                                   100% 2.51M=0.007s

2026-09-12 19:17:35 (2.51 MB/s) - ‘cdn.prod.website-files.com/6a44eec1ed1af2c4c403df68/6a84389018ef751cddbbca23_conflict image-p-500.jpg’ saved [19286/19286]

--2026-09-12 19:17:35--  https://cdn.prod.website-files.com/6a44eec1ed1af2c4c403df68/6a84389018ef751cddbbca23_conflict%20image-p-800.jpg
Reusing existing connection to [cdn.prod.website-files.com]:443.
HTTP request sent, awaiting response... 200 OK
Length: 38607 (38K) [image/jpg]
Saving to: ‘cdn.prod.website-files.com/6a44eec1ed1af2c4c403df68/6a84389018ef751cddbbca23_conflict image-p-800.jpg’

     0K .......... .......... .......... .......              100% 1.38M=0.03s

2026-09-12 19:17:36 (1.38 MB/s) - ‘cdn.prod.website-files.com/6a44eec1ed1af2c4c403df68/6a84389018ef751cddbbca23_conflict image-p-800.jpg’ saved [38607/38607]

--2026-09-12 19:17:36--  https://cdn.prod.website-files.com/6a44eec1ed1af2c4c403df68/6a84389018ef751cddbbca23_conflict%20image-p-1080.jpg
Reusing existing connection to [cdn.prod.website-files.com]:443.
HTTP request sent, awaiting response... 200 OK
Length: 59063 (58K) [image/jpg]
Saving to: ‘cdn.prod.website-files.com/6a44eec1ed1af2c4c403df68/6a84389018ef751cddbbca23_conflict image-p-1080.jpg’

     0K .......... .......... .......... .......... .......... 86% 15.3M 0s
    50K .......                                               100%  927K=0.01s

2026-09-12 19:17:36 (4.91 MB/s) - ‘cdn.prod.website-files.com/6a44eec1ed1af2c4c403df68/6a84389018ef751cddbbca23_conflict image-p-1080.jpg’ saved [59063/59063]

--2026-09-12 19:17:36--  https://cdn.prod.website-files.com/6a44eec1ed1af2c4c403df68/6a84389018ef751cddbbca23_conflict%20image-p-1600.jpg
Reusing existing connection to [cdn.prod.website-files.com]:443.
HTTP request sent, awaiting response... 200 OK
Length: 101470 (99K) [image/jpg]
Saving to: ‘cdn.prod.website-files.com/6a44eec1ed1af2c4c403df68/6a84389018ef751cddbbca23_conflict image-p-1600.jpg’

     0K .......... .......... .......... .......... .......... 50% 13.0M 0s
    50K .......... .......... .......... .......... ......... 100%  446M=0.004s

2026-09-12 19:17:36 (25.0 MB/s) - ‘cdn.prod.website-files.com/6a44eec1ed1af2c4c403df68/6a84389018ef751cddbbca23_conflict image-p-1600.jpg’ saved [101470/101470]

--2026-09-12 19:17:36--  https://cdn.prod.website-files.com/6a44eec1ed1af2c4c403df68/6a84389018ef751cddbbca23_conflict%20image-p-2000.jpg
Reusing existing connection to [cdn.prod.website-files.com]:443.
HTTP request sent, awaiting response... 200 OK
Length: 137075 (134K) [image/jpg]
Saving to: ‘cdn.prod.website-files.com/6a44eec1ed1af2c4c403df68/6a84389018ef751cddbbca23_conflict image-p-2000.jpg’

     0K .......... .......... .......... .......... .......... 37% 5.30M 0s
    50K .......... .......... .......... .......... .......... 74% 24.3M 0s
   100K .......... .......... .......... ...                  100% 4.78M=0.02s

2026-09-12 19:17:36 (7.21 MB/s) - ‘cdn.prod.website-files.com/6a44eec1ed1af2c4c403df68/6a84389018ef751cddbbca23_conflict image-p-2000.jpg’ saved [137075/137075]

--2026-09-12 19:17:36--  https://unitedcarriers.com/insights/red-alert-shanghai-cancels-80-of-flights-as-typhoon-dolphin-makes-landfall
Connecting to unitedcarriers.com (unitedcarriers.com)|198.202.211.1|:443... connected.
HTTP request sent, awaiting response... 200 OK
Length: unspecified [text/html]
Saving to: ‘unitedcarriers.com/insights/red-alert-shanghai-cancels-80-of-flights-as-typhoon-dolphin-makes-landfall.html’

     0K .......... .......... .......... .......... .......... 1.46M
    50K .......... .......... .......... .......... .......... 4.24M
   100K .......... .......... .......... .......... .......... 6.08M
   150K .......... .......... .......... .......... .......... 6.67M
   200K .......... .......... .......... .......... .......... 17.6M
   250K .......... .......... ........                         9.64M=0.07s

2026-09-12 19:17:39 (4.12 MB/s) - ‘unitedcarriers.com/insights/red-alert-shanghai-cancels-80-of-flights-as-typhoon-dolphin-makes-landfall.html’ saved [285084]

--2026-09-12 19:17:39--  https://cdn.prod.website-files.com/6a44eec1ed1af2c4c403df68/6a843aedffb3daa310f36217_red%20alert%20image.jpg
Connecting to cdn.prod.website-files.com (cdn.prod.website-files.com)|2606:4700::6812:a175|:443... connected.
HTTP request sent, awaiting response... 200 OK
Length: 246042 (240K) [image/jpeg]
Saving to: ‘cdn.prod.website-files.com/6a44eec1ed1af2c4c403df68/6a843aedffb3daa310f36217_red alert image.jpg’

     0K .......... .......... .......... .......... .......... 20% 1.50M 0s
    50K .......... .......... .......... .......... .......... 41%  149M 0s
   100K .......... .......... .......... .......... .......... 62% 3.84M 0s
   150K .......... .......... .......... .......... .......... 83% 3.57M 0s
   200K .......... .......... .......... ..........           100% 8.11M=0.06s

2026-09-12 19:17:39 (3.66 MB/s) - ‘cdn.prod.website-files.com/6a44eec1ed1af2c4c403df68/6a843aedffb3daa310f36217_red alert image.jpg’ saved [246042/246042]

--2026-09-12 19:17:39--  https://cdn.prod.website-files.com/6a44eec1ed1af2c4c403df68/6a843aedffb3daa310f36217_red%20alert%20image-p-500.jpg
Reusing existing connection to [cdn.prod.website-files.com]:443.
HTTP request sent, awaiting response... 200 OK
Length: 21374 (21K) [image/jpg]
Saving to: ‘cdn.prod.website-files.com/6a44eec1ed1af2c4c403df68/6a843aedffb3daa310f36217_red alert image-p-500.jpg’

     0K .......... ..........                                 100%  356K=0.06s

2026-09-12 19:17:40 (356 KB/s) - ‘cdn.prod.website-files.com/6a44eec1ed1af2c4c403df68/6a843aedffb3daa310f36217_red alert image-p-500.jpg’ saved [21374/21374]

--2026-09-12 19:17:40--  https://cdn.prod.website-files.com/6a44eec1ed1af2c4c403df68/6a843aedffb3daa310f36217_red%20alert%20image-p-800.jpg
Reusing existing connection to [cdn.prod.website-files.com]:443.
HTTP request sent, awaiting response... 200 OK
Length: 41587 (41K) [image/jpg]
Saving to: ‘cdn.prod.website-files.com/6a44eec1ed1af2c4c403df68/6a843aedffb3daa310f36217_red alert image-p-800.jpg’

     0K .......... .......... .......... ..........           100% 4.43M=0.009s

2026-09-12 19:17:40 (4.43 MB/s) - ‘cdn.prod.website-files.com/6a44eec1ed1af2c4c403df68/6a843aedffb3daa310f36217_red alert image-p-800.jpg’ saved [41587/41587]

--2026-09-12 19:17:40--  https://cdn.prod.website-files.com/6a44eec1ed1af2c4c403df68/6a843aedffb3daa310f36217_red%20alert%20image-p-1080.jpg
Reusing existing connection to [cdn.prod.website-files.com]:443.
HTTP request sent, awaiting response... 200 OK
Length: 62776 (61K) [image/jpg]
Saving to: ‘cdn.prod.website-files.com/6a44eec1ed1af2c4c403df68/6a843aedffb3daa310f36217_red alert image-p-1080.jpg’

     0K .......... .......... .......... .......... .......... 81% 6.98M 0s
    50K .......... .                                          100% 1.76M=0.01s

2026-09-12 19:17:40 (4.51 MB/s) - ‘cdn.prod.website-files.com/6a44eec1ed1af2c4c403df68/6a843aedffb3daa310f36217_red alert image-p-1080.jpg’ saved [62776/62776]

--2026-09-12 19:17:40--  https://cdn.prod.website-files.com/6a44eec1ed1af2c4c403df68/6a843aedffb3daa310f36217_red%20alert%20image-p-1600.jpg
Reusing existing connection to [cdn.prod.website-files.com]:443.
HTTP request sent, awaiting response... 200 OK
Length: 105728 (103K) [image/jpg]
Saving to: ‘cdn.prod.website-files.com/6a44eec1ed1af2c4c403df68/6a843aedffb3daa310f36217_red alert image-p-1600.jpg’

     0K .......... .......... .......... .......... .......... 48% 5.71M 0s
    50K .......... .......... .......... .......... .......... 96% 7.27M 0s
   100K ...                                                   100% 6.05T=0.02s

2026-09-12 19:17:40 (6.61 MB/s) - ‘cdn.prod.website-files.com/6a44eec1ed1af2c4c403df68/6a843aedffb3daa310f36217_red alert image-p-1600.jpg’ saved [105728/105728]

--2026-09-12 19:17:40--  https://cdn.prod.website-files.com/6a44eec1ed1af2c4c403df68/6a843aedffb3daa310f36217_red%20alert%20image-p-2000.jpg
Reusing existing connection to [cdn.prod.website-files.com]:443.
HTTP request sent, awaiting response... 200 OK
Length: 141962 (139K) [image/jpg]
Saving to: ‘cdn.prod.website-files.com/6a44eec1ed1af2c4c403df68/6a843aedffb3daa310f36217_red alert image-p-2000.jpg’

     0K .......... .......... .......... .......... .......... 36% 4.48M 0s
    50K .......... .......... .......... .......... .......... 72% 7.23M 0s
   100K .......... .......... .......... ........             100% 8.65M=0.02s

2026-09-12 19:17:41 (6.15 MB/s) - ‘cdn.prod.website-files.com/6a44eec1ed1af2c4c403df68/6a843aedffb3daa310f36217_red alert image-p-2000.jpg’ saved [141962/141962]

--2026-09-12 19:17:41--  https://unitedcarriers.com/insights/typhoon-rips-roofs-off-buildings-and-floods-southern-china
Connecting to unitedcarriers.com (unitedcarriers.com)|198.202.211.1|:443... connected.
HTTP request sent, awaiting response... 200 OK
Length: unspecified [text/html]
Saving to: ‘unitedcarriers.com/insights/typhoon-rips-roofs-off-buildings-and-floods-southern-china.html’

     0K .......... .......... .......... .......... .......... 2.76M
    50K .......... .......... .......... .......... .......... 2.28M
   100K .......... .......... .......... .......... ..........  366M
   150K .......... .......... .......... .......... ..........  372M
   200K .......... .......... .......... .......... .......... 4.45M
   250K .......... .......... ........                         1.76M=0.07s

2026-09-12 19:17:44 (4.11 MB/s) - ‘unitedcarriers.com/insights/typhoon-rips-roofs-off-buildings-and-floods-southern-china.html’ saved [285259]

--2026-09-12 19:17:44--  https://cdn.prod.website-files.com/6a44eec1ed1af2c4c403df68/6a843efcc35eac9a13b972e7_typhoon%202%20image.jpg
Connecting to cdn.prod.website-files.com (cdn.prod.website-files.com)|2606:4700::6812:a175|:443... connected.
HTTP request sent, awaiting response... 200 OK
Length: 232487 (227K) [image/jpeg]
Saving to: ‘cdn.prod.website-files.com/6a44eec1ed1af2c4c403df68/6a843efcc35eac9a13b972e7_typhoon 2 image.jpg’

     0K .......... .......... .......... .......... .......... 22% 2.79M 0s
    50K .......... .......... .......... .......... .......... 44% 5.03M 0s
   100K .......... .......... .......... .......... .......... 66% 8.38M 0s
   150K .......... .......... .......... .......... .......... 88% 11.5M 0s
   200K .......... .......... .......                         100% 8.15M=0.04s

2026-09-12 19:17:44 (5.47 MB/s) - ‘cdn.prod.website-files.com/6a44eec1ed1af2c4c403df68/6a843efcc35eac9a13b972e7_typhoon 2 image.jpg’ saved [232487/232487]

--2026-09-12 19:17:44--  https://cdn.prod.website-files.com/6a44eec1ed1af2c4c403df68/6a843efcc35eac9a13b972e7_typhoon%202%20image-p-500.jpg
Reusing existing connection to [cdn.prod.website-files.com]:443.
HTTP request sent, awaiting response... 200 OK
Length: 12398 (12K) [image/jpg]
Saving to: ‘cdn.prod.website-files.com/6a44eec1ed1af2c4c403df68/6a843efcc35eac9a13b972e7_typhoon 2 image-p-500.jpg’

     0K .......... ..                                         100% 1.46M=0.008s

2026-09-12 19:17:44 (1.46 MB/s) - ‘cdn.prod.website-files.com/6a44eec1ed1af2c4c403df68/6a843efcc35eac9a13b972e7_typhoon 2 image-p-500.jpg’ saved [12398/12398]

--2026-09-12 19:17:44--  https://cdn.prod.website-files.com/6a44eec1ed1af2c4c403df68/6a843efcc35eac9a13b972e7_typhoon%202%20image-p-800.jpg
Reusing existing connection to [cdn.prod.website-files.com]:443.
HTTP request sent, awaiting response... 200 OK
Length: 23618 (23K) [image/jpg]
Saving to: ‘cdn.prod.website-files.com/6a44eec1ed1af2c4c403df68/6a843efcc35eac9a13b972e7_typhoon 2 image-p-800.jpg’

     0K .......... .......... ...                             100% 1.71M=0.01s

2026-09-12 19:17:44 (1.71 MB/s) - ‘cdn.prod.website-files.com/6a44eec1ed1af2c4c403df68/6a843efcc35eac9a13b972e7_typhoon 2 image-p-800.jpg’ saved [23618/23618]

--2026-09-12 19:17:44--  https://cdn.prod.website-files.com/6a44eec1ed1af2c4c403df68/6a843efcc35eac9a13b972e7_typhoon%202%20image-p-1080.jpg
Reusing existing connection to [cdn.prod.website-files.com]:443.
HTTP request sent, awaiting response... 200 OK
Length: 35418 (35K) [image/jpg]
Saving to: ‘cdn.prod.website-files.com/6a44eec1ed1af2c4c403df68/6a843efcc35eac9a13b972e7_typhoon 2 image-p-1080.jpg’

     0K .......... .......... .......... ....                 100% 7.90M=0.004s

2026-09-12 19:17:44 (7.90 MB/s) - ‘cdn.prod.website-files.com/6a44eec1ed1af2c4c403df68/6a843efcc35eac9a13b972e7_typhoon 2 image-p-1080.jpg’ saved [35418/35418]

--2026-09-12 19:17:44--  https://cdn.prod.website-files.com/6a44eec1ed1af2c4c403df68/6a843efcc35eac9a13b972e7_typhoon%202%20image-p-1600.jpg
Reusing existing connection to [cdn.prod.website-files.com]:443.
HTTP request sent, awaiting response... 200 OK
Length: 61845 (60K) [image/jpg]
Saving to: ‘cdn.prod.website-files.com/6a44eec1ed1af2c4c403df68/6a843efcc35eac9a13b972e7_typhoon 2 image-p-1600.jpg’

     0K .......... .......... .......... .......... .......... 82% 25.7M 0s
    50K ..........                                            100% 1.25M=0.01s

2026-09-12 19:17:44 (5.90 MB/s) - ‘cdn.prod.website-files.com/6a44eec1ed1af2c4c403df68/6a843efcc35eac9a13b972e7_typhoon 2 image-p-1600.jpg’ saved [61845/61845]

--2026-09-12 19:17:44--  https://cdn.prod.website-files.com/6a44eec1ed1af2c4c403df68/6a843efcc35eac9a13b972e7_typhoon%202%20image-p-2000.jpg
Reusing existing connection to [cdn.prod.website-files.com]:443.
HTTP request sent, awaiting response... 200 OK
Length: 84900 (83K) [image/jpg]
Saving to: ‘cdn.prod.website-files.com/6a44eec1ed1af2c4c403df68/6a843efcc35eac9a13b972e7_typhoon 2 image-p-2000.jpg’

     0K .......... .......... .......... .......... .......... 60% 6.35M 0s
    50K .......... .......... .......... ..                   100% 3.51M=0.02s

2026-09-12 19:17:44 (4.81 MB/s) - ‘cdn.prod.website-files.com/6a44eec1ed1af2c4c403df68/6a843efcc35eac9a13b972e7_typhoon 2 image-p-2000.jpg’ saved [84900/84900]

--2026-09-12 19:17:44--  https://unitedcarriers.com/insights/south-east-asia-now-making-the-rates-running
Connecting to unitedcarriers.com (unitedcarriers.com)|198.202.211.1|:443... connected.
HTTP request sent, awaiting response... 200 OK
Length: unspecified [text/html]
Saving to: ‘unitedcarriers.com/insights/south-east-asia-now-making-the-rates-running.html’

     0K .......... .......... .......... .......... .......... 2.53M
    50K .......... .......... .......... .......... .......... 4.94M
   100K .......... .......... .......... .......... .......... 8.37M
   150K .......... .......... .......... .......... .......... 11.2M
   200K .......... .......... .......... .......... .......... 6.06M
   250K .......... .......... ........                         7.66M=0.05s

2026-09-12 19:17:46 (5.33 MB/s) - ‘unitedcarriers.com/insights/south-east-asia-now-making-the-rates-running.html’ saved [285534]

--2026-09-12 19:17:46--  https://cdn.prod.website-files.com/6a44eec1ed1af2c4c403df68/6a843fc03b5502b3fbea6ac5_SE%20thumb.jpg
Connecting to cdn.prod.website-files.com (cdn.prod.website-files.com)|2606:4700::6812:a175|:443... connected.
HTTP request sent, awaiting response... 200 OK
Length: 100184 (98K) [image/jpeg]
Saving to: ‘cdn.prod.website-files.com/6a44eec1ed1af2c4c403df68/6a843fc03b5502b3fbea6ac5_SE thumb.jpg’

     0K .......... .......... .......... .......... .......... 51% 2.53M 0s
    50K .......... .......... .......... .......... .......   100% 5.22M=0.03s

2026-09-12 19:17:47 (3.38 MB/s) - ‘cdn.prod.website-files.com/6a44eec1ed1af2c4c403df68/6a843fc03b5502b3fbea6ac5_SE thumb.jpg’ saved [100184/100184]

--2026-09-12 19:17:47--  https://cdn.prod.website-files.com/6a44eec1ed1af2c4c403df68/6a843fc03b5502b3fbea6ac5_SE%20thumb-p-500.jpg
Reusing existing connection to [cdn.prod.website-files.com]:443.
HTTP request sent, awaiting response... 200 OK
Length: 41805 (41K) [image/jpg]
Saving to: ‘cdn.prod.website-files.com/6a44eec1ed1af2c4c403df68/6a843fc03b5502b3fbea6ac5_SE thumb-p-500.jpg’

     0K .......... .......... .......... ..........           100% 5.82M=0.007s

2026-09-12 19:17:47 (5.82 MB/s) - ‘cdn.prod.website-files.com/6a44eec1ed1af2c4c403df68/6a843fc03b5502b3fbea6ac5_SE thumb-p-500.jpg’ saved [41805/41805]

--2026-09-12 19:17:47--  https://cdn.prod.website-files.com/6a44eec1ed1af2c4c403df68/6a843fc03b5502b3fbea6ac5_SE%20thumb-p-800.jpg
Reusing existing connection to [cdn.prod.website-files.com]:443.
HTTP request sent, awaiting response... 200 OK
Length: 83822 (82K) [image/jpg]
Saving to: ‘cdn.prod.website-files.com/6a44eec1ed1af2c4c403df68/6a843fc03b5502b3fbea6ac5_SE thumb-p-800.jpg’

     0K .......... .......... .......... .......... .......... 61% 7.55M 0s
    50K .......... .......... .......... .                    100% 13.5M=0.009s

2026-09-12 19:17:47 (9.11 MB/s) - ‘cdn.prod.website-files.com/6a44eec1ed1af2c4c403df68/6a843fc03b5502b3fbea6ac5_SE thumb-p-800.jpg’ saved [83822/83822]

--2026-09-12 19:17:47--  https://unitedcarriers.com/insights/has-the-peak-peaked-or-has-space-raced
Connecting to unitedcarriers.com (unitedcarriers.com)|198.202.211.1|:443... connected.
HTTP request sent, awaiting response... 200 OK
Length: unspecified [text/html]
Saving to: ‘unitedcarriers.com/insights/has-the-peak-peaked-or-has-space-raced.html’

     0K .......... .......... .......... .......... .......... 13.4M
    50K .......... .......... .......... .......... .......... 4.17M
   100K .......... .......... .......... .......... .......... 5.77M
   150K .......... .......... .......... .......... .......... 15.1M
   200K .......... .......... .......... .......... .......... 14.7M
   250K .......... .......... ........                         1.80M=0.05s

2026-09-12 19:17:49 (5.95 MB/s) - ‘unitedcarriers.com/insights/has-the-peak-peaked-or-has-space-raced.html’ saved [284910]

--2026-09-12 19:17:49--  https://cdn.prod.website-files.com/6a44eec1ed1af2c4c403df68/6a85795f63d3b8548e274e91_has%20the%20peak.jpg
Connecting to cdn.prod.website-files.com (cdn.prod.website-files.com)|2606:4700::6812:a175|:443... connected.
HTTP request sent, awaiting response... 200 OK
Length: 102636 (100K) [image/jpeg]
Saving to: ‘cdn.prod.website-files.com/6a44eec1ed1af2c4c403df68/6a85795f63d3b8548e274e91_has the peak.jpg’

     0K .......... .......... .......... .......... .......... 49%  585K 0s
    50K .......... .......... .......... .......... .......... 99% 3.05M 0s
   100K                                                       100%  440G=0.1s

2026-09-12 19:17:49 (987 KB/s) - ‘cdn.prod.website-files.com/6a44eec1ed1af2c4c403df68/6a85795f63d3b8548e274e91_has the peak.jpg’ saved [102636/102636]

--2026-09-12 19:17:49--  https://cdn.prod.website-files.com/6a44eec1ed1af2c4c403df68/6a85795f63d3b8548e274e91_has%20the%20peak-p-500.jpg
Reusing existing connection to [cdn.prod.website-files.com]:443.
HTTP request sent, awaiting response... 200 OK
Length: 40104 (39K) [image/jpg]
Saving to: ‘cdn.prod.website-files.com/6a44eec1ed1af2c4c403df68/6a85795f63d3b8548e274e91_has the peak-p-500.jpg’

     0K .......... .......... .......... .........            100% 4.66M=0.008s

2026-09-12 19:17:49 (4.66 MB/s) - ‘cdn.prod.website-files.com/6a44eec1ed1af2c4c403df68/6a85795f63d3b8548e274e91_has the peak-p-500.jpg’ saved [40104/40104]

--2026-09-12 19:17:49--  https://cdn.prod.website-files.com/6a44eec1ed1af2c4c403df68/6a85795f63d3b8548e274e91_has%20the%20peak-p-800.jpg
Reusing existing connection to [cdn.prod.website-files.com]:443.
HTTP request sent, awaiting response... 200 OK
Length: 84482 (83K) [image/jpg]
Saving to: ‘cdn.prod.website-files.com/6a44eec1ed1af2c4c403df68/6a85795f63d3b8548e274e91_has the peak-p-800.jpg’

     0K .......... .......... .......... .......... .......... 60% 5.49M 0s
    50K .......... .......... .......... ..                   100% 6.92M=0.01s

2026-09-12 19:17:49 (5.98 MB/s) - ‘cdn.prod.website-files.com/6a44eec1ed1af2c4c403df68/6a85795f63d3b8548e274e91_has the peak-p-800.jpg’ saved [84482/84482]

--2026-09-12 19:17:49--  https://unitedcarriers.com/insights/hong-kong-europe-air-cargo-volumes-plummet
Connecting to unitedcarriers.com (unitedcarriers.com)|198.202.211.1|:443... connected.
HTTP request sent, awaiting response... 200 OK
Length: unspecified [text/html]
Saving to: ‘unitedcarriers.com/insights/hong-kong-europe-air-cargo-volumes-plummet.html’

     0K .......... .......... .......... .......... .......... 2.62M
    50K .......... .......... .......... .......... .......... 3.51M
   100K .......... .......... .......... .......... .......... 29.2M
   150K .......... .......... .......... .......... .......... 5.99M
   200K .......... .......... .......... .......... .......... 11.6M
   250K .......... .......... .......                           471K=0.1s

2026-09-12 19:17:51 (2.58 MB/s) - ‘unitedcarriers.com/insights/hong-kong-europe-air-cargo-volumes-plummet.html’ saved [284325]

--2026-09-12 19:17:51--  https://cdn.prod.website-files.com/6a44eec1ed1af2c4c403df68/6a85791e51946ff1aa566616_Hong%20Kong.jpg
Connecting to cdn.prod.website-files.com (cdn.prod.website-files.com)|2606:4700::6812:a175|:443... connected.
HTTP request sent, awaiting response... 200 OK
Length: 118335 (116K) [image/jpeg]
Saving to: ‘cdn.prod.website-files.com/6a44eec1ed1af2c4c403df68/6a85791e51946ff1aa566616_Hong Kong.jpg’

     0K .......... .......... .......... .......... .......... 43% 2.64M 0s
    50K .......... .......... .......... .......... .......... 86% 4.49M 0s
   100K .......... .....                                      100% 10.4M=0.03s

2026-09-12 19:17:51 (3.66 MB/s) - ‘cdn.prod.website-files.com/6a44eec1ed1af2c4c403df68/6a85791e51946ff1aa566616_Hong Kong.jpg’ saved [118335/118335]

--2026-09-12 19:17:51--  https://cdn.prod.website-files.com/6a44eec1ed1af2c4c403df68/6a85791e51946ff1aa566616_Hong%20Kong-p-500.jpg
Reusing existing connection to [cdn.prod.website-files.com]:443.
HTTP request sent, awaiting response... 200 OK
Length: 30251 (30K) [image/jpg]
Saving to: ‘cdn.prod.website-files.com/6a44eec1ed1af2c4c403df68/6a85791e51946ff1aa566616_Hong Kong-p-500.jpg’

     0K .......... .......... .........                       100% 3.58M=0.008s

2026-09-12 19:17:51 (3.58 MB/s) - ‘cdn.prod.website-files.com/6a44eec1ed1af2c4c403df68/6a85791e51946ff1aa566616_Hong Kong-p-500.jpg’ saved [30251/30251]

--2026-09-12 19:17:51--  https://cdn.prod.website-files.com/6a44eec1ed1af2c4c403df68/6a85791e51946ff1aa566616_Hong%20Kong-p-800.jpg
Reusing existing connection to [cdn.prod.website-files.com]:443.
HTTP request sent, awaiting response... 200 OK
Length: 65509 (64K) [image/jpg]
Saving to: ‘cdn.prod.website-files.com/6a44eec1ed1af2c4c403df68/6a85791e51946ff1aa566616_Hong Kong-p-800.jpg’

     0K .......... .......... .......... .......... .......... 78% 2.67M 0s
    50K .......... ...                                        100%  255M=0.02s

2026-09-12 19:17:51 (3.40 MB/s) - ‘cdn.prod.website-files.com/6a44eec1ed1af2c4c403df68/6a85791e51946ff1aa566616_Hong Kong-p-800.jpg’ saved [65509/65509]

--2026-09-12 19:17:51--  https://cdn.prod.website-files.com/6a44eec1ed1af2c4c403df68/6a85791e51946ff1aa566616_Hong%20Kong-p-1080.jpg
Reusing existing connection to [cdn.prod.website-files.com]:443.
HTTP request sent, awaiting response... 200 OK
Length: 104691 (102K) [image/jpg]
Saving to: ‘cdn.prod.website-files.com/6a44eec1ed1af2c4c403df68/6a85791e51946ff1aa566616_Hong Kong-p-1080.jpg’

     0K .......... .......... .......... .......... .......... 48% 8.29M 0s
    50K .......... .......... .......... .......... .......... 97% 14.8M 0s
   100K ..                                                    100% 4.17T=0.009s

2026-09-12 19:17:51 (10.9 MB/s) - ‘cdn.prod.website-files.com/6a44eec1ed1af2c4c403df68/6a85791e51946ff1aa566616_Hong Kong-p-1080.jpg’ saved [104691/104691]

--2026-09-12 19:17:51--  https://cdn.prod.website-files.com/6a44eec1ed1af2c4c403df6b/js/webflow.440e8453.58894945a186300f.js
Reusing existing connection to [cdn.prod.website-files.com]:443.
HTTP request sent, awaiting response... 200 OK
Length: 1621 (1.6K) [text/javascript]
Saving to: ‘cdn.prod.website-files.com/6a44eec1ed1af2c4c403df6b/js/webflow.440e8453.58894945a186300f.js’

     0K .                                                     100% 65.1M=0s

2026-09-12 19:17:51 (65.1 MB/s) - ‘cdn.prod.website-files.com/6a44eec1ed1af2c4c403df6b/js/webflow.440e8453.58894945a186300f.js’ saved [1621/1621]

--2026-09-12 19:17:51--  https://cdn.prod.website-files.com/6a44eec1ed1af2c4c403df68/6a843e179b892046f55345fe_typhoon%20thumb.jpg
Reusing existing connection to [cdn.prod.website-files.com]:443.
HTTP request sent, awaiting response... 200 OK
Length: 203695 (199K) [image/jpeg]
Saving to: ‘cdn.prod.website-files.com/6a44eec1ed1af2c4c403df68/6a843e179b892046f55345fe_typhoon thumb.jpg’

     0K .......... .......... .......... .......... .......... 25% 2.34M 0s
    50K .......... .......... .......... .......... .......... 50%  758M 0s
   100K .......... .......... .......... .......... .......... 75%  896K 0s
   150K .......... .......... .......... .......... ........  100%  220M=0.08s

2026-09-12 19:17:51 (2.53 MB/s) - ‘cdn.prod.website-files.com/6a44eec1ed1af2c4c403df68/6a843e179b892046f55345fe_typhoon thumb.jpg’ saved [203695/203695]

--2026-09-12 19:17:51--  https://cdn.prod.website-files.com/6a44eec1ed1af2c4c403df68/6a843e179b892046f55345fe_typhoon%20thumb-p-500.jpg
Reusing existing connection to [cdn.prod.website-files.com]:443.
HTTP request sent, awaiting response... 200 OK
Length: 48604 (47K) [image/jpg]
Saving to: ‘cdn.prod.website-files.com/6a44eec1ed1af2c4c403df68/6a843e179b892046f55345fe_typhoon thumb-p-500.jpg’

     0K .......... .......... .......... .......... .......   100% 2.88M=0.02s

2026-09-12 19:17:51 (2.88 MB/s) - ‘cdn.prod.website-files.com/6a44eec1ed1af2c4c403df68/6a843e179b892046f55345fe_typhoon thumb-p-500.jpg’ saved [48604/48604]

--2026-09-12 19:17:51--  https://cdn.prod.website-files.com/6a44eec1ed1af2c4c403df68/6a843e179b892046f55345fe_typhoon%20thumb-p-800.jpg
Reusing existing connection to [cdn.prod.website-files.com]:443.
HTTP request sent, awaiting response... 200 OK
Length: 100927 (99K) [image/jpg]
Saving to: ‘cdn.prod.website-files.com/6a44eec1ed1af2c4c403df68/6a843e179b892046f55345fe_typhoon thumb-p-800.jpg’

     0K .......... .......... .......... .......... .......... 50% 10.2M 0s
    50K .......... .......... .......... .......... ........  100% 6.47M=0.01s

2026-09-12 19:17:52 (7.94 MB/s) - ‘cdn.prod.website-files.com/6a44eec1ed1af2c4c403df68/6a843e179b892046f55345fe_typhoon thumb-p-800.jpg’ saved [100927/100927]

--2026-09-12 19:17:52--  https://cdn.prod.website-files.com/6a44eec1ed1af2c4c403df68/6a843e179b892046f55345fe_typhoon%20thumb-p-1080.jpg
Reusing existing connection to [cdn.prod.website-files.com]:443.
HTTP request sent, awaiting response... 200 OK
Length: 154181 (151K) [image/jpg]
Saving to: ‘cdn.prod.website-files.com/6a44eec1ed1af2c4c403df68/6a843e179b892046f55345fe_typhoon thumb-p-1080.jpg’

     0K .......... .......... .......... .......... .......... 33% 15.4M 0s
    50K .......... .......... .......... .......... .......... 66% 8.78M 0s
   100K .......... .......... .......... .......... .......... 99% 1.25M 0s
   150K                                                       100% 1.06T=0.05s

2026-09-12 19:17:52 (3.07 MB/s) - ‘cdn.prod.website-files.com/6a44eec1ed1af2c4c403df68/6a843e179b892046f55345fe_typhoon thumb-p-1080.jpg’ saved [154181/154181]

--2026-09-12 19:17:52--  https://cdn.prod.website-files.com/6a44eec1ed1af2c4c403df68/6a4b250cf23ec83d3c9a7195_img-big.jpg
Reusing existing connection to [cdn.prod.website-files.com]:443.
HTTP request sent, awaiting response... 200 OK
Length: 351815 (344K) [image/jpeg]
Saving to: ‘cdn.prod.website-files.com/6a44eec1ed1af2c4c403df68/6a4b250cf23ec83d3c9a7195_img-big.jpg’

     0K .......... .......... .......... .......... .......... 14% 5.66M 0s
    50K .......... .......... .......... .......... .......... 29%  764K 0s
   100K .......... .......... .......... .......... .......... 43% 2.06M 0s
   150K .......... .......... .......... .......... .......... 58% 5.07M 0s
   200K .......... .......... .......... .......... .......... 72% 7.72M 0s
   250K .......... .......... .......... .......... .......... 87% 1.20M 0s
   300K .......... .......... .......... .......... ...       100% 7.79M=0.2s

2026-09-12 19:17:52 (2.10 MB/s) - ‘cdn.prod.website-files.com/6a44eec1ed1af2c4c403df68/6a4b250cf23ec83d3c9a7195_img-big.jpg’ saved [351815/351815]

--2026-09-12 19:17:52--  https://cdn.prod.website-files.com/6a44eec1ed1af2c4c403df68/6a4b250cf23ec83d3c9a7195_img-big-p-500.jpg
Reusing existing connection to [cdn.prod.website-files.com]:443.
HTTP request sent, awaiting response... 200 OK
Length: 16578 (16K) [image/jpg]
Saving to: ‘cdn.prod.website-files.com/6a44eec1ed1af2c4c403df68/6a4b250cf23ec83d3c9a7195_img-big-p-500.jpg’

     0K .......... ......                                     100% 1.32M=0.01s

2026-09-12 19:17:52 (1.32 MB/s) - ‘cdn.prod.website-files.com/6a44eec1ed1af2c4c403df68/6a4b250cf23ec83d3c9a7195_img-big-p-500.jpg’ saved [16578/16578]

--2026-09-12 19:17:52--  https://cdn.prod.website-files.com/6a44eec1ed1af2c4c403df68/6a4b250cf23ec83d3c9a7195_img-big-p-800.jpg
Reusing existing connection to [cdn.prod.website-files.com]:443.
HTTP request sent, awaiting response... 200 OK
Length: 36939 (36K) [image/jpg]
Saving to: ‘cdn.prod.website-files.com/6a44eec1ed1af2c4c403df68/6a4b250cf23ec83d3c9a7195_img-big-p-800.jpg’

     0K .......... .......... .......... ......               100% 2.77M=0.01s

2026-09-12 19:17:52 (2.77 MB/s) - ‘cdn.prod.website-files.com/6a44eec1ed1af2c4c403df68/6a4b250cf23ec83d3c9a7195_img-big-p-800.jpg’ saved [36939/36939]

--2026-09-12 19:17:52--  https://cdn.prod.website-files.com/6a44eec1ed1af2c4c403df68/6a4b250cf23ec83d3c9a7195_img-big-p-1080.jpg
Reusing existing connection to [cdn.prod.website-files.com]:443.
HTTP request sent, awaiting response... 200 OK
Length: 61588 (60K) [image/jpg]
Saving to: ‘cdn.prod.website-files.com/6a44eec1ed1af2c4c403df68/6a4b250cf23ec83d3c9a7195_img-big-p-1080.jpg’

     0K .......... .......... .......... .......... .......... 83% 2.19M 0s
    50K ..........                                            100% 4.04M=0.02s

2026-09-12 19:17:52 (2.37 MB/s) - ‘cdn.prod.website-files.com/6a44eec1ed1af2c4c403df68/6a4b250cf23ec83d3c9a7195_img-big-p-1080.jpg’ saved [61588/61588]

--2026-09-12 19:17:52--  https://cdn.prod.website-files.com/6a44eec1ed1af2c4c403df68/6a4b250cf23ec83d3c9a7195_img-big-p-1600.jpg
Reusing existing connection to [cdn.prod.website-files.com]:443.
HTTP request sent, awaiting response... 200 OK
Length: 123850 (121K) [image/jpg]
Saving to: ‘cdn.prod.website-files.com/6a44eec1ed1af2c4c403df68/6a4b250cf23ec83d3c9a7195_img-big-p-1600.jpg’

     0K .......... .......... .......... .......... .......... 41% 1.55M 0s
    50K .......... .......... .......... .......... .......... 82% 1.48M 0s
   100K .......... ..........                                 100% 4.12M=0.07s

2026-09-12 19:17:52 (1.70 MB/s) - ‘cdn.prod.website-files.com/6a44eec1ed1af2c4c403df68/6a4b250cf23ec83d3c9a7195_img-big-p-1600.jpg’ saved [123850/123850]

--2026-09-12 19:17:52--  https://cdn.prod.website-files.com/6a44eec1ed1af2c4c403df68/6a4b250cf23ec83d3c9a7195_img-big-p-2000.jpg
Reusing existing connection to [cdn.prod.website-files.com]:443.
HTTP request sent, awaiting response... 200 OK
Length: 177956 (174K) [image/jpg]
Saving to: ‘cdn.prod.website-files.com/6a44eec1ed1af2c4c403df68/6a4b250cf23ec83d3c9a7195_img-big-p-2000.jpg’

     0K .......... .......... .......... .......... .......... 28%  461K 0s
    50K .......... .......... .......... .......... .......... 57% 1.61M 0s
   100K .......... .......... .......... .......... .......... 86% 1.59M 0s
   150K .......... .......... ...                             100% 2.96M=0.2s

2026-09-12 19:17:52 (980 KB/s) - ‘cdn.prod.website-files.com/6a44eec1ed1af2c4c403df68/6a4b250cf23ec83d3c9a7195_img-big-p-2000.jpg’ saved [177956/177956]

--2026-09-12 19:17:52--  https://cdn.prod.website-files.com/6a44eec1ed1af2c4c403df68/6a4b250cf23ec83d3c9a7195_img-big-p-2600.jpg
Reusing existing connection to [cdn.prod.website-files.com]:443.
HTTP request sent, awaiting response... 200 OK
Length: 268679 (262K) [image/jpg]
Saving to: ‘cdn.prod.website-files.com/6a44eec1ed1af2c4c403df68/6a4b250cf23ec83d3c9a7195_img-big-p-2600.jpg’

     0K .......... .......... .......... .......... .......... 19% 2.02M 0s
    50K .......... .......... .......... .......... .......... 38% 1.73M 0s
   100K .......... .......... .......... .......... .......... 57% 1.40M 0s
   150K .......... .......... .......... .......... .......... 76% 1.13M 0s
   200K .......... .......... .......... .......... .......... 95% 2.15M 0s
   250K .......... ..                                         100% 23.1T=0.2s

2026-09-12 19:17:52 (1.67 MB/s) - ‘cdn.prod.website-files.com/6a44eec1ed1af2c4c403df68/6a4b250cf23ec83d3c9a7195_img-big-p-2600.jpg’ saved [268679/268679]

--2026-09-12 19:17:52--  https://unitedcarriers.com/&quot;https://cdn.prod.website-files.com/6a03f453da6f70b6c31a571e%2F6a3d021b9423d94ab4c046df_UnitedCarriers-Colorize-1920_poster.0000000.jpg&quot;
Connecting to unitedcarriers.com (unitedcarriers.com)|198.202.211.1|:443... connected.
HTTP request sent, awaiting response... 404 Not Found
2026-09-12 19:17:53 ERROR 404: Not Found.

--2026-09-12 19:17:53--  https://cdn.prod.website-files.com/6a44eec1ed1af2c4c403df6b/6a44eec1ed1af2c4c403e25e_about-2.webp
Connecting to cdn.prod.website-files.com (cdn.prod.website-files.com)|2606:4700::6812:a175|:443... connected.
HTTP request sent, awaiting response... 200 OK
Length: 52400 (51K) [image/webp]
Saving to: ‘cdn.prod.website-files.com/6a44eec1ed1af2c4c403df6b/6a44eec1ed1af2c4c403e25e_about-2.webp’

     0K .......... .......... .......... .......... .......... 97% 2.31M 0s
    50K .                                                     100%  102M=0.02s

2026-09-12 19:17:53 (2.36 MB/s) - ‘cdn.prod.website-files.com/6a44eec1ed1af2c4c403df6b/6a44eec1ed1af2c4c403e25e_about-2.webp’ saved [52400/52400]

--2026-09-12 19:17:53--  https://cdn.prod.website-files.com/6a44eec1ed1af2c4c403df6b/6a44eec1ed1af2c4c403e25e_6826886f1f476d5432a3d0855ba55eda_about-2-p-500.webp
Reusing existing connection to [cdn.prod.website-files.com]:443.
HTTP request sent, awaiting response... 200 OK
Length: 22688 (22K) [image/webp]
Saving to: ‘cdn.prod.website-files.com/6a44eec1ed1af2c4c403df6b/6a44eec1ed1af2c4c403e25e_6826886f1f476d5432a3d0855ba55eda_about-2-p-500.webp’

     0K .......... .......... ..                              100% 2.52M=0.009s

2026-09-12 19:17:53 (2.52 MB/s) - ‘cdn.prod.website-files.com/6a44eec1ed1af2c4c403df6b/6a44eec1ed1af2c4c403e25e_6826886f1f476d5432a3d0855ba55eda_about-2-p-500.webp’ saved [22688/22688]

--2026-09-12 19:17:53--  https://cdn.prod.website-files.com/6a44eec1ed1af2c4c403df6b/6a44eec1ed1af2c4c403e25e_6826886f1f476d5432a3d0855ba55eda_about-2-p-800.webp
Reusing existing connection to [cdn.prod.website-files.com]:443.
HTTP request sent, awaiting response... 200 OK
Length: 38540 (38K) [image/webp]
Saving to: ‘cdn.prod.website-files.com/6a44eec1ed1af2c4c403df6b/6a44eec1ed1af2c4c403e25e_6826886f1f476d5432a3d0855ba55eda_about-2-p-800.webp’

     0K .......... .......... .......... .......              100% 2.54M=0.01s

2026-09-12 19:17:53 (2.54 MB/s) - ‘cdn.prod.website-files.com/6a44eec1ed1af2c4c403df6b/6a44eec1ed1af2c4c403e25e_6826886f1f476d5432a3d0855ba55eda_about-2-p-800.webp’ saved [38540/38540]

--2026-09-12 19:17:53--  https://cdn.prod.website-files.com/6a44eec1ed1af2c4c403df6b/6a44eec1ed1af2c4c403e25c_about-3.webp
Reusing existing connection to [cdn.prod.website-files.com]:443.
HTTP request sent, awaiting response... 200 OK
Length: 73890 (72K) [image/webp]
Saving to: ‘cdn.prod.website-files.com/6a44eec1ed1af2c4c403df6b/6a44eec1ed1af2c4c403e25c_about-3.webp’

     0K .......... .......... .......... .......... .......... 69% 5.98M 0s
    50K .......... .......... ..                              100% 12.5M=0.01s

2026-09-12 19:17:53 (7.12 MB/s) - ‘cdn.prod.website-files.com/6a44eec1ed1af2c4c403df6b/6a44eec1ed1af2c4c403e25c_about-3.webp’ saved [73890/73890]

--2026-09-12 19:17:53--  https://cdn.prod.website-files.com/6a44eec1ed1af2c4c403df6b/6a44eec1ed1af2c4c403e25c_about-3-p-500.webp
Reusing existing connection to [cdn.prod.website-files.com]:443.
HTTP request sent, awaiting response... 200 OK
Length: 28888 (28K) [image/webp]
Saving to: ‘cdn.prod.website-files.com/6a44eec1ed1af2c4c403df6b/6a44eec1ed1af2c4c403e25c_about-3-p-500.webp’

     0K .......... .......... ........                        100% 3.45M=0.008s

2026-09-12 19:17:54 (3.45 MB/s) - ‘cdn.prod.website-files.com/6a44eec1ed1af2c4c403df6b/6a44eec1ed1af2c4c403e25c_about-3-p-500.webp’ saved [28888/28888]

--2026-09-12 19:17:54--  https://cdn.prod.website-files.com/6a44eec1ed1af2c4c403df6b/6a44eec1ed1af2c4c403e25f_about-4.webp
Reusing existing connection to [cdn.prod.website-files.com]:443.
HTTP request sent, awaiting response... 200 OK
Length: 66128 (65K) [image/webp]
Saving to: ‘cdn.prod.website-files.com/6a44eec1ed1af2c4c403df6b/6a44eec1ed1af2c4c403e25f_about-4.webp’

     0K .......... .......... .......... .......... .......... 77% 26.4M 0s
    50K .......... ....                                       100% 97.4M=0.002s

2026-09-12 19:17:54 (31.6 MB/s) - ‘cdn.prod.website-files.com/6a44eec1ed1af2c4c403df6b/6a44eec1ed1af2c4c403e25f_about-4.webp’ saved [66128/66128]

--2026-09-12 19:17:54--  https://cdn.prod.website-files.com/6a44eec1ed1af2c4c403df6b/6a44eec1ed1af2c4c403e25f_about-4-p-500.webp
Reusing existing connection to [cdn.prod.website-files.com]:443.
HTTP request sent, awaiting response... 200 OK
Length: 38036 (37K) [image/webp]
Saving to: ‘cdn.prod.website-files.com/6a44eec1ed1af2c4c403df6b/6a44eec1ed1af2c4c403e25f_about-4-p-500.webp’

     0K .......... .......... .......... .......              100% 4.65M=0.008s

2026-09-12 19:17:54 (4.65 MB/s) - ‘cdn.prod.website-files.com/6a44eec1ed1af2c4c403df6b/6a44eec1ed1af2c4c403e25f_about-4-p-500.webp’ saved [38036/38036]

--2026-09-12 19:17:54--  https://cdn.prod.website-files.com/6a44eec1ed1af2c4c403df6b/6a44eec1ed1af2c4c403e25d_about-1.webp
Reusing existing connection to [cdn.prod.website-files.com]:443.
HTTP request sent, awaiting response... 200 OK
Length: 103208 (101K) [image/webp]
Saving to: ‘cdn.prod.website-files.com/6a44eec1ed1af2c4c403df6b/6a44eec1ed1af2c4c403e25d_about-1.webp’

     0K .......... .......... .......... .......... .......... 49% 9.00M 0s
    50K .......... .......... .......... .......... .......... 99% 3.47M 0s
   100K                                                       100% 1.47T=0.02s

2026-09-12 19:17:54 (5.05 MB/s) - ‘cdn.prod.website-files.com/6a44eec1ed1af2c4c403df6b/6a44eec1ed1af2c4c403e25d_about-1.webp’ saved [103208/103208]

--2026-09-12 19:17:54--  https://cdn.prod.website-files.com/6a44eec1ed1af2c4c403df6b/6a44eec1ed1af2c4c403e25d_395c658b6f312336df2574f6b9411428_about-1-p-500.webp
Reusing existing connection to [cdn.prod.website-files.com]:443.
HTTP request sent, awaiting response... 200 OK
Length: 37152 (36K) [image/webp]
Saving to: ‘cdn.prod.website-files.com/6a44eec1ed1af2c4c403df6b/6a44eec1ed1af2c4c403e25d_395c658b6f312336df2574f6b9411428_about-1-p-500.webp’

     0K .......... .......... .......... ......               100% 36.4M=0.001s

2026-09-12 19:17:54 (36.4 MB/s) - ‘cdn.prod.website-files.com/6a44eec1ed1af2c4c403df6b/6a44eec1ed1af2c4c403e25d_395c658b6f312336df2574f6b9411428_about-1-p-500.webp’ saved [37152/37152]

--2026-09-12 19:17:54--  https://cdn.prod.website-files.com/6a44eec1ed1af2c4c403df6b/6a44eec1ed1af2c4c403e25d_395c658b6f312336df2574f6b9411428_about-1-p-800.webp
Reusing existing connection to [cdn.prod.website-files.com]:443.
HTTP request sent, awaiting response... 200 OK
Length: 67798 (66K) [image/webp]
Saving to: ‘cdn.prod.website-files.com/6a44eec1ed1af2c4c403df6b/6a44eec1ed1af2c4c403e25d_395c658b6f312336df2574f6b9411428_about-1-p-800.webp’

     0K .......... .......... .......... .......... .......... 75%  238M 0s
    50K .......... ......                                     100% 1.34M=0.01s

2026-09-12 19:17:54 (5.40 MB/s) - ‘cdn.prod.website-files.com/6a44eec1ed1af2c4c403df6b/6a44eec1ed1af2c4c403e25d_395c658b6f312336df2574f6b9411428_about-1-p-800.webp’ saved [67798/67798]

--2026-09-12 19:17:54--  https://cdn.prod.website-files.com/6a44eec1ed1af2c4c403df68/6a44eec1ed1af2c4c403e2b1_IFCBAA.png
Reusing existing connection to [cdn.prod.website-files.com]:443.
HTTP request sent, awaiting response... 200 OK
Length: 1898 (1.9K) [image/png]
Saving to: ‘cdn.prod.website-files.com/6a44eec1ed1af2c4c403df68/6a44eec1ed1af2c4c403e2b1_IFCBAA.png’

     0K .                                                     100% 66.6M=0s

2026-09-12 19:17:54 (66.6 MB/s) - ‘cdn.prod.website-files.com/6a44eec1ed1af2c4c403df68/6a44eec1ed1af2c4c403e2b1_IFCBAA.png’ saved [1898/1898]

--2026-09-12 19:17:54--  https://cdn.prod.website-files.com/6a44eec1ed1af2c4c403df68/6a44eec1ed1af2c4c403e2b0_FIATA.png
Reusing existing connection to [cdn.prod.website-files.com]:443.
HTTP request sent, awaiting response... 200 OK
Length: 4534 (4.4K) [image/png]
Saving to: ‘cdn.prod.website-files.com/6a44eec1ed1af2c4c403df68/6a44eec1ed1af2c4c403e2b0_FIATA.png’

     0K ....                                                  100%  487K=0.009s

2026-09-12 19:17:54 (487 KB/s) - ‘cdn.prod.website-files.com/6a44eec1ed1af2c4c403df68/6a44eec1ed1af2c4c403e2b0_FIATA.png’ saved [4534/4534]

--2026-09-12 19:17:54--  https://cdn.prod.website-files.com/6a44eec1ed1af2c4c403df68/6a44eec1ed1af2c4c403e29c_CarbonCare.png
Reusing existing connection to [cdn.prod.website-files.com]:443.
HTTP request sent, awaiting response... 200 OK
Length: 1620 (1.6K) [image/png]
Saving to: ‘cdn.prod.website-files.com/6a44eec1ed1af2c4c403df68/6a44eec1ed1af2c4c403e29c_CarbonCare.png’

     0K .                                                     100% 59.0M=0s

2026-09-12 19:17:54 (59.0 MB/s) - ‘cdn.prod.website-files.com/6a44eec1ed1af2c4c403df68/6a44eec1ed1af2c4c403e29c_CarbonCare.png’ saved [1620/1620]

--2026-09-12 19:17:54--  https://cdn.prod.website-files.com/6a44eec1ed1af2c4c403df68/6a44eec1ed1af2c4c403e28a_ATT.png
Reusing existing connection to [cdn.prod.website-files.com]:443.
HTTP request sent, awaiting response... 200 OK
Length: 1936 (1.9K) [image/png]
Saving to: ‘cdn.prod.website-files.com/6a44eec1ed1af2c4c403df68/6a44eec1ed1af2c4c403e28a_ATT.png’

     0K .                                                     100% 76.0M=0s

2026-09-12 19:17:54 (76.0 MB/s) - ‘cdn.prod.website-files.com/6a44eec1ed1af2c4c403df68/6a44eec1ed1af2c4c403e28a_ATT.png’ saved [1936/1936]

--2026-09-12 19:17:54--  https://cdn.prod.website-files.com/6a44eec1ed1af2c4c403df68/6a44eec1ed1af2c4c403e289_ABF.png
Reusing existing connection to [cdn.prod.website-files.com]:443.
HTTP request sent, awaiting response... 200 OK
Length: 4851 (4.7K) [image/png]
Saving to: ‘cdn.prod.website-files.com/6a44eec1ed1af2c4c403df68/6a44eec1ed1af2c4c403e289_ABF.png’

     0K ....                                                  100% 72.5M=0s

2026-09-12 19:17:54 (72.5 MB/s) - ‘cdn.prod.website-files.com/6a44eec1ed1af2c4c403df68/6a44eec1ed1af2c4c403e289_ABF.png’ saved [4851/4851]

--2026-09-12 19:17:54--  https://cdn.prod.website-files.com/6a44eec1ed1af2c4c403df68/6a44eec1ed1af2c4c403e287_IATA.png
Reusing existing connection to [cdn.prod.website-files.com]:443.
HTTP request sent, awaiting response... 200 OK
Length: 1426 (1.4K) [image/png]
Saving to: ‘cdn.prod.website-files.com/6a44eec1ed1af2c4c403df68/6a44eec1ed1af2c4c403e287_IATA.png’

     0K .                                                     100% 53.1M=0s

2026-09-12 19:17:54 (53.1 MB/s) - ‘cdn.prod.website-files.com/6a44eec1ed1af2c4c403df68/6a44eec1ed1af2c4c403e287_IATA.png’ saved [1426/1426]

--2026-09-12 19:17:54--  https://cdn.prod.website-files.com/6a44eec1ed1af2c4c403df68/6a44eec1ed1af2c4c403e288_FTA.png
Reusing existing connection to [cdn.prod.website-files.com]:443.
HTTP request sent, awaiting response... 200 OK
Length: 1476 (1.4K) [image/png]
Saving to: ‘cdn.prod.website-files.com/6a44eec1ed1af2c4c403df68/6a44eec1ed1af2c4c403e288_FTA.png’

     0K .                                                     100% 59.8M=0s

2026-09-12 19:17:54 (59.8 MB/s) - ‘cdn.prod.website-files.com/6a44eec1ed1af2c4c403df68/6a44eec1ed1af2c4c403e288_FTA.png’ saved [1476/1476]

--2026-09-12 19:17:54--  https://cdn.prod.website-files.com/6a44eec1ed1af2c4c403df68/6a44eec1ed1af2c4c403e286_CBAFF.png
Reusing existing connection to [cdn.prod.website-files.com]:443.
HTTP request sent, awaiting response... 200 OK
Length: 1702 (1.7K) [image/png]
Saving to: ‘cdn.prod.website-files.com/6a44eec1ed1af2c4c403df68/6a44eec1ed1af2c4c403e286_CBAFF.png’

     0K .                                                     100% 63.3M=0s

2026-09-12 19:17:54 (63.3 MB/s) - ‘cdn.prod.website-files.com/6a44eec1ed1af2c4c403df68/6a44eec1ed1af2c4c403e286_CBAFF.png’ saved [1702/1702]

--2026-09-12 19:17:54--  https://cdn.prod.website-files.com/6a44eec1ed1af2c4c403df6b/6a44eec1ed1af2c4c403e044_vision.jpg
Reusing existing connection to [cdn.prod.website-files.com]:443.
HTTP request sent, awaiting response... 200 OK
Length: 350278 (342K) [image/jpeg]
Saving to: ‘cdn.prod.website-files.com/6a44eec1ed1af2c4c403df6b/6a44eec1ed1af2c4c403e044_vision.jpg’

     0K .......... .......... .......... .......... .......... 14% 6.03M 0s
    50K .......... .......... .......... .......... .......... 29% 8.13M 0s
   100K .......... .......... .......... .......... .......... 43% 20.4M 0s
   150K .......... .......... .......... .......... .......... 58% 4.39M 0s
   200K .......... .......... .......... .......... .......... 73% 1.09M 0s
   250K .......... .......... .......... .......... .......... 87%  589M 0s
   300K .......... .......... .......... .......... ..        100% 2.31M=0.09s

2026-09-12 19:17:54 (3.70 MB/s) - ‘cdn.prod.website-files.com/6a44eec1ed1af2c4c403df6b/6a44eec1ed1af2c4c403e044_vision.jpg’ saved [350278/350278]

--2026-09-12 19:17:54--  https://cdn.prod.website-files.com/6a44eec1ed1af2c4c403df6b/6a44eec1ed1af2c4c403e044_vision-p-500.jpg
Reusing existing connection to [cdn.prod.website-files.com]:443.
HTTP request sent, awaiting response... 200 OK
Length: 19283 (19K) [image/jpg]
Saving to: ‘cdn.prod.website-files.com/6a44eec1ed1af2c4c403df6b/6a44eec1ed1af2c4c403e044_vision-p-500.jpg’

     0K .......... ........                                   100% 6.77M=0.003s

2026-09-12 19:17:54 (6.77 MB/s) - ‘cdn.prod.website-files.com/6a44eec1ed1af2c4c403df6b/6a44eec1ed1af2c4c403e044_vision-p-500.jpg’ saved [19283/19283]

--2026-09-12 19:17:54--  https://cdn.prod.website-files.com/6a44eec1ed1af2c4c403df6b/6a44eec1ed1af2c4c403e044_vision-p-800.jpg
Reusing existing connection to [cdn.prod.website-files.com]:443.
HTTP request sent, awaiting response... 200 OK
Length: 42971 (42K) [image/jpg]
Saving to: ‘cdn.prod.website-files.com/6a44eec1ed1af2c4c403df6b/6a44eec1ed1af2c4c403e044_vision-p-800.jpg’

     0K .......... .......... .......... .......... .         100% 12.8M=0.003s

2026-09-12 19:17:54 (12.8 MB/s) - ‘cdn.prod.website-files.com/6a44eec1ed1af2c4c403df6b/6a44eec1ed1af2c4c403e044_vision-p-800.jpg’ saved [42971/42971]

--2026-09-12 19:17:54--  https://cdn.prod.website-files.com/6a44eec1ed1af2c4c403df6b/6a44eec1ed1af2c4c403e044_vision-p-1080.jpg
Reusing existing connection to [cdn.prod.website-files.com]:443.
HTTP request sent, awaiting response... 200 OK
Length: 70186 (69K) [image/jpg]
Saving to: ‘cdn.prod.website-files.com/6a44eec1ed1af2c4c403df6b/6a44eec1ed1af2c4c403e044_vision-p-1080.jpg’

     0K .......... .......... .......... .......... .......... 72% 4.50M 0s
    50K .......... ........                                   100% 8.71M=0.01s

2026-09-12 19:17:54 (5.18 MB/s) - ‘cdn.prod.website-files.com/6a44eec1ed1af2c4c403df6b/6a44eec1ed1af2c4c403e044_vision-p-1080.jpg’ saved [70186/70186]

--2026-09-12 19:17:54--  https://cdn.prod.website-files.com/6a44eec1ed1af2c4c403df6b/6a44eec1ed1af2c4c403e044_vision-p-1600.jpg
Reusing existing connection to [cdn.prod.website-files.com]:443.
HTTP request sent, awaiting response... 200 OK
Length: 130446 (127K) [image/jpg]
Saving to: ‘cdn.prod.website-files.com/6a44eec1ed1af2c4c403df6b/6a44eec1ed1af2c4c403e044_vision-p-1600.jpg’

     0K .......... .......... .......... .......... .......... 39% 13.9M 0s
    50K .......... .......... .......... .......... .......... 78% 1.78M 0s
   100K .......... .......... .......                         100% 2.80M=0.04s

2026-09-12 19:17:54 (3.08 MB/s) - ‘cdn.prod.website-files.com/6a44eec1ed1af2c4c403df6b/6a44eec1ed1af2c4c403e044_vision-p-1600.jpg’ saved [130446/130446]

--2026-09-12 19:17:54--  https://cdn.prod.website-files.com/6a44eec1ed1af2c4c403df6b/6a44eec1ed1af2c4c403e044_vision-p-2000.jpg
Reusing existing connection to [cdn.prod.website-files.com]:443.
HTTP request sent, awaiting response... 200 OK
Length: 181517 (177K) [image/jpg]
Saving to: ‘cdn.prod.website-files.com/6a44eec1ed1af2c4c403df6b/6a44eec1ed1af2c4c403e044_vision-p-2000.jpg’

     0K .......... .......... .......... .......... .......... 28% 4.01M 0s
    50K .......... .......... .......... .......... .......... 56% 1.25M 0s
   100K .......... .......... .......... .......... .......... 84% 3.90M 0s
   150K .......... .......... .......                         100% 8.08M=0.07s

2026-09-12 19:17:54 (2.58 MB/s) - ‘cdn.prod.website-files.com/6a44eec1ed1af2c4c403df6b/6a44eec1ed1af2c4c403e044_vision-p-2000.jpg’ saved [181517/181517]

--2026-09-12 19:17:54--  https://cdn.prod.website-files.com/6a44eec1ed1af2c4c403df6b/6a44eec1ed1af2c4c403e044_vision-p-2600.jpg
Reusing existing connection to [cdn.prod.website-files.com]:443.
HTTP request sent, awaiting response... 200 OK
Length: 264721 (259K) [image/jpg]
Saving to: ‘cdn.prod.website-files.com/6a44eec1ed1af2c4c403df6b/6a44eec1ed1af2c4c403e044_vision-p-2600.jpg’

     0K .......... .......... .......... .......... .......... 19%  193K 1s
    50K .......... .......... .......... .......... .......... 38% 2.40M 0s
   100K .......... .......... .......... .......... .......... 58% 3.43M 0s
   150K .......... .......... .......... .......... .......... 77% 7.80M 0s
   200K .......... .......... .......... .......... .......... 96% 8.61M 0s
   250K ........                                              100%  243M=0.3s

2026-09-12 19:17:55 (845 KB/s) - ‘cdn.prod.website-files.com/6a44eec1ed1af2c4c403df6b/6a44eec1ed1af2c4c403e044_vision-p-2600.jpg’ saved [264721/264721]

--2026-09-12 19:17:55--  https://cdn.prod.website-files.com/6a44eec1ed1af2c4c403df6b/6a44eec1ed1af2c4c403e042_mission.jpg
Reusing existing connection to [cdn.prod.website-files.com]:443.
HTTP request sent, awaiting response... 200 OK
Length: 299736 (293K) [image/jpeg]
Saving to: ‘cdn.prod.website-files.com/6a44eec1ed1af2c4c403df6b/6a44eec1ed1af2c4c403e042_mission.jpg’

     0K .......... .......... .......... .......... .......... 17% 4.93M 0s
    50K .......... .......... .......... .......... .......... 34% 2.52M 0s
   100K .......... .......... .......... .......... .......... 51% 2.45M 0s
   150K .......... .......... .......... .......... .......... 68% 1.15M 0s
   200K .......... .......... .......... .......... .......... 85% 3.40M 0s
   250K .......... .......... .......... .......... ..        100% 4.75M=0.1s

2026-09-12 19:17:55 (2.49 MB/s) - ‘cdn.prod.website-files.com/6a44eec1ed1af2c4c403df6b/6a44eec1ed1af2c4c403e042_mission.jpg’ saved [299736/299736]

--2026-09-12 19:17:55--  https://cdn.prod.website-files.com/6a44eec1ed1af2c4c403df6b/6a44eec1ed1af2c4c403e042_mission-p-500.jpg
Reusing existing connection to [cdn.prod.website-files.com]:443.
HTTP request sent, awaiting response... 200 OK
Length: 14809 (14K) [image/jpg]
Saving to: ‘cdn.prod.website-files.com/6a44eec1ed1af2c4c403df6b/6a44eec1ed1af2c4c403e042_mission-p-500.jpg’

     0K .......... ....                                       100%  558M=0s

2026-09-12 19:17:55 (558 MB/s) - ‘cdn.prod.website-files.com/6a44eec1ed1af2c4c403df6b/6a44eec1ed1af2c4c403e042_mission-p-500.jpg’ saved [14809/14809]

--2026-09-12 19:17:55--  https://cdn.prod.website-files.com/6a44eec1ed1af2c4c403df6b/6a44eec1ed1af2c4c403e042_mission-p-800.jpg
Reusing existing connection to [cdn.prod.website-files.com]:443.
HTTP request sent, awaiting response... 200 OK
Length: 31369 (31K) [image/jpg]
Saving to: ‘cdn.prod.website-files.com/6a44eec1ed1af2c4c403df6b/6a44eec1ed1af2c4c403e042_mission-p-800.jpg’

     0K .......... .......... ..........                      100% 3.72M=0.008s

2026-09-12 19:17:55 (3.72 MB/s) - ‘cdn.prod.website-files.com/6a44eec1ed1af2c4c403df6b/6a44eec1ed1af2c4c403e042_mission-p-800.jpg’ saved [31369/31369]

--2026-09-12 19:17:55--  https://cdn.prod.website-files.com/6a44eec1ed1af2c4c403df6b/6a44eec1ed1af2c4c403e042_mission-p-1080.jpg
Reusing existing connection to [cdn.prod.website-files.com]:443.
HTTP request sent, awaiting response... 200 OK
Length: 52674 (51K) [image/jpg]
Saving to: ‘cdn.prod.website-files.com/6a44eec1ed1af2c4c403df6b/6a44eec1ed1af2c4c403e042_mission-p-1080.jpg’

     0K .......... .......... .......... .......... .......... 97% 4.73M 0s
    50K .                                                     100% 2.68T=0.01s

2026-09-12 19:17:55 (4.86 MB/s) - ‘cdn.prod.website-files.com/6a44eec1ed1af2c4c403df6b/6a44eec1ed1af2c4c403e042_mission-p-1080.jpg’ saved [52674/52674]

--2026-09-12 19:17:55--  https://cdn.prod.website-files.com/6a44eec1ed1af2c4c403df6b/6a44eec1ed1af2c4c403e042_mission-p-1600.jpg
Reusing existing connection to [cdn.prod.website-files.com]:443.
HTTP request sent, awaiting response... 200 OK
Length: 101543 (99K) [image/jpg]
Saving to: ‘cdn.prod.website-files.com/6a44eec1ed1af2c4c403df6b/6a44eec1ed1af2c4c403e042_mission-p-1600.jpg’

     0K .......... .......... .......... .......... .......... 50% 4.40M 0s
    50K .......... .......... .......... .......... ......... 100% 1.76M=0.04s

2026-09-12 19:17:55 (2.52 MB/s) - ‘cdn.prod.website-files.com/6a44eec1ed1af2c4c403df6b/6a44eec1ed1af2c4c403e042_mission-p-1600.jpg’ saved [101543/101543]

--2026-09-12 19:17:55--  https://cdn.prod.website-files.com/6a44eec1ed1af2c4c403df6b/6a44eec1ed1af2c4c403e042_mission-p-2000.jpg
Reusing existing connection to [cdn.prod.website-files.com]:443.
HTTP request sent, awaiting response... 200 OK
Length: 148100 (145K) [image/jpg]
Saving to: ‘cdn.prod.website-files.com/6a44eec1ed1af2c4c403df6b/6a44eec1ed1af2c4c403e042_mission-p-2000.jpg’

     0K .......... .......... .......... .......... .......... 34% 5.06M 0s
    50K .......... .......... .......... .......... .......... 69% 1.31M 0s
   100K .......... .......... .......... .......... ....      100% 3.09M=0.06s

2026-09-12 19:17:55 (2.31 MB/s) - ‘cdn.prod.website-files.com/6a44eec1ed1af2c4c403df6b/6a44eec1ed1af2c4c403e042_mission-p-2000.jpg’ saved [148100/148100]

--2026-09-12 19:17:55--  https://cdn.prod.website-files.com/6a44eec1ed1af2c4c403df6b/6a44eec1ed1af2c4c403e042_mission-p-2600.jpg
Reusing existing connection to [cdn.prod.website-files.com]:443.
HTTP request sent, awaiting response... 200 OK
Length: 226874 (222K) [image/jpg]
Saving to: ‘cdn.prod.website-files.com/6a44eec1ed1af2c4c403df6b/6a44eec1ed1af2c4c403e042_mission-p-2600.jpg’

     0K .......... .......... .......... .......... .......... 22% 1.35M 0s
    50K .......... .......... .......... .......... .......... 45%  910K 0s
   100K .......... .......... .......... .......... .......... 67% 1.74M 0s
   150K .......... .......... .......... .......... .......... 90% 6.90M 0s
   200K .......... .......... .                               100% 97.3M=0.1s

2026-09-12 19:17:55 (1.71 MB/s) - ‘cdn.prod.website-files.com/6a44eec1ed1af2c4c403df6b/6a44eec1ed1af2c4c403e042_mission-p-2600.jpg’ saved [226874/226874]

--2026-09-12 19:17:55--  https://cdn.prod.website-files.com/6a44eec1ed1af2c4c403df6b/6a44eec1ed1af2c4c403e5c8_about-bg-3.png
Reusing existing connection to [cdn.prod.website-files.com]:443.
HTTP request sent, awaiting response... 200 OK
Length: 283186 (277K) [image/png]
Saving to: ‘cdn.prod.website-files.com/6a44eec1ed1af2c4c403df6b/6a44eec1ed1af2c4c403e5c8_about-bg-3.png’

     0K .......... .......... .......... .......... .......... 18% 3.49M 0s
    50K .......... .......... .......... .......... .......... 36%  595K 0s
   100K .......... .......... .......... .......... .......... 54% 49.7M 0s
   150K .......... .......... .......... .......... .......... 72% 1.03M 0s
   200K .......... .......... .......... .......... .......... 90% 4.76M 0s
   250K .......... .......... ......                          100%  389M=0.2s

2026-09-12 19:17:55 (1.72 MB/s) - ‘cdn.prod.website-files.com/6a44eec1ed1af2c4c403df6b/6a44eec1ed1af2c4c403e5c8_about-bg-3.png’ saved [283186/283186]

--2026-09-12 19:17:55--  https://cdn.prod.website-files.com/6a44eec1ed1af2c4c403df6b/6a44eec1ed1af2c4c403e5c8_about-bg-3-p-500.png
Reusing existing connection to [cdn.prod.website-files.com]:443.
HTTP request sent, awaiting response... 200 OK
Length: 40597 (40K) [image/png]
Saving to: ‘cdn.prod.website-files.com/6a44eec1ed1af2c4c403df6b/6a44eec1ed1af2c4c403e5c8_about-bg-3-p-500.png’

     0K .......... .......... .......... .........            100% 4.56M=0.008s

2026-09-12 19:17:55 (4.56 MB/s) - ‘cdn.prod.website-files.com/6a44eec1ed1af2c4c403df6b/6a44eec1ed1af2c4c403e5c8_about-bg-3-p-500.png’ saved [40597/40597]

--2026-09-12 19:17:55--  https://cdn.prod.website-files.com/6a44eec1ed1af2c4c403df6b/6a44eec1ed1af2c4c403e5c8_about-bg-3-p-800.png
Reusing existing connection to [cdn.prod.website-files.com]:443.
HTTP request sent, awaiting response... 200 OK
Length: 79498 (78K) [image/png]
Saving to: ‘cdn.prod.website-files.com/6a44eec1ed1af2c4c403df6b/6a44eec1ed1af2c4c403e5c8_about-bg-3-p-800.png’

     0K .......... .......... .......... .......... .......... 64% 1.96M 0s
    50K .......... .......... .......                         100% 1.98M=0.04s

2026-09-12 19:17:55 (1.97 MB/s) - ‘cdn.prod.website-files.com/6a44eec1ed1af2c4c403df6b/6a44eec1ed1af2c4c403e5c8_about-bg-3-p-800.png’ saved [79498/79498]

--2026-09-12 19:17:55--  https://cdn.prod.website-files.com/6a44eec1ed1af2c4c403df6b/6a44eec1ed1af2c4c403e5c8_about-bg-3-p-1080.png
Reusing existing connection to [cdn.prod.website-files.com]:443.
HTTP request sent, awaiting response... 200 OK
Length: 122568 (120K) [image/png]
Saving to: ‘cdn.prod.website-files.com/6a44eec1ed1af2c4c403df6b/6a44eec1ed1af2c4c403e5c8_about-bg-3-p-1080.png’

     0K .......... .......... .......... .......... .......... 41% 1.38M 0s
    50K .......... .......... .......... .......... .......... 83% 1.69M 0s
   100K .......... .........                                  100% 2.20M=0.07s

2026-09-12 19:17:56 (1.60 MB/s) - ‘cdn.prod.website-files.com/6a44eec1ed1af2c4c403df6b/6a44eec1ed1af2c4c403e5c8_about-bg-3-p-1080.png’ saved [122568/122568]

--2026-09-12 19:17:56--  https://cdn.prod.website-files.com/6a44eec1ed1af2c4c403df6b/6a44eec1ed1af2c4c403e5c8_about-bg-3-p-1600.png
Reusing existing connection to [cdn.prod.website-files.com]:443.
HTTP request sent, awaiting response... 200 OK
Length: 214941 (210K) [image/png]
Saving to: ‘cdn.prod.website-files.com/6a44eec1ed1af2c4c403df6b/6a44eec1ed1af2c4c403e5c8_about-bg-3-p-1600.png’

     0K .......... .......... .......... .......... .......... 23% 4.12M 0s
    50K .......... .......... .......... .......... .......... 47% 1.43M 0s
   100K .......... .......... .......... .......... .......... 71% 1.61M 0s
   150K .......... .......... .......... .......... .......... 95% 1.63M 0s
   200K .........                                             100% 6.66M=0.1s

2026-09-12 19:17:56 (1.90 MB/s) - ‘cdn.prod.website-files.com/6a44eec1ed1af2c4c403df6b/6a44eec1ed1af2c4c403e5c8_about-bg-3-p-1600.png’ saved [214941/214941]

--2026-09-12 19:17:56--  https://cdn.prod.website-files.com/6a44eec1ed1af2c4c403df6b/6a44eec1ed1af2c4c403e5c6_trade-blur.png
Reusing existing connection to [cdn.prod.website-files.com]:443.
HTTP request sent, awaiting response... 200 OK
Length: 344620 (337K) [image/png]
Saving to: ‘cdn.prod.website-files.com/6a44eec1ed1af2c4c403df6b/6a44eec1ed1af2c4c403e5c6_trade-blur.png’

     0K .......... .......... .......... .......... .......... 14% 1.63M 0s
    50K .......... .......... .......... .......... .......... 29% 1.56M 0s
   100K .......... .......... .......... .......... .......... 44% 1.65M 0s
   150K .......... .......... .......... .......... .......... 59% 1.61M 0s
   200K .......... .......... .......... .......... .......... 74% 1.62M 0s
   250K .......... .......... .......... .......... .......... 89% 1.60M 0s
   300K .......... .......... .......... ......               100% 1.85M=0.2s

2026-09-12 19:17:56 (1.63 MB/s) - ‘cdn.prod.website-files.com/6a44eec1ed1af2c4c403df6b/6a44eec1ed1af2c4c403e5c6_trade-blur.png’ saved [344620/344620]

--2026-09-12 19:17:56--  https://cdn.prod.website-files.com/6a44eec1ed1af2c4c403df6b/6a44eec1ed1af2c4c403e5c6_trade-blur-p-500.png
Reusing existing connection to [cdn.prod.website-files.com]:443.
HTTP request sent, awaiting response... 200 OK
Length: 23059 (23K) [image/png]
Saving to: ‘cdn.prod.website-files.com/6a44eec1ed1af2c4c403df6b/6a44eec1ed1af2c4c403e5c6_trade-blur-p-500.png’

     0K .......... .......... ..                              100% 2.35M=0.009s

2026-09-12 19:17:56 (2.35 MB/s) - ‘cdn.prod.website-files.com/6a44eec1ed1af2c4c403df6b/6a44eec1ed1af2c4c403e5c6_trade-blur-p-500.png’ saved [23059/23059]

--2026-09-12 19:17:56--  https://cdn.prod.website-files.com/6a44eec1ed1af2c4c403df6b/6a44eec1ed1af2c4c403e5c6_trade-blur-p-800.png
Reusing existing connection to [cdn.prod.website-files.com]:443.
HTTP request sent, awaiting response... 200 OK
Length: 60816 (59K) [image/png]
Saving to: ‘cdn.prod.website-files.com/6a44eec1ed1af2c4c403df6b/6a44eec1ed1af2c4c403e5c6_trade-blur-p-800.png’

     0K .......... .......... .......... .......... .......... 84% 2.45M 0s
    50K .........                                             100% 7.84M=0.02s

2026-09-12 19:17:56 (2.75 MB/s) - ‘cdn.prod.website-files.com/6a44eec1ed1af2c4c403df6b/6a44eec1ed1af2c4c403e5c6_trade-blur-p-800.png’ saved [60816/60816]

--2026-09-12 19:17:56--  https://cdn.prod.website-files.com/6a44eec1ed1af2c4c403df6b/6a44eec1ed1af2c4c403e5c6_trade-blur-p-1080.png
Reusing existing connection to [cdn.prod.website-files.com]:443.
HTTP request sent, awaiting response... 200 OK
Length: 133248 (130K) [image/png]
Saving to: ‘cdn.prod.website-files.com/6a44eec1ed1af2c4c403df6b/6a44eec1ed1af2c4c403e5c6_trade-blur-p-1080.png’

     0K .......... .......... .......... .......... .......... 38% 1.82M 0s
    50K .......... .......... .......... .......... .......... 76% 2.16M 0s
   100K .......... .......... ..........                      100% 3.10M=0.06s

2026-09-12 19:17:56 (2.16 MB/s) - ‘cdn.prod.website-files.com/6a44eec1ed1af2c4c403df6b/6a44eec1ed1af2c4c403e5c6_trade-blur-p-1080.png’ saved [133248/133248]

--2026-09-12 19:17:56--  https://cdn.prod.website-files.com/6a44eec1ed1af2c4c403df6b/6a44eec1ed1af2c4c403e5c6_trade-blur-p-1600.png
Reusing existing connection to [cdn.prod.website-files.com]:443.
HTTP request sent, awaiting response... 200 OK
Length: 288244 (281K) [image/png]
Saving to: ‘cdn.prod.website-files.com/6a44eec1ed1af2c4c403df6b/6a44eec1ed1af2c4c403e5c6_trade-blur-p-1600.png’

     0K .......... .......... .......... .......... .......... 17% 3.11M 0s
    50K .......... .......... .......... .......... .......... 35% 2.76M 0s
   100K .......... .......... .......... .......... .......... 53% 3.04M 0s
   150K .......... .......... .......... .......... .......... 71% 3.75M 0s
   200K .......... .......... .......... .......... .......... 88% 2.98M 0s
   250K .......... .......... .......... .                    100% 7.04M=0.08s

2026-09-12 19:17:56 (3.30 MB/s) - ‘cdn.prod.website-files.com/6a44eec1ed1af2c4c403df6b/6a44eec1ed1af2c4c403e5c6_trade-blur-p-1600.png’ saved [288244/288244]

--2026-09-12 19:17:56--  https://cdn.prod.website-files.com/6a44eec1ed1af2c4c403df6b/6a44eec1ed1af2c4c403e811_bg-about%20(1).avif
Reusing existing connection to [cdn.prod.website-files.com]:443.
HTTP request sent, awaiting response... 200 OK
Length: 8632 (8.4K) [image/avif]
Saving to: ‘cdn.prod.website-files.com/6a44eec1ed1af2c4c403df6b/6a44eec1ed1af2c4c403e811_bg-about (1).avif’

     0K ........                                              100%  268M=0s

2026-09-12 19:17:56 (268 MB/s) - ‘cdn.prod.website-files.com/6a44eec1ed1af2c4c403df6b/6a44eec1ed1af2c4c403e811_bg-about (1).avif’ saved [8632/8632]

--2026-09-12 19:17:56--  https://cdn.prod.website-files.com/6a44eec1ed1af2c4c403df6b/6a44eec1ed1af2c4c403e811_bg-about%2520(1)-p-500.avif
Reusing existing connection to [cdn.prod.website-files.com]:443.
HTTP request sent, awaiting response... 200 OK
Length: 1689 (1.6K) [image/avif]
Saving to: ‘cdn.prod.website-files.com/6a44eec1ed1af2c4c403df6b/6a44eec1ed1af2c4c403e811_bg-about (1)-p-500.avif’

     0K .                                                     100% 42.8M=0s

2026-09-12 19:17:57 (42.8 MB/s) - ‘cdn.prod.website-files.com/6a44eec1ed1af2c4c403df6b/6a44eec1ed1af2c4c403e811_bg-about (1)-p-500.avif’ saved [1689/1689]

--2026-09-12 19:17:57--  https://cdn.prod.website-files.com/6a44eec1ed1af2c4c403df6b/6a44eec1ed1af2c4c403e811_bg-about%2520(1)-p-800.avif
Reusing existing connection to [cdn.prod.website-files.com]:443.
HTTP request sent, awaiting response... 200 OK
Length: 2761 (2.7K) [image/avif]
Saving to: ‘cdn.prod.website-files.com/6a44eec1ed1af2c4c403df6b/6a44eec1ed1af2c4c403e811_bg-about (1)-p-800.avif’

     0K ..                                                    100% 61.3M=0s

2026-09-12 19:17:57 (61.3 MB/s) - ‘cdn.prod.website-files.com/6a44eec1ed1af2c4c403df6b/6a44eec1ed1af2c4c403e811_bg-about (1)-p-800.avif’ saved [2761/2761]

--2026-09-12 19:17:57--  https://cdn.prod.website-files.com/6a44eec1ed1af2c4c403df6b/6a44eec1ed1af2c4c403e811_bg-about%2520(1)-p-1080.avif
Reusing existing connection to [cdn.prod.website-files.com]:443.
HTTP request sent, awaiting response... 200 OK
Length: 3679 (3.6K) [image/avif]
Saving to: ‘cdn.prod.website-files.com/6a44eec1ed1af2c4c403df6b/6a44eec1ed1af2c4c403e811_bg-about (1)-p-1080.avif’

     0K ...                                                   100%  108M=0s

2026-09-12 19:17:57 (108 MB/s) - ‘cdn.prod.website-files.com/6a44eec1ed1af2c4c403df6b/6a44eec1ed1af2c4c403e811_bg-about (1)-p-1080.avif’ saved [3679/3679]

--2026-09-12 19:17:57--  https://cdn.prod.website-files.com/6a44eec1ed1af2c4c403df6b/6a44eec1ed1af2c4c403e811_bg-about%2520(1)-p-1600.avif
Reusing existing connection to [cdn.prod.website-files.com]:443.
HTTP request sent, awaiting response... 200 OK
Length: 5305 (5.2K) [image/avif]
Saving to: ‘cdn.prod.website-files.com/6a44eec1ed1af2c4c403df6b/6a44eec1ed1af2c4c403e811_bg-about (1)-p-1600.avif’

     0K .....                                                 100%  161M=0s

2026-09-12 19:17:57 (161 MB/s) - ‘cdn.prod.website-files.com/6a44eec1ed1af2c4c403df6b/6a44eec1ed1af2c4c403e811_bg-about (1)-p-1600.avif’ saved [5305/5305]

--2026-09-12 19:17:57--  https://cdn.prod.website-files.com/6a44eec1ed1af2c4c403df6b/6a44eec1ed1af2c4c403e811_bg-about%2520(1)-p-2000.avif
Reusing existing connection to [cdn.prod.website-files.com]:443.
HTTP request sent, awaiting response... 200 OK
Length: 6848 (6.7K) [image/avif]
Saving to: ‘cdn.prod.website-files.com/6a44eec1ed1af2c4c403df6b/6a44eec1ed1af2c4c403e811_bg-about (1)-p-2000.avif’

     0K ......                                                100% 46.6M=0s

2026-09-12 19:17:57 (46.6 MB/s) - ‘cdn.prod.website-files.com/6a44eec1ed1af2c4c403df6b/6a44eec1ed1af2c4c403e811_bg-about (1)-p-2000.avif’ saved [6848/6848]

--2026-09-12 19:17:57--  https://cdn.prod.website-files.com/6a44eec1ed1af2c4c403df6b/6a44eec1ed1af2c4c403e666_c878b2b23944b559c28632b2cc70d49f_about-mb%20%281%29.png
Reusing existing connection to [cdn.prod.website-files.com]:443.
HTTP request sent, awaiting response... 200 OK
Length: 101220 (99K) [image/png]
Saving to: ‘cdn.prod.website-files.com/6a44eec1ed1af2c4c403df6b/6a44eec1ed1af2c4c403e666_c878b2b23944b559c28632b2cc70d49f_about-mb (1).png’

     0K .......... .......... .......... .......... .......... 50% 4.16M 0s
    50K .......... .......... .......... .......... ........  100% 3.12M=0.03s

2026-09-12 19:17:57 (3.57 MB/s) - ‘cdn.prod.website-files.com/6a44eec1ed1af2c4c403df6b/6a44eec1ed1af2c4c403e666_c878b2b23944b559c28632b2cc70d49f_about-mb (1).png’ saved [101220/101220]

--2026-09-12 19:17:57--  https://cdn.prod.website-files.com/6a44eec1ed1af2c4c403df6b/6a44eec1ed1af2c4c403e666_c878b2b23944b559c28632b2cc70d49f_about-mb%20%281%29-p-500.png
Reusing existing connection to [cdn.prod.website-files.com]:443.
HTTP request sent, awaiting response... 200 OK
Length: 83005 (81K) [image/png]
Saving to: ‘cdn.prod.website-files.com/6a44eec1ed1af2c4c403df6b/6a44eec1ed1af2c4c403e666_c878b2b23944b559c28632b2cc70d49f_about-mb (1)-p-500.png’

     0K .......... .......... .......... .......... .......... 61% 4.67M 0s
    50K .......... .......... .......... .                    100% 3.08M=0.02s

2026-09-12 19:17:57 (3.90 MB/s) - ‘cdn.prod.website-files.com/6a44eec1ed1af2c4c403df6b/6a44eec1ed1af2c4c403e666_c878b2b23944b559c28632b2cc70d49f_about-mb (1)-p-500.png’ saved [83005/83005]

--2026-09-12 19:17:57--  https://cdn.prod.website-files.com/6a44eec1ed1af2c4c403df68/6a44eec1ed1af2c4c403e231_Chris.jpg
Reusing existing connection to [cdn.prod.website-files.com]:443.
HTTP request sent, awaiting response... 200 OK
Length: 43771 (43K) [image/jpeg]
Saving to: ‘cdn.prod.website-files.com/6a44eec1ed1af2c4c403df68/6a44eec1ed1af2c4c403e231_Chris.jpg’

     0K .......... .......... .......... .......... ..        100% 7.05M=0.006s

2026-09-12 19:17:57 (7.05 MB/s) - ‘cdn.prod.website-files.com/6a44eec1ed1af2c4c403df68/6a44eec1ed1af2c4c403e231_Chris.jpg’ saved [43771/43771]

--2026-09-12 19:17:57--  https://cdn.prod.website-files.com/6a44eec1ed1af2c4c403df68/6a44eec1ed1af2c4c403e46a_christopher-lebon.png
Reusing existing connection to [cdn.prod.website-files.com]:443.
HTTP request sent, awaiting response... 200 OK
Length: 19799 (19K) [image/png]
Saving to: ‘cdn.prod.website-files.com/6a44eec1ed1af2c4c403df68/6a44eec1ed1af2c4c403e46a_christopher-lebon.png’

     0K .......... .........                                  100% 6.69M=0.003s

2026-09-12 19:17:57 (6.69 MB/s) - ‘cdn.prod.website-files.com/6a44eec1ed1af2c4c403df68/6a44eec1ed1af2c4c403e46a_christopher-lebon.png’ saved [19799/19799]

--2026-09-12 19:17:57--  https://cdn.prod.website-files.com/6a44eec1ed1af2c4c403df68/6a44eec1ed1af2c4c403e245_Kellie.jpg
Reusing existing connection to [cdn.prod.website-files.com]:443.
HTTP request sent, awaiting response... 200 OK
Length: 39926 (39K) [image/jpeg]
Saving to: ‘cdn.prod.website-files.com/6a44eec1ed1af2c4c403df68/6a44eec1ed1af2c4c403e245_Kellie.jpg’

     0K .......... .......... .......... ........             100% 6.18M=0.006s

2026-09-12 19:17:57 (6.18 MB/s) - ‘cdn.prod.website-files.com/6a44eec1ed1af2c4c403df68/6a44eec1ed1af2c4c403e245_Kellie.jpg’ saved [39926/39926]

--2026-09-12 19:17:57--  https://cdn.prod.website-files.com/6a44eec1ed1af2c4c403df68/6a44eec1ed1af2c4c403e46d_kellie-denman.png
Reusing existing connection to [cdn.prod.website-files.com]:443.
HTTP request sent, awaiting response... 200 OK
Length: 19689 (19K) [image/png]
Saving to: ‘cdn.prod.website-files.com/6a44eec1ed1af2c4c403df68/6a44eec1ed1af2c4c403e46d_kellie-denman.png’

     0K .......... .........                                  100%  328M=0s

2026-09-12 19:17:57 (328 MB/s) - ‘cdn.prod.website-files.com/6a44eec1ed1af2c4c403df68/6a44eec1ed1af2c4c403e46d_kellie-denman.png’ saved [19689/19689]

--2026-09-12 19:17:57--  https://cdn.prod.website-files.com/6a44eec1ed1af2c4c403df68/6a44eec1ed1af2c4c403e1cc_Ken.jpg
Reusing existing connection to [cdn.prod.website-files.com]:443.
HTTP request sent, awaiting response... 200 OK
Length: 41163 (40K) [image/jpeg]
Saving to: ‘cdn.prod.website-files.com/6a44eec1ed1af2c4c403df68/6a44eec1ed1af2c4c403e1cc_Ken.jpg’

     0K .......... .......... .......... ..........           100% 8.07M=0.005s

2026-09-12 19:17:57 (8.07 MB/s) - ‘cdn.prod.website-files.com/6a44eec1ed1af2c4c403df68/6a44eec1ed1af2c4c403e1cc_Ken.jpg’ saved [41163/41163]

--2026-09-12 19:17:57--  https://cdn.prod.website-files.com/6a44eec1ed1af2c4c403df68/6a44eec1ed1af2c4c403e457_ken-chan.png
Reusing existing connection to [cdn.prod.website-files.com]:443.
HTTP request sent, awaiting response... 200 OK
Length: 19534 (19K) [image/png]
Saving to: ‘cdn.prod.website-files.com/6a44eec1ed1af2c4c403df68/6a44eec1ed1af2c4c403e457_ken-chan.png’

     0K .......... .........                                  100% 3.82M=0.005s

2026-09-12 19:17:58 (3.82 MB/s) - ‘cdn.prod.website-files.com/6a44eec1ed1af2c4c403df68/6a44eec1ed1af2c4c403e457_ken-chan.png’ saved [19534/19534]

--2026-09-12 19:17:58--  https://cdn.prod.website-files.com/6a44eec1ed1af2c4c403df68/6a44eec1ed1af2c4c403e284_Jim.jpg
Reusing existing connection to [cdn.prod.website-files.com]:443.
HTTP request sent, awaiting response... 200 OK
Length: 44434 (43K) [image/jpeg]
Saving to: ‘cdn.prod.website-files.com/6a44eec1ed1af2c4c403df68/6a44eec1ed1af2c4c403e284_Jim.jpg’

     0K .......... .......... .......... .......... ...       100% 4.58M=0.009s

2026-09-12 19:17:58 (4.58 MB/s) - ‘cdn.prod.website-files.com/6a44eec1ed1af2c4c403df68/6a44eec1ed1af2c4c403e284_Jim.jpg’ saved [44434/44434]

--2026-09-12 19:17:58--  https://cdn.prod.website-files.com/6a44eec1ed1af2c4c403df68/6a44eec1ed1af2c4c403e4ab_jim-burket.png
Reusing existing connection to [cdn.prod.website-files.com]:443.
HTTP request sent, awaiting response... 200 OK
Length: 19589 (19K) [image/png]
Saving to: ‘cdn.prod.website-files.com/6a44eec1ed1af2c4c403df68/6a44eec1ed1af2c4c403e4ab_jim-burket.png’

     0K .......... .........                                  100% 5.01M=0.004s

2026-09-12 19:17:58 (5.01 MB/s) - ‘cdn.prod.website-files.com/6a44eec1ed1af2c4c403df68/6a44eec1ed1af2c4c403e4ab_jim-burket.png’ saved [19589/19589]

--2026-09-12 19:17:58--  https://cdn.prod.website-files.com/6a44eec1ed1af2c4c403df68/6a44eec1ed1af2c4c403e233_Farookh.jpg
Reusing existing connection to [cdn.prod.website-files.com]:443.
HTTP request sent, awaiting response... 200 OK
Length: 46646 (46K) [image/jpeg]
Saving to: ‘cdn.prod.website-files.com/6a44eec1ed1af2c4c403df68/6a44eec1ed1af2c4c403e233_Farookh.jpg’

     0K .......... .......... .......... .......... .....     100% 6.07M=0.007s

2026-09-12 19:17:58 (6.07 MB/s) - ‘cdn.prod.website-files.com/6a44eec1ed1af2c4c403df68/6a44eec1ed1af2c4c403e233_Farookh.jpg’ saved [46646/46646]

--2026-09-12 19:17:58--  https://cdn.prod.website-files.com/6a44eec1ed1af2c4c403df68/6a44eec1ed1af2c4c403e46c_syed-farookh-shah.png
Reusing existing connection to [cdn.prod.website-files.com]:443.
HTTP request sent, awaiting response... 200 OK
Length: 19416 (19K) [image/png]
Saving to: ‘cdn.prod.website-files.com/6a44eec1ed1af2c4c403df68/6a44eec1ed1af2c4c403e46c_syed-farookh-shah.png’

     0K .......... ........                                   100%  359M=0s

2026-09-12 19:17:58 (359 MB/s) - ‘cdn.prod.website-files.com/6a44eec1ed1af2c4c403df68/6a44eec1ed1af2c4c403e46c_syed-farookh-shah.png’ saved [19416/19416]

--2026-09-12 19:17:58--  https://cdn.prod.website-files.com/6a44eec1ed1af2c4c403df68/6a44eec1ed1af2c4c403e21d_Jesse.jpg
Reusing existing connection to [cdn.prod.website-files.com]:443.
HTTP request sent, awaiting response... 200 OK
Length: 40368 (39K) [image/jpeg]
Saving to: ‘cdn.prod.website-files.com/6a44eec1ed1af2c4c403df68/6a44eec1ed1af2c4c403e21d_Jesse.jpg’

     0K .......... .......... .......... .........            100% 2.66M=0.01s

2026-09-12 19:17:58 (2.66 MB/s) - ‘cdn.prod.website-files.com/6a44eec1ed1af2c4c403df68/6a44eec1ed1af2c4c403e21d_Jesse.jpg’ saved [40368/40368]

--2026-09-12 19:17:58--  https://cdn.prod.website-files.com/6a44eec1ed1af2c4c403df68/6a44eec1ed1af2c4c403e458_jesse-greenwood.png
Reusing existing connection to [cdn.prod.website-files.com]:443.
HTTP request sent, awaiting response... 200 OK
Length: 18235 (18K) [image/png]
Saving to: ‘cdn.prod.website-files.com/6a44eec1ed1af2c4c403df68/6a44eec1ed1af2c4c403e458_jesse-greenwood.png’

     0K .......... .......                                    100%  343M=0s

2026-09-12 19:17:58 (343 MB/s) - ‘cdn.prod.website-files.com/6a44eec1ed1af2c4c403df68/6a44eec1ed1af2c4c403e458_jesse-greenwood.png’ saved [18235/18235]

--2026-09-12 19:17:58--  https://cdn.prod.website-files.com/6a44eec1ed1af2c4c403df68/6a44eec1ed1af2c4c403e256_Nilma.jpg
Reusing existing connection to [cdn.prod.website-files.com]:443.
HTTP request sent, awaiting response... 200 OK
Length: 62894 (61K) [image/jpeg]
Saving to: ‘cdn.prod.website-files.com/6a44eec1ed1af2c4c403df68/6a44eec1ed1af2c4c403e256_Nilma.jpg’

     0K .......... .......... .......... .......... .......... 81% 5.65M 0s
    50K .......... .                                          100% 21.3T=0.009s

2026-09-12 19:17:58 (6.94 MB/s) - ‘cdn.prod.website-files.com/6a44eec1ed1af2c4c403df68/6a44eec1ed1af2c4c403e256_Nilma.jpg’ saved [62894/62894]

--2026-09-12 19:17:58--  https://cdn.prod.website-files.com/6a44eec1ed1af2c4c403df68/6a44eec1ed1af2c4c403e46e_nilima-singh.png
Reusing existing connection to [cdn.prod.website-files.com]:443.
HTTP request sent, awaiting response... 200 OK
Length: 22189 (22K) [image/png]
Saving to: ‘cdn.prod.website-files.com/6a44eec1ed1af2c4c403df68/6a44eec1ed1af2c4c403e46e_nilima-singh.png’

     0K .......... .......... .                               100% 7.72M=0.003s

2026-09-12 19:17:58 (7.72 MB/s) - ‘cdn.prod.website-files.com/6a44eec1ed1af2c4c403df68/6a44eec1ed1af2c4c403e46e_nilima-singh.png’ saved [22189/22189]

--2026-09-12 19:17:58--  https://cdn.prod.website-files.com/6a44eec1ed1af2c4c403df68/6a44eec1ed1af2c4c403e269_Kane.jpg
Reusing existing connection to [cdn.prod.website-files.com]:443.
HTTP request sent, awaiting response... 200 OK
Length: 42056 (41K) [image/jpeg]
Saving to: ‘cdn.prod.website-files.com/6a44eec1ed1af2c4c403df68/6a44eec1ed1af2c4c403e269_Kane.jpg’

     0K .......... .......... .......... .......... .         100% 7.12M=0.006s

2026-09-12 19:17:58 (7.12 MB/s) - ‘cdn.prod.website-files.com/6a44eec1ed1af2c4c403df68/6a44eec1ed1af2c4c403e269_Kane.jpg’ saved [42056/42056]

--2026-09-12 19:17:58--  https://cdn.prod.website-files.com/6a44eec1ed1af2c4c403df68/6a44eec1ed1af2c4c403e481_kane-clifford.png
Reusing existing connection to [cdn.prod.website-files.com]:443.
HTTP request sent, awaiting response... 200 OK
Length: 18832 (18K) [image/png]
Saving to: ‘cdn.prod.website-files.com/6a44eec1ed1af2c4c403df68/6a44eec1ed1af2c4c403e481_kane-clifford.png’

     0K .......... ........                                   100%  105M=0s

2026-09-12 19:17:58 (105 MB/s) - ‘cdn.prod.website-files.com/6a44eec1ed1af2c4c403df68/6a44eec1ed1af2c4c403e481_kane-clifford.png’ saved [18832/18832]

--2026-09-12 19:17:58--  https://cdn.prod.website-files.com/6a44eec1ed1af2c4c403df68/6a44eec1ed1af2c4c403e268_Rachel.jpg
Reusing existing connection to [cdn.prod.website-files.com]:443.
HTTP request sent, awaiting response... 200 OK
Length: 46319 (45K) [image/jpeg]
Saving to: ‘cdn.prod.website-files.com/6a44eec1ed1af2c4c403df68/6a44eec1ed1af2c4c403e268_Rachel.jpg’

     0K .......... .......... .......... .......... .....     100% 3.18M=0.01s

2026-09-12 19:17:58 (3.18 MB/s) - ‘cdn.prod.website-files.com/6a44eec1ed1af2c4c403df68/6a44eec1ed1af2c4c403e268_Rachel.jpg’ saved [46319/46319]

--2026-09-12 19:17:58--  https://cdn.prod.website-files.com/6a44eec1ed1af2c4c403df68/6a44eec1ed1af2c4c403e480_rachel-ruskan.png
Reusing existing connection to [cdn.prod.website-files.com]:443.
HTTP request sent, awaiting response... 200 OK
Length: 19894 (19K) [image/png]
Saving to: ‘cdn.prod.website-files.com/6a44eec1ed1af2c4c403df68/6a44eec1ed1af2c4c403e480_rachel-ruskan.png’

     0K .......... .........                                  100% 2.54M=0.007s

2026-09-12 19:17:58 (2.54 MB/s) - ‘cdn.prod.website-files.com/6a44eec1ed1af2c4c403df68/6a44eec1ed1af2c4c403e480_rachel-ruskan.png’ saved [19894/19894]

--2026-09-12 19:17:58--  https://cdn.prod.website-files.com/6a44eec1ed1af2c4c403df68/6a44eec1ed1af2c4c403e232_Lizeth.jpg
Reusing existing connection to [cdn.prod.website-files.com]:443.
HTTP request sent, awaiting response... 200 OK
Length: 53311 (52K) [image/jpeg]
Saving to: ‘cdn.prod.website-files.com/6a44eec1ed1af2c4c403df68/6a44eec1ed1af2c4c403e232_Lizeth.jpg’

     0K .......... .......... .......... .......... .......... 96% 6.83M 0s
    50K ..                                                    100% 3.84T=0.007s

2026-09-12 19:17:58 (7.11 MB/s) - ‘cdn.prod.website-files.com/6a44eec1ed1af2c4c403df68/6a44eec1ed1af2c4c403e232_Lizeth.jpg’ saved [53311/53311]

--2026-09-12 19:17:58--  https://cdn.prod.website-files.com/6a44eec1ed1af2c4c403df68/6a44eec1ed1af2c4c403e46b_lizeth-colichon.png
Reusing existing connection to [cdn.prod.website-files.com]:443.
HTTP request sent, awaiting response... 200 OK
Length: 20732 (20K) [image/png]
Saving to: ‘cdn.prod.website-files.com/6a44eec1ed1af2c4c403df68/6a44eec1ed1af2c4c403e46b_lizeth-colichon.png’

     0K .......... ..........                                 100% 5.29M=0.004s

2026-09-12 19:17:58 (5.29 MB/s) - ‘cdn.prod.website-files.com/6a44eec1ed1af2c4c403df68/6a44eec1ed1af2c4c403e46b_lizeth-colichon.png’ saved [20732/20732]

--2026-09-12 19:17:58--  https://cdn.prod.website-files.com/6a44eec1ed1af2c4c403df68/6a44eec1ed1af2c4c403e282_Christopher.jpg
Reusing existing connection to [cdn.prod.website-files.com]:443.
HTTP request sent, awaiting response... 200 OK
Length: 50444 (49K) [image/jpeg]
Saving to: ‘cdn.prod.website-files.com/6a44eec1ed1af2c4c403df68/6a44eec1ed1af2c4c403e282_Christopher.jpg’

     0K .......... .......... .......... .......... ......... 100% 8.31M=0.006s

2026-09-12 19:17:58 (8.31 MB/s) - ‘cdn.prod.website-files.com/6a44eec1ed1af2c4c403df68/6a44eec1ed1af2c4c403e282_Christopher.jpg’ saved [50444/50444]

--2026-09-12 19:17:58--  https://cdn.prod.website-files.com/6a44eec1ed1af2c4c403df68/6a44eec1ed1af2c4c403e4bb_christopher-ivanov.png
Reusing existing connection to [cdn.prod.website-files.com]:443.
HTTP request sent, awaiting response... 200 OK
Length: 21140 (21K) [image/png]
Saving to: ‘cdn.prod.website-files.com/6a44eec1ed1af2c4c403df68/6a44eec1ed1af2c4c403e4bb_christopher-ivanov.png’

     0K .......... ..........                                 100%  307M=0s

2026-09-12 19:17:58 (307 MB/s) - ‘cdn.prod.website-files.com/6a44eec1ed1af2c4c403df68/6a44eec1ed1af2c4c403e4bb_christopher-ivanov.png’ saved [21140/21140]

--2026-09-12 19:17:58--  https://cdn.prod.website-files.com/6a44eec1ed1af2c4c403df68/6a44eec1ed1af2c4c403e26a_Joe.jpg
Reusing existing connection to [cdn.prod.website-files.com]:443.
HTTP request sent, awaiting response... 200 OK
Length: 46925 (46K) [image/jpeg]
Saving to: ‘cdn.prod.website-files.com/6a44eec1ed1af2c4c403df68/6a44eec1ed1af2c4c403e26a_Joe.jpg’

     0K .......... .......... .......... .......... .....     100% 6.23M=0.007s

2026-09-12 19:17:58 (6.23 MB/s) - ‘cdn.prod.website-files.com/6a44eec1ed1af2c4c403df68/6a44eec1ed1af2c4c403e26a_Joe.jpg’ saved [46925/46925]

--2026-09-12 19:17:58--  https://cdn.prod.website-files.com/6a44eec1ed1af2c4c403df68/6a44eec1ed1af2c4c403e482_joe-macari.png
Reusing existing connection to [cdn.prod.website-files.com]:443.
HTTP request sent, awaiting response... 200 OK
Length: 20273 (20K) [image/png]
Saving to: ‘cdn.prod.website-files.com/6a44eec1ed1af2c4c403df68/6a44eec1ed1af2c4c403e482_joe-macari.png’

     0K .......... .........                                  100% 7.66M=0.003s

2026-09-12 19:17:58 (7.66 MB/s) - ‘cdn.prod.website-files.com/6a44eec1ed1af2c4c403df68/6a44eec1ed1af2c4c403e482_joe-macari.png’ saved [20273/20273]

--2026-09-12 19:17:58--  https://cdn.prod.website-files.com/6a44eec1ed1af2c4c403df68/6a44eec1ed1af2c4c403e27f_Kim.jpg
Reusing existing connection to [cdn.prod.website-files.com]:443.
HTTP request sent, awaiting response... 200 OK
Length: 44053 (43K) [image/jpeg]
Saving to: ‘cdn.prod.website-files.com/6a44eec1ed1af2c4c403df68/6a44eec1ed1af2c4c403e27f_Kim.jpg’

     0K .......... .......... .......... .......... ...       100% 6.15M=0.007s

2026-09-12 19:17:58 (6.15 MB/s) - ‘cdn.prod.website-files.com/6a44eec1ed1af2c4c403df68/6a44eec1ed1af2c4c403e27f_Kim.jpg’ saved [44053/44053]

--2026-09-12 19:17:58--  https://cdn.prod.website-files.com/6a44eec1ed1af2c4c403df68/6a44eec1ed1af2c4c403e4ac_kim-benjamin.png
Reusing existing connection to [cdn.prod.website-files.com]:443.
HTTP request sent, awaiting response... 200 OK
Length: 18406 (18K) [image/png]
Saving to: ‘cdn.prod.website-files.com/6a44eec1ed1af2c4c403df68/6a44eec1ed1af2c4c403e4ac_kim-benjamin.png’

     0K .......... .......                                    100%  362M=0s

2026-09-12 19:17:58 (362 MB/s) - ‘cdn.prod.website-files.com/6a44eec1ed1af2c4c403df68/6a44eec1ed1af2c4c403e4ac_kim-benjamin.png’ saved [18406/18406]

--2026-09-12 19:17:58--  https://cdn.prod.website-files.com/6a44eec1ed1af2c4c403df68/6a44eec1ed1af2c4c403e281_Charles.jpg
Reusing existing connection to [cdn.prod.website-files.com]:443.
HTTP request sent, awaiting response... 200 OK
Length: 47084 (46K) [image/jpeg]
Saving to: ‘cdn.prod.website-files.com/6a44eec1ed1af2c4c403df68/6a44eec1ed1af2c4c403e281_Charles.jpg’

     0K .......... .......... .......... .......... .....     100% 6.48M=0.007s

2026-09-12 19:17:58 (6.48 MB/s) - ‘cdn.prod.website-files.com/6a44eec1ed1af2c4c403df68/6a44eec1ed1af2c4c403e281_Charles.jpg’ saved [47084/47084]

--2026-09-12 19:17:58--  https://cdn.prod.website-files.com/6a44eec1ed1af2c4c403df68/6a44eec1ed1af2c4c403e4ba_charles-gunaratnam.png
Reusing existing connection to [cdn.prod.website-files.com]:443.
HTTP request sent, awaiting response... 200 OK
Length: 19480 (19K) [image/png]
Saving to: ‘cdn.prod.website-files.com/6a44eec1ed1af2c4c403df68/6a44eec1ed1af2c4c403e4ba_charles-gunaratnam.png’

     0K .......... .........                                  100%  303M=0s

2026-09-12 19:17:58 (303 MB/s) - ‘cdn.prod.website-files.com/6a44eec1ed1af2c4c403df68/6a44eec1ed1af2c4c403e4ba_charles-gunaratnam.png’ saved [19480/19480]

--2026-09-12 19:17:58--  https://cdn.prod.website-files.com/6a44eec1ed1af2c4c403df68/6a44eec1ed1af2c4c403e1b9_Roxy.jpg
Reusing existing connection to [cdn.prod.website-files.com]:443.
HTTP request sent, awaiting response... 200 OK
Length: 48706 (48K) [image/jpeg]
Saving to: ‘cdn.prod.website-files.com/6a44eec1ed1af2c4c403df68/6a44eec1ed1af2c4c403e1b9_Roxy.jpg’

     0K .......... .......... .......... .......... .......   100% 5.00M=0.009s

2026-09-12 19:17:58 (5.00 MB/s) - ‘cdn.prod.website-files.com/6a44eec1ed1af2c4c403df68/6a44eec1ed1af2c4c403e1b9_Roxy.jpg’ saved [48706/48706]

--2026-09-12 19:17:58--  https://cdn.prod.website-files.com/6a44eec1ed1af2c4c403df68/6a44eec1ed1af2c4c403e445_roxanne-muscat.png
Reusing existing connection to [cdn.prod.website-files.com]:443.
HTTP request sent, awaiting response... 200 OK
Length: 21127 (21K) [image/png]
Saving to: ‘cdn.prod.website-files.com/6a44eec1ed1af2c4c403df68/6a44eec1ed1af2c4c403e445_roxanne-muscat.png’

     0K .......... ..........                                 100% 7.97M=0.003s

2026-09-12 19:17:58 (7.97 MB/s) - ‘cdn.prod.website-files.com/6a44eec1ed1af2c4c403df68/6a44eec1ed1af2c4c403e445_roxanne-muscat.png’ saved [21127/21127]

--2026-09-12 19:17:58--  https://cdn.prod.website-files.com/6a44eec1ed1af2c4c403df68/6a44eec1ed1af2c4c403e280_Joshua.jpg
Reusing existing connection to [cdn.prod.website-files.com]:443.
HTTP request sent, awaiting response... 200 OK
Length: 45692 (45K) [image/jpeg]
Saving to: ‘cdn.prod.website-files.com/6a44eec1ed1af2c4c403df68/6a44eec1ed1af2c4c403e280_Joshua.jpg’

     0K .......... .......... .......... .......... ....      100% 7.07M=0.006s

2026-09-12 19:17:58 (7.07 MB/s) - ‘cdn.prod.website-files.com/6a44eec1ed1af2c4c403df68/6a44eec1ed1af2c4c403e280_Joshua.jpg’ saved [45692/45692]

--2026-09-12 19:17:58--  https://cdn.prod.website-files.com/6a44eec1ed1af2c4c403df68/6a44eec1ed1af2c4c403e4b9_joshua-lawrence.png
Reusing existing connection to [cdn.prod.website-files.com]:443.
HTTP request sent, awaiting response... 200 OK
Length: 19893 (19K) [image/png]
Saving to: ‘cdn.prod.website-files.com/6a44eec1ed1af2c4c403df68/6a44eec1ed1af2c4c403e4b9_joshua-lawrence.png’

     0K .......... .........                                  100% 6.04M=0.003s

2026-09-12 19:17:58 (6.04 MB/s) - ‘cdn.prod.website-files.com/6a44eec1ed1af2c4c403df68/6a44eec1ed1af2c4c403e4b9_joshua-lawrence.png’ saved [19893/19893]

--2026-09-12 19:17:58--  https://cdn.prod.website-files.com/6a44eec1ed1af2c4c403df68/6a44eec1ed1af2c4c403e285_Mandy.jpg
Reusing existing connection to [cdn.prod.website-files.com]:443.
HTTP request sent, awaiting response... 200 OK
Length: 40973 (40K) [image/jpeg]
Saving to: ‘cdn.prod.website-files.com/6a44eec1ed1af2c4c403df68/6a44eec1ed1af2c4c403e285_Mandy.jpg’

     0K .......... .......... .......... ..........           100% 5.10M=0.008s

2026-09-12 19:17:58 (5.10 MB/s) - ‘cdn.prod.website-files.com/6a44eec1ed1af2c4c403df68/6a44eec1ed1af2c4c403e285_Mandy.jpg’ saved [40973/40973]

--2026-09-12 19:17:58--  https://cdn.prod.website-files.com/6a44eec1ed1af2c4c403df68/6a44eec1ed1af2c4c403e444_mandy-huang.png
Reusing existing connection to [cdn.prod.website-files.com]:443.
HTTP request sent, awaiting response... 200 OK
Length: 18490 (18K) [image/png]
Saving to: ‘cdn.prod.website-files.com/6a44eec1ed1af2c4c403df68/6a44eec1ed1af2c4c403e444_mandy-huang.png’

     0K .......... ........                                   100% 1.94M=0.009s

2026-09-12 19:17:58 (1.94 MB/s) - ‘cdn.prod.website-files.com/6a44eec1ed1af2c4c403df68/6a44eec1ed1af2c4c403e444_mandy-huang.png’ saved [18490/18490]

--2026-09-12 19:17:58--  https://cdn.prod.website-files.com/6a44eec1ed1af2c4c403df68/6a44eec1ed1af2c4c403e283_Jason.jpg
Reusing existing connection to [cdn.prod.website-files.com]:443.
HTTP request sent, awaiting response... 200 OK
Length: 42533 (42K) [image/jpeg]
Saving to: ‘cdn.prod.website-files.com/6a44eec1ed1af2c4c403df68/6a44eec1ed1af2c4c403e283_Jason.jpg’

     0K .......... .......... .......... .......... .         100% 5.71M=0.007s

2026-09-12 19:17:58 (5.71 MB/s) - ‘cdn.prod.website-files.com/6a44eec1ed1af2c4c403df68/6a44eec1ed1af2c4c403e283_Jason.jpg’ saved [42533/42533]

--2026-09-12 19:17:58--  https://cdn.prod.website-files.com/6a44eec1ed1af2c4c403df68/6a44eec1ed1af2c4c403e4bc_jason-tse.png
Reusing existing connection to [cdn.prod.website-files.com]:443.
HTTP request sent, awaiting response... 200 OK
Length: 19853 (19K) [image/png]
Saving to: ‘cdn.prod.website-files.com/6a44eec1ed1af2c4c403df68/6a44eec1ed1af2c4c403e4bc_jason-tse.png’

     0K .......... .........                                  100% 20.1M=0.001s

2026-09-12 19:17:58 (20.1 MB/s) - ‘cdn.prod.website-files.com/6a44eec1ed1af2c4c403df68/6a44eec1ed1af2c4c403e4bc_jason-tse.png’ saved [19853/19853]

--2026-09-12 19:17:58--  https://cdn.prod.website-files.com/6a44eec1ed1af2c4c403df68/6a44eec1ed1af2c4c403e1a1_Shadow.jpg
Reusing existing connection to [cdn.prod.website-files.com]:443.
HTTP request sent, awaiting response... 200 OK
Length: 43483 (42K) [image/jpeg]
Saving to: ‘cdn.prod.website-files.com/6a44eec1ed1af2c4c403df68/6a44eec1ed1af2c4c403e1a1_Shadow.jpg’

     0K .......... .......... .......... .......... ..        100% 5.31M=0.008s

2026-09-12 19:17:58 (5.31 MB/s) - ‘cdn.prod.website-files.com/6a44eec1ed1af2c4c403df68/6a44eec1ed1af2c4c403e1a1_Shadow.jpg’ saved [43483/43483]

--2026-09-12 19:17:58--  https://cdn.prod.website-files.com/6a44eec1ed1af2c4c403df68/6a44eec1ed1af2c4c403e4bd_shadow-he.png
Reusing existing connection to [cdn.prod.website-files.com]:443.
HTTP request sent, awaiting response... 200 OK
Length: 19114 (19K) [image/png]
Saving to: ‘cdn.prod.website-files.com/6a44eec1ed1af2c4c403df68/6a44eec1ed1af2c4c403e4bd_shadow-he.png’

     0K .......... ........                                   100%  368M=0s

2026-09-12 19:17:58 (368 MB/s) - ‘cdn.prod.website-files.com/6a44eec1ed1af2c4c403df68/6a44eec1ed1af2c4c403e4bd_shadow-he.png’ saved [19114/19114]

--2026-09-12 19:17:58--  https://cdn.prod.website-files.com/6a44eec1ed1af2c4c403df68/6a585154fd2510c6f8c922ce_Ben%20(1).jpg
Reusing existing connection to [cdn.prod.website-files.com]:443.
HTTP request sent, awaiting response... 200 OK
Length: 99333 (97K) [image/jpeg]
Saving to: ‘cdn.prod.website-files.com/6a44eec1ed1af2c4c403df68/6a585154fd2510c6f8c922ce_Ben (1).jpg’

     0K .......... .......... .......... .......... .......... 51% 4.48M 0s
    50K .......... .......... .......... .......... .......   100% 4.27M=0.02s

2026-09-12 19:17:58 (4.38 MB/s) - ‘cdn.prod.website-files.com/6a44eec1ed1af2c4c403df68/6a585154fd2510c6f8c922ce_Ben (1).jpg’ saved [99333/99333]

--2026-09-12 19:17:58--  https://cdn.prod.website-files.com/6a44eec1ed1af2c4c403df68/6a585154fd2510c6f8c922ce_Ben%20(1)-p-500.jpg
Reusing existing connection to [cdn.prod.website-files.com]:443.
HTTP request sent, awaiting response... 200 OK
Length: 35057 (34K) [image/jpg]
Saving to: ‘cdn.prod.website-files.com/6a44eec1ed1af2c4c403df68/6a585154fd2510c6f8c922ce_Ben (1)-p-500.jpg’

     0K .......... .......... .......... ....                 100% 4.38M=0.008s

2026-09-12 19:17:59 (4.38 MB/s) - ‘cdn.prod.website-files.com/6a44eec1ed1af2c4c403df68/6a585154fd2510c6f8c922ce_Ben (1)-p-500.jpg’ saved [35057/35057]

--2026-09-12 19:17:59--  https://cdn.prod.website-files.com/6a44eec1ed1af2c4c403df68/6a5851587f645d2fe61113bd_ben-mask%20(1).png
Reusing existing connection to [cdn.prod.website-files.com]:443.
HTTP request sent, awaiting response... 200 OK
Length: 45853 (45K) [image/png]
Saving to: ‘cdn.prod.website-files.com/6a44eec1ed1af2c4c403df68/6a5851587f645d2fe61113bd_ben-mask (1).png’

     0K .......... .......... .......... .......... ....      100% 5.93M=0.007s

2026-09-12 19:17:59 (5.93 MB/s) - ‘cdn.prod.website-files.com/6a44eec1ed1af2c4c403df68/6a5851587f645d2fe61113bd_ben-mask (1).png’ saved [45853/45853]

--2026-09-12 19:17:59--  https://cdn.prod.website-files.com/6a03f453da6f70b6c31a571e/6a1e970f8497e7a448e5b33c_icon-space.svg
Reusing existing connection to [cdn.prod.website-files.com]:443.
HTTP request sent, awaiting response... 200 OK
Length: 411 [image/svg+xml]
Saving to: ‘cdn.prod.website-files.com/6a03f453da6f70b6c31a571e/6a1e970f8497e7a448e5b33c_icon-space.svg’

     0K                                                       100% 14.5M=0s

2026-09-12 19:17:59 (14.5 MB/s) - ‘cdn.prod.website-files.com/6a03f453da6f70b6c31a571e/6a1e970f8497e7a448e5b33c_icon-space.svg’ saved [411/411]

--2026-09-12 19:17:59--  https://unitedcarriers.com/&quot;https://cdn.prod.website-files.com/6a03f453da6f70b6c31a571e%2F6a1e957974997b39b6581434_video_poster.0000000.jpg&quot;
Connecting to unitedcarriers.com (unitedcarriers.com)|198.202.211.1|:443... connected.
HTTP request sent, awaiting response... 404 Not Found
2026-09-12 19:18:00 ERROR 404: Not Found.

--2026-09-12 19:18:00--  https://cdn.prod.website-files.com/6a44eec1ed1af2c4c403df6b/6a44eec1ed1af2c4c403e7fe_service2%20(1).jpg
Connecting to cdn.prod.website-files.com (cdn.prod.website-files.com)|2606:4700::6812:a175|:443... connected.
HTTP request sent, awaiting response... 200 OK
Length: 253590 (248K) [image/jpeg]
Saving to: ‘cdn.prod.website-files.com/6a44eec1ed1af2c4c403df6b/6a44eec1ed1af2c4c403e7fe_service2 (1).jpg’

     0K .......... .......... .......... .......... .......... 20% 1.47M 0s
    50K .......... .......... .......... .......... .......... 40%  214M 0s
   100K .......... .......... .......... .......... .......... 60% 3.72M 0s
   150K .......... .......... .......... .......... .......... 80% 6.25M 0s
   200K .......... .......... .......... .......... .......   100% 9.90M=0.06s

2026-09-12 19:18:00 (4.10 MB/s) - ‘cdn.prod.website-files.com/6a44eec1ed1af2c4c403df6b/6a44eec1ed1af2c4c403e7fe_service2 (1).jpg’ saved [253590/253590]

--2026-09-12 19:18:00--  https://cdn.prod.website-files.com/6a44eec1ed1af2c4c403df6b/6a44eec1ed1af2c4c403e7fd_service%20(1).jpg
Reusing existing connection to [cdn.prod.website-files.com]:443.
HTTP request sent, awaiting response... 200 OK
Length: 68690 (67K) [image/jpeg]
Saving to: ‘cdn.prod.website-files.com/6a44eec1ed1af2c4c403df6b/6a44eec1ed1af2c4c403e7fd_service (1).jpg’

     0K .......... .......... .......... .......... .......... 74% 15.0M 0s
    50K .......... .......                                    100%  242K=0.07s

2026-09-12 19:18:01 (907 KB/s) - ‘cdn.prod.website-files.com/6a44eec1ed1af2c4c403df6b/6a44eec1ed1af2c4c403e7fd_service (1).jpg’ saved [68690/68690]

--2026-09-12 19:18:01--  https://cdn.prod.website-files.com/6a44eec1ed1af2c4c403df6b/6a44eec1ed1af2c4c403e347_service-1.webp
Reusing existing connection to [cdn.prod.website-files.com]:443.
HTTP request sent, awaiting response... 200 OK
Length: 27478 (27K) [image/webp]
Saving to: ‘cdn.prod.website-files.com/6a44eec1ed1af2c4c403df6b/6a44eec1ed1af2c4c403e347_service-1.webp’

     0K .......... .......... ......                          100%  492M=0s

2026-09-12 19:18:01 (492 MB/s) - ‘cdn.prod.website-files.com/6a44eec1ed1af2c4c403df6b/6a44eec1ed1af2c4c403e347_service-1.webp’ saved [27478/27478]

--2026-09-12 19:18:01--  https://cdn.prod.website-files.com/6a44eec1ed1af2c4c403df68/6a44eec1ed1af2c4c403e409_service-cms-1.png
Reusing existing connection to [cdn.prod.website-files.com]:443.
HTTP request sent, awaiting response... 200 OK
Length: 140221 (137K) [image/png]
Saving to: ‘cdn.prod.website-files.com/6a44eec1ed1af2c4c403df68/6a44eec1ed1af2c4c403e409_service-cms-1.png’

     0K .......... .......... .......... .......... .......... 36% 21.2M 0s
    50K .......... .......... .......... .......... .......... 73% 8.51M 0s
   100K .......... .......... .......... ......               100% 13.1M=0.01s

2026-09-12 19:18:01 (12.4 MB/s) - ‘cdn.prod.website-files.com/6a44eec1ed1af2c4c403df68/6a44eec1ed1af2c4c403e409_service-cms-1.png’ saved [140221/140221]

--2026-09-12 19:18:01--  https://cdn.prod.website-files.com/6a44eec1ed1af2c4c403df68/6a44eec1ed1af2c4c403e41d_service-cms-2.png
Reusing existing connection to [cdn.prod.website-files.com]:443.
HTTP request sent, awaiting response... 200 OK
Length: 198618 (194K) [image/png]
Saving to: ‘cdn.prod.website-files.com/6a44eec1ed1af2c4c403df68/6a44eec1ed1af2c4c403e41d_service-cms-2.png’

     0K .......... .......... .......... .......... .......... 25% 23.2M 0s
    50K .......... .......... .......... .......... .......... 51% 3.20M 0s
   100K .......... .......... .......... .......... .......... 77% 2.30M 0s
   150K .......... .......... .......... .......... ...       100% 2.61M=0.06s

2026-09-12 19:18:01 (3.44 MB/s) - ‘cdn.prod.website-files.com/6a44eec1ed1af2c4c403df68/6a44eec1ed1af2c4c403e41d_service-cms-2.png’ saved [198618/198618]

--2026-09-12 19:18:01--  https://cdn.prod.website-files.com/6a44eec1ed1af2c4c403df68/6a44eec1ed1af2c4c403e6cb_Frame%202087327725.webp
Reusing existing connection to [cdn.prod.website-files.com]:443.
HTTP request sent, awaiting response... 200 OK
Length: 25056 (24K) [image/webp]
Saving to: ‘cdn.prod.website-files.com/6a44eec1ed1af2c4c403df68/6a44eec1ed1af2c4c403e6cb_Frame 2087327725.webp’

     0K .......... .......... ....                            100%  170M=0s

2026-09-12 19:18:01 (170 MB/s) - ‘cdn.prod.website-files.com/6a44eec1ed1af2c4c403df68/6a44eec1ed1af2c4c403e6cb_Frame 2087327725.webp’ saved [25056/25056]

--2026-09-12 19:18:01--  https://cdn.prod.website-files.com/6a44eec1ed1af2c4c403df68/6a44eec1ed1af2c4c403e41b_service-cms-4.png
Reusing existing connection to [cdn.prod.website-files.com]:443.
HTTP request sent, awaiting response... 200 OK
Length: 181106 (177K) [image/png]
Saving to: ‘cdn.prod.website-files.com/6a44eec1ed1af2c4c403df68/6a44eec1ed1af2c4c403e41b_service-cms-4.png’

     0K .......... .......... .......... .......... .......... 28% 1.82M 0s
    50K .......... .......... .......... .......... .......... 56% 2.68M 0s
   100K .......... .......... .......... .......... .......... 84% 1.88M 0s
   150K .......... .......... ......                          100% 1.67M=0.09s

2026-09-12 19:18:01 (1.99 MB/s) - ‘cdn.prod.website-files.com/6a44eec1ed1af2c4c403df68/6a44eec1ed1af2c4c403e41b_service-cms-4.png’ saved [181106/181106]

--2026-09-12 19:18:01--  https://cdn.prod.website-files.com/6a44eec1ed1af2c4c403df68/6a44eec1ed1af2c4c403e42f_service-cms-6.png
Reusing existing connection to [cdn.prod.website-files.com]:443.
HTTP request sent, awaiting response... 200 OK
Length: 150413 (147K) [image/png]
Saving to: ‘cdn.prod.website-files.com/6a44eec1ed1af2c4c403df68/6a44eec1ed1af2c4c403e42f_service-cms-6.png’

     0K .......... .......... .......... .......... .......... 34% 4.26M 0s
    50K .......... .......... .......... .......... .......... 68% 2.03M 0s
   100K .......... .......... .......... .......... ......    100% 2.21M=0.06s

2026-09-12 19:18:01 (2.55 MB/s) - ‘cdn.prod.website-files.com/6a44eec1ed1af2c4c403df68/6a44eec1ed1af2c4c403e42f_service-cms-6.png’ saved [150413/150413]

--2026-09-12 19:18:01--  https://cdn.prod.website-files.com/6a44eec1ed1af2c4c403df68/6a44eec1ed1af2c4c403e6cc_Frame%202087327807.webp
Reusing existing connection to [cdn.prod.website-files.com]:443.
HTTP request sent, awaiting response... 200 OK
Length: 17386 (17K) [image/webp]
Saving to: ‘cdn.prod.website-files.com/6a44eec1ed1af2c4c403df68/6a44eec1ed1af2c4c403e6cc_Frame 2087327807.webp’

     0K .......... ......                                     100%  340M=0s

2026-09-12 19:18:01 (340 MB/s) - ‘cdn.prod.website-files.com/6a44eec1ed1af2c4c403df68/6a44eec1ed1af2c4c403e6cc_Frame 2087327807.webp’ saved [17386/17386]

--2026-09-12 19:18:01--  https://cdn.prod.website-files.com/6a44eec1ed1af2c4c403df68/6a44eec1ed1af2c4c403e6cd_Frame%202087327808.webp
Reusing existing connection to [cdn.prod.website-files.com]:443.
HTTP request sent, awaiting response... 200 OK
Length: 22924 (22K) [image/webp]
Saving to: ‘cdn.prod.website-files.com/6a44eec1ed1af2c4c403df68/6a44eec1ed1af2c4c403e6cd_Frame 2087327808.webp’

     0K .......... .......... ..                              100% 1.71M=0.01s

2026-09-12 19:18:01 (1.71 MB/s) - ‘cdn.prod.website-files.com/6a44eec1ed1af2c4c403df68/6a44eec1ed1af2c4c403e6cd_Frame 2087327808.webp’ saved [22924/22924]

--2026-09-12 19:18:01--  https://cdn.prod.website-files.com/6a44eec1ed1af2c4c403df68/6a44eec1ed1af2c4c403e41c_service-cms-8.png
Reusing existing connection to [cdn.prod.website-files.com]:443.
HTTP request sent, awaiting response... 200 OK
Length: 147374 (144K) [image/png]
Saving to: ‘cdn.prod.website-files.com/6a44eec1ed1af2c4c403df68/6a44eec1ed1af2c4c403e41c_service-cms-8.png’

     0K .......... .......... .......... .......... .......... 34% 7.00M 0s
    50K .......... .......... .......... .......... .......... 69% 4.29M 0s
   100K .......... .......... .......... .......... ...       100% 6.57M=0.02s

2026-09-12 19:18:01 (5.65 MB/s) - ‘cdn.prod.website-files.com/6a44eec1ed1af2c4c403df68/6a44eec1ed1af2c4c403e41c_service-cms-8.png’ saved [147374/147374]

--2026-09-12 19:18:01--  https://cdn.prod.website-files.com/6a44eec1ed1af2c4c403df68/6a9264e0a290446c1b893b41_Image%20(15).jpeg
Reusing existing connection to [cdn.prod.website-files.com]:443.
HTTP request sent, awaiting response... 200 OK
Length: 208218 (203K) [image/jpeg]
Saving to: ‘cdn.prod.website-files.com/6a44eec1ed1af2c4c403df68/6a9264e0a290446c1b893b41_Image (15).jpeg’

     0K .......... .......... .......... .......... .......... 24% 5.08M 0s
    50K .......... .......... .......... .......... .......... 49%  796K 0s
   100K .......... .......... .......... .......... .......... 73% 3.04M 0s
   150K .......... .......... .......... .......... .......... 98% 13.1M 0s
   200K ...                                                   100% 6.22T=0.09s

2026-09-12 19:18:01 (2.15 MB/s) - ‘cdn.prod.website-files.com/6a44eec1ed1af2c4c403df68/6a9264e0a290446c1b893b41_Image (15).jpeg’ saved [208218/208218]

--2026-09-12 19:18:01--  https://cdn.prod.website-files.com/6a44eec1ed1af2c4c403df68/6a9266cba47c5a15d58a2a79_Image%20(16).jpeg
Reusing existing connection to [cdn.prod.website-files.com]:443.
HTTP request sent, awaiting response... 200 OK
Length: 213241 (208K) [image/jpeg]
Saving to: ‘cdn.prod.website-files.com/6a44eec1ed1af2c4c403df68/6a9266cba47c5a15d58a2a79_Image (16).jpeg’

     0K .......... .......... .......... .......... .......... 24% 2.05M 0s
    50K .......... .......... .......... .......... .......... 48% 1.39M 0s
   100K .......... .......... .......... .......... .......... 72% 4.55M 0s
   150K .......... .......... .......... .......... .......... 96% 1.59M 0s
   200K ........                                              100%  204M=0.1s

2026-09-12 19:18:01 (2.02 MB/s) - ‘cdn.prod.website-files.com/6a44eec1ed1af2c4c403df68/6a9266cba47c5a15d58a2a79_Image (16).jpeg’ saved [213241/213241]

--2026-09-12 19:18:01--  https://cdn.prod.website-files.com/6a44eec1ed1af2c4c403df68/6a9266b83304609e477c43ce_Supply%20Chain%20Optimisation%20small.jpg
Reusing existing connection to [cdn.prod.website-files.com]:443.
HTTP request sent, awaiting response... 200 OK
Length: 109626 (107K) [image/jpeg]
Saving to: ‘cdn.prod.website-files.com/6a44eec1ed1af2c4c403df68/6a9266b83304609e477c43ce_Supply Chain Optimisation small.jpg’

     0K .......... .......... .......... .......... .......... 46% 2.13M 0s
    50K .......... .......... .......... .......... .......... 93% 3.71M 0s
   100K .......                                               100%  369M=0.04s

2026-09-12 19:18:01 (2.89 MB/s) - ‘cdn.prod.website-files.com/6a44eec1ed1af2c4c403df68/6a9266b83304609e477c43ce_Supply Chain Optimisation small.jpg’ saved [109626/109626]

--2026-09-12 19:18:01--  https://cdn.prod.website-files.com/6a44eec1ed1af2c4c403df68/6a44eec1ed1af2c4c403e443_service-cms-12.png
Reusing existing connection to [cdn.prod.website-files.com]:443.
HTTP request sent, awaiting response... 200 OK
Length: 114319 (112K) [image/png]
Saving to: ‘cdn.prod.website-files.com/6a44eec1ed1af2c4c403df68/6a44eec1ed1af2c4c403e443_service-cms-12.png’

     0K .......... .......... .......... .......... .......... 44% 3.05M 0s
    50K .......... .......... .......... .......... .......... 89% 1.44M 0s
   100K .......... .                                          100% 21.7T=0.05s

2026-09-12 19:18:01 (2.19 MB/s) - ‘cdn.prod.website-files.com/6a44eec1ed1af2c4c403df68/6a44eec1ed1af2c4c403e443_service-cms-12.png’ saved [114319/114319]

--2026-09-12 19:18:01--  https://cdn.prod.website-files.com/6a44eec1ed1af2c4c403df6b/6a44eec1ed1af2c4c403e179_frame_000.avif
Reusing existing connection to [cdn.prod.website-files.com]:443.
HTTP request sent, awaiting response... 200 OK
Length: 211450 (206K) [image/avif]
Saving to: ‘cdn.prod.website-files.com/6a44eec1ed1af2c4c403df6b/6a44eec1ed1af2c4c403e179_frame_000.avif’

     0K .......... .......... .......... .......... .......... 24% 3.77M 0s
    50K .......... .......... .......... .......... .......... 48% 5.52M 0s
   100K .......... .......... .......... .......... .......... 72% 3.79M 0s
   150K .......... .......... .......... .......... .......... 96% 2.38M 0s
   200K ......                                                100%  143M=0.06s

2026-09-12 19:18:02 (3.65 MB/s) - ‘cdn.prod.website-files.com/6a44eec1ed1af2c4c403df6b/6a44eec1ed1af2c4c403e179_frame_000.avif’ saved [211450/211450]

--2026-09-12 19:18:02--  https://unitedcarriers.com/&quot;https://cdn.prod.website-files.com/6a44eec1ed1af2c4c403df6b%2F6a4e12c9fac019fc9701da6b_UC-Industries_poster.0000000.jpg&quot;
Connecting to unitedcarriers.com (unitedcarriers.com)|198.202.211.1|:443... connected.
HTTP request sent, awaiting response... 404 Not Found
2026-09-12 19:18:02 ERROR 404: Not Found.

--2026-09-12 19:18:02--  https://cdn.prod.website-files.com/6a44eec1ed1af2c4c403df6b/6a44eec1ed1af2c4c403dfe6_link-ic.png
Connecting to cdn.prod.website-files.com (cdn.prod.website-files.com)|2606:4700::6812:a175|:443... connected.
HTTP request sent, awaiting response... 200 OK
Length: 1164 (1.1K) [image/png]
Saving to: ‘cdn.prod.website-files.com/6a44eec1ed1af2c4c403df6b/6a44eec1ed1af2c4c403dfe6_link-ic.png’

     0K .                                                     100% 28.2M=0s

2026-09-12 19:18:02 (28.2 MB/s) - ‘cdn.prod.website-files.com/6a44eec1ed1af2c4c403df6b/6a44eec1ed1af2c4c403dfe6_link-ic.png’ saved [1164/1164]

--2026-09-12 19:18:02--  https://cdn.prod.website-files.com/6a44eec1ed1af2c4c403df68/6a44eec1ed1af2c4c403e3c1_img-1.png
Reusing existing connection to [cdn.prod.website-files.com]:443.
HTTP request sent, awaiting response... 200 OK
Length: 266057 (260K) [image/png]
Saving to: ‘cdn.prod.website-files.com/6a44eec1ed1af2c4c403df68/6a44eec1ed1af2c4c403e3c1_img-1.png’

     0K .......... .......... .......... .......... .......... 19% 3.02M 0s
    50K .......... .......... .......... .......... .......... 38% 6.58M 0s
   100K .......... .......... .......... .......... .......... 57% 7.86M 0s
   150K .......... .......... .......... .......... .......... 76% 8.59M 0s
   200K .......... .......... .......... .......... .......... 96% 8.07M 0s
   250K .........                                             100% 7.26M=0.04s

2026-09-12 19:18:02 (5.92 MB/s) - ‘cdn.prod.website-files.com/6a44eec1ed1af2c4c403df68/6a44eec1ed1af2c4c403e3c1_img-1.png’ saved [266057/266057]

--2026-09-12 19:18:02--  https://cdn.prod.website-files.com/6a44eec1ed1af2c4c403df68/6a44eec1ed1af2c4c403e3c1_img-1-p-500.png
Reusing existing connection to [cdn.prod.website-files.com]:443.
HTTP request sent, awaiting response... 200 OK
Length: 79540 (78K) [image/png]
Saving to: ‘cdn.prod.website-files.com/6a44eec1ed1af2c4c403df68/6a44eec1ed1af2c4c403e3c1_img-1-p-500.png’

     0K .......... .......... .......... .......... .......... 64% 1.37M 0s
    50K .......... .......... .......                         100%  235M=0.04s

2026-09-12 19:18:02 (2.12 MB/s) - ‘cdn.prod.website-files.com/6a44eec1ed1af2c4c403df68/6a44eec1ed1af2c4c403e3c1_img-1-p-500.png’ saved [79540/79540]

--2026-09-12 19:18:02--  https://cdn.prod.website-files.com/6a44eec1ed1af2c4c403df68/6a44eec1ed1af2c4c403e3c1_img-1-p-800.png
Reusing existing connection to [cdn.prod.website-files.com]:443.
HTTP request sent, awaiting response... 200 OK
Length: 190059 (186K) [image/png]
Saving to: ‘cdn.prod.website-files.com/6a44eec1ed1af2c4c403df68/6a44eec1ed1af2c4c403e3c1_img-1-p-800.png’

     0K .......... .......... .......... .......... .......... 26% 6.40M 0s
    50K .......... .......... .......... .......... .......... 53% 17.5M 0s
   100K .......... .......... .......... .......... .......... 80% 9.30M 0s
   150K .......... .......... .......... .....                100% 30.6M=0.02s

2026-09-12 19:18:02 (10.8 MB/s) - ‘cdn.prod.website-files.com/6a44eec1ed1af2c4c403df68/6a44eec1ed1af2c4c403e3c1_img-1-p-800.png’ saved [190059/190059]

--2026-09-12 19:18:02--  https://cdn.prod.website-files.com/6a44eec1ed1af2c4c403df68/6a44eec1ed1af2c4c403e6ca_in.webp
Reusing existing connection to [cdn.prod.website-files.com]:443.
HTTP request sent, awaiting response... 200 OK
Length: 38570 (38K) [image/webp]
Saving to: ‘cdn.prod.website-files.com/6a44eec1ed1af2c4c403df68/6a44eec1ed1af2c4c403e6ca_in.webp’

     0K .......... .......... .......... .......              100% 10.1M=0.004s

2026-09-12 19:18:02 (10.1 MB/s) - ‘cdn.prod.website-files.com/6a44eec1ed1af2c4c403df68/6a44eec1ed1af2c4c403e6ca_in.webp’ saved [38570/38570]

--2026-09-12 19:18:02--  https://cdn.prod.website-files.com/6a44eec1ed1af2c4c403df68/6a44eec1ed1af2c4c403e6ca_in-p-500.webp
Reusing existing connection to [cdn.prod.website-files.com]:443.
HTTP request sent, awaiting response... 200 OK
Length: 6244 (6.1K) [image/webp]
Saving to: ‘cdn.prod.website-files.com/6a44eec1ed1af2c4c403df68/6a44eec1ed1af2c4c403e6ca_in-p-500.webp’

     0K ......                                                100%  246M=0s

2026-09-12 19:18:02 (246 MB/s) - ‘cdn.prod.website-files.com/6a44eec1ed1af2c4c403df68/6a44eec1ed1af2c4c403e6ca_in-p-500.webp’ saved [6244/6244]

--2026-09-12 19:18:02--  https://cdn.prod.website-files.com/6a44eec1ed1af2c4c403df68/6a44eec1ed1af2c4c403e6ca_in-p-800.webp
Reusing existing connection to [cdn.prod.website-files.com]:443.
HTTP request sent, awaiting response... 200 OK
Length: 11916 (12K) [image/webp]
Saving to: ‘cdn.prod.website-files.com/6a44eec1ed1af2c4c403df68/6a44eec1ed1af2c4c403e6ca_in-p-800.webp’

     0K .......... .                                          100%  264M=0s

2026-09-12 19:18:03 (264 MB/s) - ‘cdn.prod.website-files.com/6a44eec1ed1af2c4c403df68/6a44eec1ed1af2c4c403e6ca_in-p-800.webp’ saved [11916/11916]

--2026-09-12 19:18:03--  https://cdn.prod.website-files.com/6a44eec1ed1af2c4c403df68/6a44eec1ed1af2c4c403e6ca_in-p-1080.webp
Reusing existing connection to [cdn.prod.website-files.com]:443.
HTTP request sent, awaiting response... 200 OK
Length: 17918 (17K) [image/webp]
Saving to: ‘cdn.prod.website-files.com/6a44eec1ed1af2c4c403df68/6a44eec1ed1af2c4c403e6ca_in-p-1080.webp’

     0K .......... .......                                    100%  311M=0s

2026-09-12 19:18:03 (311 MB/s) - ‘cdn.prod.website-files.com/6a44eec1ed1af2c4c403df68/6a44eec1ed1af2c4c403e6ca_in-p-1080.webp’ saved [17918/17918]

--2026-09-12 19:18:03--  https://cdn.prod.website-files.com/6a44eec1ed1af2c4c403df68/6a44eec1ed1af2c4c403e6ca_in-p-1600.webp
Reusing existing connection to [cdn.prod.website-files.com]:443.
HTTP request sent, awaiting response... 200 OK
Length: 28646 (28K) [image/webp]
Saving to: ‘cdn.prod.website-files.com/6a44eec1ed1af2c4c403df68/6a44eec1ed1af2c4c403e6ca_in-p-1600.webp’

     0K .......... .......... .......                         100%  385M=0s

2026-09-12 19:18:03 (385 MB/s) - ‘cdn.prod.website-files.com/6a44eec1ed1af2c4c403df68/6a44eec1ed1af2c4c403e6ca_in-p-1600.webp’ saved [28646/28646]

--2026-09-12 19:18:03--  https://cdn.prod.website-files.com/6a44eec1ed1af2c4c403df68/6a44eec1ed1af2c4c403e494_industry-3.png
Reusing existing connection to [cdn.prod.website-files.com]:443.
HTTP request sent, awaiting response... 200 OK
Length: 305649 (298K) [image/png]
Saving to: ‘cdn.prod.website-files.com/6a44eec1ed1af2c4c403df68/6a44eec1ed1af2c4c403e494_industry-3.png’

     0K .......... .......... .......... .......... .......... 16% 50.8M 0s
    50K .......... .......... .......... .......... .......... 33% 3.71M 0s
   100K .......... .......... .......... .......... .......... 50% 16.2M 0s
   150K .......... .......... .......... .......... .......... 67% 13.0M 0s
   200K .......... .......... .......... .......... .......... 83%  922K 0s
   250K .......... .......... .......... .......... ........  100% 22.2M=0.08s

2026-09-12 19:18:03 (3.77 MB/s) - ‘cdn.prod.website-files.com/6a44eec1ed1af2c4c403df68/6a44eec1ed1af2c4c403e494_industry-3.png’ saved [305649/305649]

--2026-09-12 19:18:03--  https://cdn.prod.website-files.com/6a44eec1ed1af2c4c403df68/6a44eec1ed1af2c4c403e494_industry-3-p-500.png
Reusing existing connection to [cdn.prod.website-files.com]:443.
HTTP request sent, awaiting response... 200 OK
Length: 87489 (85K) [image/png]
Saving to: ‘cdn.prod.website-files.com/6a44eec1ed1af2c4c403df68/6a44eec1ed1af2c4c403e494_industry-3-p-500.png’

     0K .......... .......... .......... .......... .......... 58% 5.72M 0s
    50K .......... .......... .......... .....                100% 1.14M=0.04s

2026-09-12 19:18:03 (2.14 MB/s) - ‘cdn.prod.website-files.com/6a44eec1ed1af2c4c403df68/6a44eec1ed1af2c4c403e494_industry-3-p-500.png’ saved [87489/87489]

--2026-09-12 19:18:03--  https://cdn.prod.website-files.com/6a44eec1ed1af2c4c403df68/6a44eec1ed1af2c4c403e494_industry-3-p-800.png
Reusing existing connection to [cdn.prod.website-files.com]:443.
HTTP request sent, awaiting response... 200 OK
Length: 208104 (203K) [image/png]
Saving to: ‘cdn.prod.website-files.com/6a44eec1ed1af2c4c403df68/6a44eec1ed1af2c4c403e494_industry-3-p-800.png’

     0K .......... .......... .......... .......... .......... 24% 6.21M 0s
    50K .......... .......... .......... .......... .......... 49%  920K 0s
   100K .......... .......... .......... .......... .......... 73% 1.75M 0s
   150K .......... .......... .......... .......... .......... 98% 8.36M 0s
   200K ...                                                   100% 6.01T=0.1s

2026-09-12 19:18:03 (2.07 MB/s) - ‘cdn.prod.website-files.com/6a44eec1ed1af2c4c403df68/6a44eec1ed1af2c4c403e494_industry-3-p-800.png’ saved [208104/208104]

--2026-09-12 19:18:03--  https://cdn.prod.website-files.com/6a44eec1ed1af2c4c403df68/6a44eec1ed1af2c4c403e495_industry-4.png
Reusing existing connection to [cdn.prod.website-files.com]:443.
HTTP request sent, awaiting response... 200 OK
Length: 319165 (312K) [image/png]
Saving to: ‘cdn.prod.website-files.com/6a44eec1ed1af2c4c403df68/6a44eec1ed1af2c4c403e495_industry-4.png’

     0K .......... .......... .......... .......... .......... 16% 8.34M 0s
    50K .......... .......... .......... .......... .......... 32%  411K 0s
   100K .......... .......... .......... .......... .......... 48% 4.26M 0s
   150K .......... .......... .......... .......... .......... 64% 8.85M 0s
   200K .......... .......... .......... .......... .......... 80% 2.80M 0s
   250K .......... .......... .......... .......... .......... 96% 4.08M 0s
   300K .......... .                                          100% 8.79M=0.2s

2026-09-12 19:18:03 (1.74 MB/s) - ‘cdn.prod.website-files.com/6a44eec1ed1af2c4c403df68/6a44eec1ed1af2c4c403e495_industry-4.png’ saved [319165/319165]

--2026-09-12 19:18:03--  https://cdn.prod.website-files.com/6a44eec1ed1af2c4c403df68/6a44eec1ed1af2c4c403e495_industry-4-p-500.png
Reusing existing connection to [cdn.prod.website-files.com]:443.
HTTP request sent, awaiting response... 200 OK
Length: 89156 (87K) [image/png]
Saving to: ‘cdn.prod.website-files.com/6a44eec1ed1af2c4c403df68/6a44eec1ed1af2c4c403e495_industry-4-p-500.png’

     0K .......... .......... .......... .......... .......... 57% 4.14M 0s
    50K .......... .......... .......... .......              100% 4.47M=0.02s

2026-09-12 19:18:03 (4.28 MB/s) - ‘cdn.prod.website-files.com/6a44eec1ed1af2c4c403df68/6a44eec1ed1af2c4c403e495_industry-4-p-500.png’ saved [89156/89156]

--2026-09-12 19:18:03--  https://cdn.prod.website-files.com/6a44eec1ed1af2c4c403df68/6a44eec1ed1af2c4c403e495_industry-4-p-800.png
Reusing existing connection to [cdn.prod.website-files.com]:443.
HTTP request sent, awaiting response... 200 OK
Length: 216269 (211K) [image/png]
Saving to: ‘cdn.prod.website-files.com/6a44eec1ed1af2c4c403df68/6a44eec1ed1af2c4c403e495_industry-4-p-800.png’

     0K .......... .......... .......... .......... .......... 23%  619K 0s
    50K .......... .......... .......... .......... .......... 47% 4.68M 0s
   100K .......... .......... .......... .......... .......... 71% 4.76M 0s
   150K .......... .......... .......... .......... .......... 94% 3.97M 0s
   200K .......... .                                          100% 5.47M=0.1s

2026-09-12 19:18:03 (1.78 MB/s) - ‘cdn.prod.website-files.com/6a44eec1ed1af2c4c403df68/6a44eec1ed1af2c4c403e495_industry-4-p-800.png’ saved [216269/216269]

--2026-09-12 19:18:03--  https://cdn.prod.website-files.com/6a44eec1ed1af2c4c403df68/6a44eec1ed1af2c4c403e3f7_industry-5.png
Reusing existing connection to [cdn.prod.website-files.com]:443.
HTTP request sent, awaiting response... 200 OK
Length: 394213 (385K) [image/png]
Saving to: ‘cdn.prod.website-files.com/6a44eec1ed1af2c4c403df68/6a44eec1ed1af2c4c403e3f7_industry-5.png’

     0K .......... .......... .......... .......... .......... 12% 1.37M 0s
    50K .......... .......... .......... .......... .......... 25%  836K 0s
   100K .......... .......... .......... .......... .......... 38% 1.70M 0s
   150K .......... .......... .......... .......... .......... 51% 3.23M 0s
   200K .......... .......... .......... .......... .......... 64% 2.44M 0s
   250K .......... .......... .......... .......... .......... 77% 1.93M 0s
   300K .......... .......... .......... .......... .......... 90% 1.38M 0s
   350K .......... .......... .......... ....                 100% 1.73M=0.2s

2026-09-12 19:18:03 (1.57 MB/s) - ‘cdn.prod.website-files.com/6a44eec1ed1af2c4c403df68/6a44eec1ed1af2c4c403e3f7_industry-5.png’ saved [394213/394213]

--2026-09-12 19:18:03--  https://cdn.prod.website-files.com/6a44eec1ed1af2c4c403df68/6a44eec1ed1af2c4c403e3f7_img-12-p-500.png
Reusing existing connection to [cdn.prod.website-files.com]:443.
HTTP request sent, awaiting response... 200 OK
Length: 104847 (102K) [image/png]
Saving to: ‘cdn.prod.website-files.com/6a44eec1ed1af2c4c403df68/6a44eec1ed1af2c4c403e3f7_img-12-p-500.png’

     0K .......... .......... .......... .......... .......... 48% 1.28M 0s
    50K .......... .......... .......... .......... .......... 97% 2.26M 0s
   100K ..                                                    100% 4.45T=0.06s

2026-09-12 19:18:04 (1.67 MB/s) - ‘cdn.prod.website-files.com/6a44eec1ed1af2c4c403df68/6a44eec1ed1af2c4c403e3f7_img-12-p-500.png’ saved [104847/104847]

--2026-09-12 19:18:04--  https://cdn.prod.website-files.com/6a44eec1ed1af2c4c403df68/6a44eec1ed1af2c4c403e3f7_img-12-p-800.png
Reusing existing connection to [cdn.prod.website-files.com]:443.
HTTP request sent, awaiting response... 200 OK
Length: 261204 (255K) [image/png]
Saving to: ‘cdn.prod.website-files.com/6a44eec1ed1af2c4c403df68/6a44eec1ed1af2c4c403e3f7_img-12-p-800.png’

     0K .......... .......... .......... .......... .......... 19% 2.01M 0s
    50K .......... .......... .......... .......... .......... 39% 1.42M 0s
   100K .......... .......... .......... .......... .......... 58% 1.44M 0s
   150K .......... .......... .......... .......... .......... 78% 1.49M 0s
   200K .......... .......... .......... .......... .......... 98% 1.33M 0s
   250K .....                                                 100% 9.47T=0.2s

2026-09-12 19:18:04 (1.54 MB/s) - ‘cdn.prod.website-files.com/6a44eec1ed1af2c4c403df68/6a44eec1ed1af2c4c403e3f7_img-12-p-800.png’ saved [261204/261204]

--2026-09-12 19:18:04--  https://cdn.prod.website-files.com/6a44eec1ed1af2c4c403df68/6a44eec1ed1af2c4c403e496_industry-6.png
Reusing existing connection to [cdn.prod.website-files.com]:443.
HTTP request sent, awaiting response... 200 OK
Length: 297983 (291K) [image/png]
Saving to: ‘cdn.prod.website-files.com/6a44eec1ed1af2c4c403df68/6a44eec1ed1af2c4c403e496_industry-6.png’

     0K .......... .......... .......... .......... .......... 17% 1.47M 0s
    50K .......... .......... .......... .......... .......... 34% 1.47M 0s
   100K .......... .......... .......... .......... .......... 51% 1.51M 0s
   150K .......... .......... .......... .......... .......... 68% 1.54M 0s
   200K .......... .......... .......... .......... .......... 85% 1.46M 0s
   250K .......... .......... .......... ..........           100% 1.85M=0.2s

2026-09-12 19:18:04 (1.53 MB/s) - ‘cdn.prod.website-files.com/6a44eec1ed1af2c4c403df68/6a44eec1ed1af2c4c403e496_industry-6.png’ saved [297983/297983]

--2026-09-12 19:18:04--  https://cdn.prod.website-files.com/6a44eec1ed1af2c4c403df68/6a44eec1ed1af2c4c403e496_industry-6-p-500.png
Reusing existing connection to [cdn.prod.website-files.com]:443.
HTTP request sent, awaiting response... 200 OK
Length: 81696 (80K) [image/png]
Saving to: ‘cdn.prod.website-files.com/6a44eec1ed1af2c4c403df68/6a44eec1ed1af2c4c403e496_industry-6-p-500.png’

     0K .......... .......... .......... .......... .......... 62% 1.83M 0s
    50K .......... .......... .........                       100% 1.83M=0.04s

2026-09-12 19:18:04 (1.83 MB/s) - ‘cdn.prod.website-files.com/6a44eec1ed1af2c4c403df68/6a44eec1ed1af2c4c403e496_industry-6-p-500.png’ saved [81696/81696]

--2026-09-12 19:18:04--  https://cdn.prod.website-files.com/6a44eec1ed1af2c4c403df68/6a44eec1ed1af2c4c403e496_industry-6-p-800.png
Reusing existing connection to [cdn.prod.website-files.com]:443.
HTTP request sent, awaiting response... 200 OK
Length: 198464 (194K) [image/png]
Saving to: ‘cdn.prod.website-files.com/6a44eec1ed1af2c4c403df68/6a44eec1ed1af2c4c403e496_industry-6-p-800.png’

     0K .......... .......... .......... .......... .......... 25% 2.16M 0s
    50K .......... .......... .......... .......... .......... 51% 2.16M 0s
   100K .......... .......... .......... .......... .......... 77% 2.15M 0s
   150K .......... .......... .......... .......... ...       100% 2.39M=0.09s

2026-09-12 19:18:04 (2.20 MB/s) - ‘cdn.prod.website-files.com/6a44eec1ed1af2c4c403df68/6a44eec1ed1af2c4c403e496_industry-6-p-800.png’ saved [198464/198464]

--2026-09-12 19:18:04--  https://cdn.prod.website-files.com/6a44eec1ed1af2c4c403df68/6a44eec1ed1af2c4c403e497_industry-7.png
Reusing existing connection to [cdn.prod.website-files.com]:443.
HTTP request sent, awaiting response... 200 OK
Length: 307450 (300K) [image/png]
Saving to: ‘cdn.prod.website-files.com/6a44eec1ed1af2c4c403df68/6a44eec1ed1af2c4c403e497_industry-7.png’

     0K .......... .......... .......... .......... .......... 16% 2.70M 0s
    50K .......... .......... .......... .......... .......... 33% 3.00M 0s
   100K .......... .......... .......... .......... .......... 49% 2.33M 0s
   150K .......... .......... .......... .......... .......... 66% 3.04M 0s
   200K .......... .......... .......... .......... .......... 83%  879K 0s
   250K .......... .......... .......... .......... .......... 99% 4.73M 0s
   300K                                                       100%  466G=0.1s

2026-09-12 19:18:04 (2.12 MB/s) - ‘cdn.prod.website-files.com/6a44eec1ed1af2c4c403df68/6a44eec1ed1af2c4c403e497_industry-7.png’ saved [307450/307450]

--2026-09-12 19:18:04--  https://cdn.prod.website-files.com/6a44eec1ed1af2c4c403df68/6a44eec1ed1af2c4c403e497_industry-7-p-500.png
Reusing existing connection to [cdn.prod.website-files.com]:443.
HTTP request sent, awaiting response... 200 OK
Length: 89609 (88K) [image/png]
Saving to: ‘cdn.prod.website-files.com/6a44eec1ed1af2c4c403df68/6a44eec1ed1af2c4c403e497_industry-7-p-500.png’

     0K .......... .......... .......... .......... .......... 57% 3.64M 0s
    50K .......... .......... .......... .......              100% 1.37M=0.04s

2026-09-12 19:18:04 (2.13 MB/s) - ‘cdn.prod.website-files.com/6a44eec1ed1af2c4c403df68/6a44eec1ed1af2c4c403e497_industry-7-p-500.png’ saved [89609/89609]

--2026-09-12 19:18:04--  https://cdn.prod.website-files.com/6a44eec1ed1af2c4c403df68/6a44eec1ed1af2c4c403e497_industry-7-p-800.png
Reusing existing connection to [cdn.prod.website-files.com]:443.
HTTP request sent, awaiting response... 200 OK
Length: 218452 (213K) [image/png]
Saving to: ‘cdn.prod.website-files.com/6a44eec1ed1af2c4c403df68/6a44eec1ed1af2c4c403e497_industry-7-p-800.png’

     0K .......... .......... .......... .......... .......... 23% 2.88M 0s
    50K .......... .......... .......... .......... .......... 46% 1.13M 0s
   100K .......... .......... .......... .......... .......... 70% 2.02M 0s
   150K .......... .......... .......... .......... .......... 93% 3.62M 0s
   200K .......... ...                                        100%  581M=0.1s

2026-09-12 19:18:04 (2.13 MB/s) - ‘cdn.prod.website-files.com/6a44eec1ed1af2c4c403df68/6a44eec1ed1af2c4c403e497_industry-7-p-800.png’ saved [218452/218452]

--2026-09-12 19:18:04--  https://cdn.prod.website-files.com/6a44eec1ed1af2c4c403df68/6a44eec1ed1af2c4c403e37a_img-8.png
Reusing existing connection to [cdn.prod.website-files.com]:443.
HTTP request sent, awaiting response... 200 OK
Length: 358148 (350K) [image/png]
Saving to: ‘cdn.prod.website-files.com/6a44eec1ed1af2c4c403df68/6a44eec1ed1af2c4c403e37a_img-8.png’

     0K .......... .......... .......... .......... .......... 14% 3.24M 0s
    50K .......... .......... .......... .......... .......... 28%  718K 0s
   100K .......... .......... .......... .......... .......... 42% 1.56M 0s
   150K .......... .......... .......... .......... .......... 57% 7.80M 0s
   200K .......... .......... .......... .......... .......... 71% 1.11M 0s
   250K .......... .......... .......... .......... .......... 85% 6.69M 0s
   300K .......... .......... .......... .......... ......... 100%  793K=0.2s

2026-09-12 19:18:05 (1.44 MB/s) - ‘cdn.prod.website-files.com/6a44eec1ed1af2c4c403df68/6a44eec1ed1af2c4c403e37a_img-8.png’ saved [358148/358148]

--2026-09-12 19:18:05--  https://cdn.prod.website-files.com/6a44eec1ed1af2c4c403df68/6a44eec1ed1af2c4c403e37a_img-8-p-500.png
Reusing existing connection to [cdn.prod.website-files.com]:443.
HTTP request sent, awaiting response... 200 OK
Length: 92988 (91K) [image/png]
Saving to: ‘cdn.prod.website-files.com/6a44eec1ed1af2c4c403df68/6a44eec1ed1af2c4c403e37a_img-8-p-500.png’

     0K .......... .......... .......... .......... .......... 55% 1.69M 0s
    50K .......... .......... .......... ..........           100% 2.18M=0.05s

2026-09-12 19:18:05 (1.88 MB/s) - ‘cdn.prod.website-files.com/6a44eec1ed1af2c4c403df68/6a44eec1ed1af2c4c403e37a_img-8-p-500.png’ saved [92988/92988]

--2026-09-12 19:18:05--  https://cdn.prod.website-files.com/6a44eec1ed1af2c4c403df68/6a44eec1ed1af2c4c403e37a_img-8-p-800.png
Reusing existing connection to [cdn.prod.website-files.com]:443.
HTTP request sent, awaiting response... 200 OK
Length: 233925 (228K) [image/png]
Saving to: ‘cdn.prod.website-files.com/6a44eec1ed1af2c4c403df68/6a44eec1ed1af2c4c403e37a_img-8-p-800.png’

     0K .......... .......... .......... .......... .......... 21% 1.97M 0s
    50K .......... .......... .......... .......... .......... 43% 1.68M 0s
   100K .......... .......... .......... .......... .......... 65% 1.30M 0s
   150K .......... .......... .......... .......... .......... 87% 1.79M 0s
   200K .......... .......... ........                        100% 2.18M=0.1s

2026-09-12 19:18:05 (1.70 MB/s) - ‘cdn.prod.website-files.com/6a44eec1ed1af2c4c403df68/6a44eec1ed1af2c4c403e37a_img-8-p-800.png’ saved [233925/233925]

--2026-09-12 19:18:05--  https://cdn.prod.website-files.com/6a44eec1ed1af2c4c403df68/6a44eec1ed1af2c4c403e3d3_img-9.png
Reusing existing connection to [cdn.prod.website-files.com]:443.
HTTP request sent, awaiting response... 200 OK
Length: 244491 (239K) [image/png]
Saving to: ‘cdn.prod.website-files.com/6a44eec1ed1af2c4c403df68/6a44eec1ed1af2c4c403e3d3_img-9.png’

     0K .......... .......... .......... .......... .......... 20% 1.97M 0s
    50K .......... .......... .......... .......... .......... 41% 1.40M 0s
   100K .......... .......... .......... .......... .......... 62% 1.67M 0s
   150K .......... .......... .......... .......... .......... 83% 1.71M 0s
   200K .......... .......... .......... ........             100% 2.10M=0.1s

2026-09-12 19:18:05 (1.72 MB/s) - ‘cdn.prod.website-files.com/6a44eec1ed1af2c4c403df68/6a44eec1ed1af2c4c403e3d3_img-9.png’ saved [244491/244491]

--2026-09-12 19:18:05--  https://cdn.prod.website-files.com/6a44eec1ed1af2c4c403df68/6a44eec1ed1af2c4c403e3d3_img-9-p-500.png
Reusing existing connection to [cdn.prod.website-files.com]:443.
HTTP request sent, awaiting response... 200 OK
Length: 70469 (69K) [image/png]
Saving to: ‘cdn.prod.website-files.com/6a44eec1ed1af2c4c403df68/6a44eec1ed1af2c4c403e3d3_img-9-p-500.png’

     0K .......... .......... .......... .......... .......... 72% 1.93M 0s
    50K .......... ........                                   100% 1.97M=0.03s

2026-09-12 19:18:05 (1.94 MB/s) - ‘cdn.prod.website-files.com/6a44eec1ed1af2c4c403df68/6a44eec1ed1af2c4c403e3d3_img-9-p-500.png’ saved [70469/70469]

--2026-09-12 19:18:05--  https://cdn.prod.website-files.com/6a44eec1ed1af2c4c403df68/6a44eec1ed1af2c4c403e3d3_img-9-p-800.png
Reusing existing connection to [cdn.prod.website-files.com]:443.
HTTP request sent, awaiting response... 200 OK
Length: 169171 (165K) [image/png]
Saving to: ‘cdn.prod.website-files.com/6a44eec1ed1af2c4c403df68/6a44eec1ed1af2c4c403e3d3_img-9-p-800.png’

     0K .......... .......... .......... .......... .......... 30% 1.97M 0s
    50K .......... .......... .......... .......... .......... 60% 1.65M 0s
   100K .......... .......... .......... .......... .......... 90% 1.64M 0s
   150K .......... .....                                      100% 2.03M=0.09s

2026-09-12 19:18:05 (1.76 MB/s) - ‘cdn.prod.website-files.com/6a44eec1ed1af2c4c403df68/6a44eec1ed1af2c4c403e3d3_img-9-p-800.png’ saved [169171/169171]

--2026-09-12 19:18:05--  https://cdn.prod.website-files.com/6a44eec1ed1af2c4c403df68/6a44eec1ed1af2c4c403e3e5_img-10.png
Reusing existing connection to [cdn.prod.website-files.com]:443.
HTTP request sent, awaiting response... 200 OK
Length: 397035 (388K) [image/png]
Saving to: ‘cdn.prod.website-files.com/6a44eec1ed1af2c4c403df68/6a44eec1ed1af2c4c403e3e5_img-10.png’

     0K .......... .......... .......... .......... .......... 12% 2.12M 0s
    50K .......... .......... .......... .......... .......... 25% 2.37M 0s
   100K .......... .......... .......... .......... .......... 38% 2.11M 0s
   150K .......... .......... .......... .......... .......... 51% 3.12M 0s
   200K .......... .......... .......... .......... .......... 64% 2.65M 0s
   250K .......... .......... .......... .......... .......... 77% 1.44M 0s
   300K .......... .......... .......... .......... .......... 90% 1.31M 0s
   350K .......... .......... .......... .......              100% 10.6M=0.2s

2026-09-12 19:18:06 (2.16 MB/s) - ‘cdn.prod.website-files.com/6a44eec1ed1af2c4c403df68/6a44eec1ed1af2c4c403e3e5_img-10.png’ saved [397035/397035]

--2026-09-12 19:18:06--  https://cdn.prod.website-files.com/6a44eec1ed1af2c4c403df68/6a44eec1ed1af2c4c403e3e5_img-10-p-500.png
Reusing existing connection to [cdn.prod.website-files.com]:443.
HTTP request sent, awaiting response... 200 OK
Length: 111780 (109K) [image/png]
Saving to: ‘cdn.prod.website-files.com/6a44eec1ed1af2c4c403df68/6a44eec1ed1af2c4c403e3e5_img-10-p-500.png’

     0K .......... .......... .......... .......... .......... 45% 3.67M 0s
    50K .......... .......... .......... .......... .......... 91% 2.20M 0s
   100K .........                                             100%  333M=0.04s

2026-09-12 19:18:06 (3.00 MB/s) - ‘cdn.prod.website-files.com/6a44eec1ed1af2c4c403df68/6a44eec1ed1af2c4c403e3e5_img-10-p-500.png’ saved [111780/111780]

--2026-09-12 19:18:06--  https://cdn.prod.website-files.com/6a44eec1ed1af2c4c403df68/6a44eec1ed1af2c4c403e3e5_img-10-p-800.png
Reusing existing connection to [cdn.prod.website-files.com]:443.
HTTP request sent, awaiting response... 200 OK
Length: 268336 (262K) [image/png]
Saving to: ‘cdn.prod.website-files.com/6a44eec1ed1af2c4c403df68/6a44eec1ed1af2c4c403e3e5_img-10-p-800.png’

     0K .......... .......... .......... .......... .......... 19%  353M 0s
    50K .......... .......... .......... .......... .......... 38% 2.91M 0s
   100K .......... .......... .......... .......... .......... 57% 4.18M 0s
   150K .......... .......... .......... .......... .......... 76% 3.84M 0s
   200K .......... .......... .......... .......... .......... 95% 2.90M 0s
   250K .......... ..                                         100% 9.46M=0.06s

2026-09-12 19:18:06 (4.31 MB/s) - ‘cdn.prod.website-files.com/6a44eec1ed1af2c4c403df68/6a44eec1ed1af2c4c403e3e5_img-10-p-800.png’ saved [268336/268336]

--2026-09-12 19:18:06--  https://cdn.prod.website-files.com/6a44eec1ed1af2c4c403df68/6a44eec1ed1af2c4c403e498_industry-11.png
Reusing existing connection to [cdn.prod.website-files.com]:443.
HTTP request sent, awaiting response... 200 OK
Length: 382720 (374K) [image/png]
Saving to: ‘cdn.prod.website-files.com/6a44eec1ed1af2c4c403df68/6a44eec1ed1af2c4c403e498_industry-11.png’

     0K .......... .......... .......... .......... .......... 13% 1.08M 0s
    50K .......... .......... .......... .......... .......... 26%  808K 0s
   100K .......... .......... .......... .......... .......... 40% 1.75M 0s
   150K .......... .......... .......... .......... .......... 53% 2.76M 0s
   200K .......... .......... .......... .......... .......... 66% 3.56M 0s
   250K .......... .......... .......... .......... .......... 80% 6.65M 0s
   300K .......... .......... .......... .......... .......... 93% 1.65M 0s
   350K .......... .......... ...                             100% 1.81M=0.2s

2026-09-12 19:18:06 (1.69 MB/s) - ‘cdn.prod.website-files.com/6a44eec1ed1af2c4c403df68/6a44eec1ed1af2c4c403e498_industry-11.png’ saved [382720/382720]

--2026-09-12 19:18:06--  https://cdn.prod.website-files.com/6a44eec1ed1af2c4c403df68/6a44eec1ed1af2c4c403e498_industry-11-p-500.png
Reusing existing connection to [cdn.prod.website-files.com]:443.
HTTP request sent, awaiting response... 200 OK
Length: 104442 (102K) [image/png]
Saving to: ‘cdn.prod.website-files.com/6a44eec1ed1af2c4c403df68/6a44eec1ed1af2c4c403e498_industry-11-p-500.png’

     0K .......... .......... .......... .......... .......... 49% 1.50M 0s
    50K .......... .......... .......... .......... .......... 98% 2.16M 0s
   100K .                                                     100% 3.71T=0.06s

2026-09-12 19:18:06 (1.81 MB/s) - ‘cdn.prod.website-files.com/6a44eec1ed1af2c4c403df68/6a44eec1ed1af2c4c403e498_industry-11-p-500.png’ saved [104442/104442]

--2026-09-12 19:18:06--  https://cdn.prod.website-files.com/6a44eec1ed1af2c4c403df68/6a44eec1ed1af2c4c403e498_industry-11-p-800.png
Reusing existing connection to [cdn.prod.website-files.com]:443.
HTTP request sent, awaiting response... 200 OK
Length: 258483 (252K) [image/png]
Saving to: ‘cdn.prod.website-files.com/6a44eec1ed1af2c4c403df68/6a44eec1ed1af2c4c403e498_industry-11-p-800.png’

     0K .......... .......... .......... .......... .......... 19% 1.60M 0s
    50K .......... .......... .......... .......... .......... 39% 1.65M 0s
   100K .......... .......... .......... .......... .......... 59% 1.59M 0s
   150K .......... .......... .......... .......... .......... 79% 1.50M 0s
   200K .......... .......... .......... .......... .......... 99% 1.51M 0s
   250K ..                                                    100% 4.52T=0.2s

2026-09-12 19:18:06 (1.58 MB/s) - ‘cdn.prod.website-files.com/6a44eec1ed1af2c4c403df68/6a44eec1ed1af2c4c403e498_industry-11-p-800.png’ saved [258483/258483]

--2026-09-12 19:18:06--  https://cdn.prod.website-files.com/6a44eec1ed1af2c4c403df68/6a44eec1ed1af2c4c403e4aa_industry-12.png
Reusing existing connection to [cdn.prod.website-files.com]:443.
HTTP request sent, awaiting response... 200 OK
Length: 405787 (396K) [image/png]
Saving to: ‘cdn.prod.website-files.com/6a44eec1ed1af2c4c403df68/6a44eec1ed1af2c4c403e4aa_industry-12.png’

     0K .......... .......... .......... .......... .......... 12% 1.18M 0s
    50K .......... .......... .......... .......... .......... 25% 1.67M 0s
   100K .......... .......... .......... .......... .......... 37% 1.42M 0s
   150K .......... .......... .......... .......... .......... 50% 1.05M 0s
   200K .......... .......... .......... .......... .......... 63% 3.54M 0s
   250K .......... .......... .......... .......... .......... 75% 1.57M 0s
   300K .......... .......... .......... .......... .......... 88% 1.50M 0s
   350K .......... .......... .......... .......... ......    100% 1.68M=0.3s

2026-09-12 19:18:07 (1.51 MB/s) - ‘cdn.prod.website-files.com/6a44eec1ed1af2c4c403df68/6a44eec1ed1af2c4c403e4aa_industry-12.png’ saved [405787/405787]

--2026-09-12 19:18:07--  https://cdn.prod.website-files.com/6a44eec1ed1af2c4c403df68/6a44eec1ed1af2c4c403e4aa_industry-12-p-500.png
Reusing existing connection to [cdn.prod.website-files.com]:443.
HTTP request sent, awaiting response... 200 OK
Length: 109514 (107K) [image/png]
Saving to: ‘cdn.prod.website-files.com/6a44eec1ed1af2c4c403df68/6a44eec1ed1af2c4c403e4aa_industry-12-p-500.png’

     0K .......... .......... .......... .......... .......... 46% 1.81M 0s
    50K .......... .......... .......... .......... .......... 93% 1.51M 0s
   100K ......                                                100%  249M=0.06s

2026-09-12 19:18:07 (1.76 MB/s) - ‘cdn.prod.website-files.com/6a44eec1ed1af2c4c403df68/6a44eec1ed1af2c4c403e4aa_industry-12-p-500.png’ saved [109514/109514]

--2026-09-12 19:18:07--  https://cdn.prod.website-files.com/6a44eec1ed1af2c4c403df68/6a44eec1ed1af2c4c403e4aa_industry-12-p-800.png
Reusing existing connection to [cdn.prod.website-files.com]:443.
HTTP request sent, awaiting response... 200 OK
Length: 267806 (262K) [image/png]
Saving to: ‘cdn.prod.website-files.com/6a44eec1ed1af2c4c403df68/6a44eec1ed1af2c4c403e4aa_industry-12-p-800.png’

     0K .......... .......... .......... .......... .......... 19% 1.19M 0s
    50K .......... .......... .......... .......... .......... 38% 1.73M 0s
   100K .......... .......... .......... .......... .......... 57% 1.22M 0s
   150K .......... .......... .......... .......... .......... 76% 2.08M 0s
   200K .......... .......... .......... .......... .......... 95% 2.17M 0s
   250K .......... .                                          100% 5.93M=0.2s

2026-09-12 19:18:07 (1.62 MB/s) - ‘cdn.prod.website-files.com/6a44eec1ed1af2c4c403df68/6a44eec1ed1af2c4c403e4aa_industry-12-p-800.png’ saved [267806/267806]

--2026-09-12 19:18:07--  https://unitedcarriers.com/insights/how-an-australian-freight-forwarders-website-unexpectedly-went-viral
Connecting to unitedcarriers.com (unitedcarriers.com)|198.202.211.1|:443... connected.
HTTP request sent, awaiting response... 200 OK
Length: unspecified [text/html]
Saving to: ‘unitedcarriers.com/insights/how-an-australian-freight-forwarders-website-unexpectedly-went-viral.html’

     0K .......... .......... .......... .......... .......... 2.64M
    50K .......... .......... .......... .......... .......... 3.99M
   100K .......... .......... .......... .......... .......... 4.67M
   150K .......... .......... .......... .......... .......... 7.29M
   200K .......... .......... .......... .......... .......... 3.79M
   250K .......... .......... .......                          3.53M=0.07s

2026-09-12 19:18:07 (3.96 MB/s) - ‘unitedcarriers.com/insights/how-an-australian-freight-forwarders-website-unexpectedly-went-viral.html’ saved [284010]

--2026-09-12 19:18:07--  https://cdn.prod.website-files.com/6a44eec1ed1af2c4c403df68/6a8c05731f1b9187ce880098_Image%20thumbnail%20(1).jpg
Connecting to cdn.prod.website-files.com (cdn.prod.website-files.com)|2606:4700::6812:a175|:443... connected.
HTTP request sent, awaiting response... 200 OK
Length: 236753 (231K) [image/jpeg]
Saving to: ‘cdn.prod.website-files.com/6a44eec1ed1af2c4c403df68/6a8c05731f1b9187ce880098_Image thumbnail (1).jpg’

     0K .......... .......... .......... .......... .......... 21% 2.70M 0s
    50K .......... .......... .......... .......... .......... 43% 5.67M 0s
   100K .......... .......... .......... .......... .......... 64% 7.65M 0s
   150K .......... .......... .......... .......... .......... 86% 17.0M 0s
   200K .......... .......... .......... .                    100% 8.82M=0.04s

2026-09-12 19:18:07 (5.73 MB/s) - ‘cdn.prod.website-files.com/6a44eec1ed1af2c4c403df68/6a8c05731f1b9187ce880098_Image thumbnail (1).jpg’ saved [236753/236753]

--2026-09-12 19:18:07--  https://cdn.prod.website-files.com/6a44eec1ed1af2c4c403df68/6a8c05731f1b9187ce880098_Image%20thumbnail%20(1)-p-500.jpg
Reusing existing connection to [cdn.prod.website-files.com]:443.
HTTP request sent, awaiting response... 200 OK
Length: 28666 (28K) [image/jpg]
Saving to: ‘cdn.prod.website-files.com/6a44eec1ed1af2c4c403df68/6a8c05731f1b9187ce880098_Image thumbnail (1)-p-500.jpg’

     0K .......... .......... .......                         100% 2.78M=0.01s

2026-09-12 19:18:07 (2.78 MB/s) - ‘cdn.prod.website-files.com/6a44eec1ed1af2c4c403df68/6a8c05731f1b9187ce880098_Image thumbnail (1)-p-500.jpg’ saved [28666/28666]

--2026-09-12 19:18:07--  https://cdn.prod.website-files.com/6a44eec1ed1af2c4c403df68/6a8c05731f1b9187ce880098_Image%20thumbnail%20(1)-p-800.jpg
Reusing existing connection to [cdn.prod.website-files.com]:443.
HTTP request sent, awaiting response... 200 OK
Length: 60374 (59K) [image/jpg]
Saving to: ‘cdn.prod.website-files.com/6a44eec1ed1af2c4c403df68/6a8c05731f1b9187ce880098_Image thumbnail (1)-p-800.jpg’

     0K .......... .......... .......... .......... .......... 84% 28.7M 0s
    50K ........                                              100% 1.06M=0.01s

2026-09-12 19:18:07 (5.79 MB/s) - ‘cdn.prod.website-files.com/6a44eec1ed1af2c4c403df68/6a8c05731f1b9187ce880098_Image thumbnail (1)-p-800.jpg’ saved [60374/60374]

--2026-09-12 19:18:07--  https://cdn.prod.website-files.com/6a44eec1ed1af2c4c403df68/6a8c05731f1b9187ce880098_Image%20thumbnail%20(1)-p-1080.jpg
Reusing existing connection to [cdn.prod.website-files.com]:443.
HTTP request sent, awaiting response... 200 OK
Length: 96528 (94K) [image/jpg]
Saving to: ‘cdn.prod.website-files.com/6a44eec1ed1af2c4c403df68/6a8c05731f1b9187ce880098_Image thumbnail (1)-p-1080.jpg’

     0K .......... .......... .......... .......... .......... 53%  448M 0s
    50K .......... .......... .......... .......... ....      100% 1.61M=0.03s

2026-09-12 19:18:07 (3.41 MB/s) - ‘cdn.prod.website-files.com/6a44eec1ed1af2c4c403df68/6a8c05731f1b9187ce880098_Image thumbnail (1)-p-1080.jpg’ saved [96528/96528]

--2026-09-12 19:18:07--  https://cdn.prod.website-files.com/6a44eec1ed1af2c4c403df68/6a8c05731f1b9187ce880098_Image%20thumbnail%20(1)-p-1600.jpg
Reusing existing connection to [cdn.prod.website-files.com]:443.
HTTP request sent, awaiting response... 200 OK
Length: 168900 (165K) [image/jpg]
Saving to: ‘cdn.prod.website-files.com/6a44eec1ed1af2c4c403df68/6a8c05731f1b9187ce880098_Image thumbnail (1)-p-1600.jpg’

     0K .......... .......... .......... .......... .......... 30% 6.10M 0s
    50K .......... .......... .......... .......... .......... 60% 1.89M 0s
   100K .......... .......... .......... .......... .......... 90% 1.71M 0s
   150K .......... ....                                       100%  291M=0.06s

2026-09-12 19:18:07 (2.58 MB/s) - ‘cdn.prod.website-files.com/6a44eec1ed1af2c4c403df68/6a8c05731f1b9187ce880098_Image thumbnail (1)-p-1600.jpg’ saved [168900/168900]

--2026-09-12 19:18:07--  https://cdn.prod.website-files.com/6a44eec1ed1af2c4c403df68/6a8c05731f1b9187ce880098_Image%20thumbnail%20(1)-p-2000.jpg
Reusing existing connection to [cdn.prod.website-files.com]:443.
HTTP request sent, awaiting response... 200 OK
Length: 230053 (225K) [image/jpg]
Saving to: ‘cdn.prod.website-files.com/6a44eec1ed1af2c4c403df68/6a8c05731f1b9187ce880098_Image thumbnail (1)-p-2000.jpg’

     0K .......... .......... .......... .......... .......... 22% 6.80M 0s
    50K .......... .......... .......... .......... .......... 44%  735K 0s
   100K .......... .......... .......... .......... .......... 66% 1.80M 0s
   150K .......... .......... .......... .......... .......... 89% 6.65M 0s
   200K .......... .......... ....                            100% 4.77M=0.1s

2026-09-12 19:18:08 (1.91 MB/s) - ‘cdn.prod.website-files.com/6a44eec1ed1af2c4c403df68/6a8c05731f1b9187ce880098_Image thumbnail (1)-p-2000.jpg’ saved [230053/230053]

--2026-09-12 19:18:08--  https://unitedcarriers.com/insights/grid-scale-battery-project-logistics-delivery-for-renewable-energy-infrastructure
Connecting to unitedcarriers.com (unitedcarriers.com)|198.202.211.1|:443... connected.
HTTP request sent, awaiting response... 200 OK
Length: unspecified [text/html]
Saving to: ‘unitedcarriers.com/insights/grid-scale-battery-project-logistics-delivery-for-renewable-energy-infrastructure.html’

     0K .......... .......... .......... .......... .......... 2.75M
    50K .......... .......... .......... .......... .......... 4.02M
   100K .......... .......... .......... .......... .......... 12.2M
   150K .......... .......... .......... .......... .......... 1.65M
   200K .......... .......... .......... .......... ..........  966K
   250K .......... .......... .                                3.56M=0.1s

2026-09-12 19:18:08 (2.19 MB/s) - ‘unitedcarriers.com/insights/grid-scale-battery-project-logistics-delivery-for-renewable-energy-infrastructure.html’ saved [278364]

--2026-09-12 19:18:08--  https://cdn.prod.website-files.com/6a44eec1ed1af2c4c403df68/6a4f917e6afa499c445dfb9a_Thumb%2010.webp
Connecting to cdn.prod.website-files.com (cdn.prod.website-files.com)|2606:4700::6812:a175|:443... connected.
HTTP request sent, awaiting response... 200 OK
Length: 213616 (209K) [image/webp]
Saving to: ‘cdn.prod.website-files.com/6a44eec1ed1af2c4c403df68/6a4f917e6afa499c445dfb9a_Thumb 10.webp’

     0K .......... .......... .......... .......... .......... 23% 2.05M 0s
    50K .......... .......... .......... .......... .......... 47% 5.49M 0s
   100K .......... .......... .......... .......... .......... 71% 2.49M 0s
   150K .......... .......... .......... .......... .......... 95% 3.90M 0s
   200K ........                                              100%  280M=0.06s

2026-09-12 19:18:09 (3.14 MB/s) - ‘cdn.prod.website-files.com/6a44eec1ed1af2c4c403df68/6a4f917e6afa499c445dfb9a_Thumb 10.webp’ saved [213616/213616]

--2026-09-12 19:18:09--  https://cdn.prod.website-files.com/6a44eec1ed1af2c4c403df68/6a4f917e6afa499c445dfb9a_Thumb%2010-p-500.webp
Reusing existing connection to [cdn.prod.website-files.com]:443.
HTTP request sent, awaiting response... 200 OK
Length: 22708 (22K) [image/webp]
Saving to: ‘cdn.prod.website-files.com/6a44eec1ed1af2c4c403df68/6a4f917e6afa499c445dfb9a_Thumb 10-p-500.webp’

     0K .......... .......... ..                              100%  393M=0s

2026-09-12 19:18:09 (393 MB/s) - ‘cdn.prod.website-files.com/6a44eec1ed1af2c4c403df68/6a4f917e6afa499c445dfb9a_Thumb 10-p-500.webp’ saved [22708/22708]

--2026-09-12 19:18:09--  https://cdn.prod.website-files.com/6a44eec1ed1af2c4c403df68/6a4f917e6afa499c445dfb9a_Thumb%2010-p-800.webp
Reusing existing connection to [cdn.prod.website-files.com]:443.
HTTP request sent, awaiting response... 200 OK
Length: 46498 (45K) [image/webp]
Saving to: ‘cdn.prod.website-files.com/6a44eec1ed1af2c4c403df68/6a4f917e6afa499c445dfb9a_Thumb 10-p-800.webp’

     0K .......... .......... .......... .......... .....     100% 67.4M=0.001s

2026-09-12 19:18:09 (67.4 MB/s) - ‘cdn.prod.website-files.com/6a44eec1ed1af2c4c403df68/6a4f917e6afa499c445dfb9a_Thumb 10-p-800.webp’ saved [46498/46498]

--2026-09-12 19:18:09--  https://cdn.prod.website-files.com/6a44eec1ed1af2c4c403df68/6a4f917e6afa499c445dfb9a_Thumb%2010-p-1080.webp
Reusing existing connection to [cdn.prod.website-files.com]:443.
HTTP request sent, awaiting response... 200 OK
Length: 72358 (71K) [image/webp]
Saving to: ‘cdn.prod.website-files.com/6a44eec1ed1af2c4c403df68/6a4f917e6afa499c445dfb9a_Thumb 10-p-1080.webp’

     0K .......... .......... .......... .......... .......... 70% 8.34M 0s
    50K .......... ..........                                 100%  194M=0.006s

2026-09-12 19:18:09 (11.6 MB/s) - ‘cdn.prod.website-files.com/6a44eec1ed1af2c4c403df68/6a4f917e6afa499c445dfb9a_Thumb 10-p-1080.webp’ saved [72358/72358]

--2026-09-12 19:18:09--  https://cdn.prod.website-files.com/6a44eec1ed1af2c4c403df68/6a4f917e6afa499c445dfb9a_Thumb%2010-p-1600.webp
Reusing existing connection to [cdn.prod.website-files.com]:443.
HTTP request sent, awaiting response... 200 OK
Length: 121162 (118K) [image/webp]
Saving to: ‘cdn.prod.website-files.com/6a44eec1ed1af2c4c403df68/6a4f917e6afa499c445dfb9a_Thumb 10-p-1600.webp’

     0K .......... .......... .......... .......... .......... 42% 27.4M 0s
    50K .......... .......... .......... .......... .......... 84% 14.8M 0s
   100K .......... ........                                   100% 2.15M=0.01s

2026-09-12 19:18:09 (8.63 MB/s) - ‘cdn.prod.website-files.com/6a44eec1ed1af2c4c403df68/6a4f917e6afa499c445dfb9a_Thumb 10-p-1600.webp’ saved [121162/121162]

--2026-09-12 19:18:09--  https://cdn.prod.website-files.com/6a44eec1ed1af2c4c403df68/6a4f917e6afa499c445dfb9a_Thumb%2010-p-2000.webp
Reusing existing connection to [cdn.prod.website-files.com]:443.
HTTP request sent, awaiting response... 200 OK
Length: 152606 (149K) [image/webp]
Saving to: ‘cdn.prod.website-files.com/6a44eec1ed1af2c4c403df68/6a4f917e6afa499c445dfb9a_Thumb 10-p-2000.webp’

     0K .......... .......... .......... .......... .......... 33% 7.42M 0s
    50K .......... .......... .......... .......... .......... 67% 1.51M 0s
   100K .......... .......... .......... .......... ......... 100% 4.99M=0.05s

2026-09-12 19:18:09 (2.99 MB/s) - ‘cdn.prod.website-files.com/6a44eec1ed1af2c4c403df68/6a4f917e6afa499c445dfb9a_Thumb 10-p-2000.webp’ saved [152606/152606]

--2026-09-12 19:18:09--  https://unitedcarriers.com/insights/cost-optimised-and-speed-to-market-import-program-for-new-truck-launch-in-australia
Connecting to unitedcarriers.com (unitedcarriers.com)|198.202.211.1|:443... connected.
HTTP request sent, awaiting response... 200 OK
Length: unspecified [text/html]
Saving to: ‘unitedcarriers.com/insights/cost-optimised-and-speed-to-market-import-program-for-new-truck-launch-in-australia.html’

     0K .......... .......... .......... .......... .......... 2.80M
    50K .......... .......... .......... .......... .......... 5.48M
   100K .......... .......... .......... .......... .......... 7.16M
   150K .......... .......... .......... .......... .......... 14.8M
   200K .......... .......... .......... .......... .......... 5.51M
   250K .......... .......... ..                               1.22M=0.06s

2026-09-12 19:18:09 (4.21 MB/s) - ‘unitedcarriers.com/insights/cost-optimised-and-speed-to-market-import-program-for-new-truck-launch-in-australia.html’ saved [278810]

--2026-09-12 19:18:09--  https://cdn.prod.website-files.com/6a44eec1ed1af2c4c403df68/6a4f91c6a35d40cafa4543ca_Thumb%207.webp
Connecting to cdn.prod.website-files.com (cdn.prod.website-files.com)|2606:4700::6812:a175|:443... connected.
HTTP request sent, awaiting response... 200 OK
Length: 201860 (197K) [image/webp]
Saving to: ‘cdn.prod.website-files.com/6a44eec1ed1af2c4c403df68/6a4f91c6a35d40cafa4543ca_Thumb 7.webp’

     0K .......... .......... .......... .......... .......... 25% 2.85M 0s
    50K .......... .......... .......... .......... .......... 50% 2.98M 0s
   100K .......... .......... .......... .......... .......... 76% 12.9M 0s
   150K .......... .......... .......... .......... .......   100% 5.86M=0.05s

2026-09-12 19:18:09 (4.26 MB/s) - ‘cdn.prod.website-files.com/6a44eec1ed1af2c4c403df68/6a4f91c6a35d40cafa4543ca_Thumb 7.webp’ saved [201860/201860]

--2026-09-12 19:18:09--  https://cdn.prod.website-files.com/6a44eec1ed1af2c4c403df68/6a4f91c6a35d40cafa4543ca_Thumb%207-p-500.webp
Reusing existing connection to [cdn.prod.website-files.com]:443.
HTTP request sent, awaiting response... 200 OK
Length: 23894 (23K) [image/webp]
Saving to: ‘cdn.prod.website-files.com/6a44eec1ed1af2c4c403df68/6a4f91c6a35d40cafa4543ca_Thumb 7-p-500.webp’

     0K .......... .......... ...                             100% 2.57M=0.009s

2026-09-12 19:18:09 (2.57 MB/s) - ‘cdn.prod.website-files.com/6a44eec1ed1af2c4c403df68/6a4f91c6a35d40cafa4543ca_Thumb 7-p-500.webp’ saved [23894/23894]

--2026-09-12 19:18:09--  https://cdn.prod.website-files.com/6a44eec1ed1af2c4c403df68/6a4f91c6a35d40cafa4543ca_Thumb%207-p-800.webp
Reusing existing connection to [cdn.prod.website-files.com]:443.
HTTP request sent, awaiting response... 200 OK
Length: 48432 (47K) [image/webp]
Saving to: ‘cdn.prod.website-files.com/6a44eec1ed1af2c4c403df68/6a4f91c6a35d40cafa4543ca_Thumb 7-p-800.webp’

     0K .......... .......... .......... .......... .......   100% 29.7M=0.002s

2026-09-12 19:18:09 (29.7 MB/s) - ‘cdn.prod.website-files.com/6a44eec1ed1af2c4c403df68/6a4f91c6a35d40cafa4543ca_Thumb 7-p-800.webp’ saved [48432/48432]

--2026-09-12 19:18:09--  https://cdn.prod.website-files.com/6a44eec1ed1af2c4c403df68/6a4f91c6a35d40cafa4543ca_Thumb%207-p-1080.webp
Reusing existing connection to [cdn.prod.website-files.com]:443.
HTTP request sent, awaiting response... 200 OK
Length: 73212 (71K) [image/webp]
Saving to: ‘cdn.prod.website-files.com/6a44eec1ed1af2c4c403df68/6a4f91c6a35d40cafa4543ca_Thumb 7-p-1080.webp’

     0K .......... .......... .......... .......... .......... 69% 25.0M 0s
    50K .......... .......... .                               100% 2.38M=0.01s

2026-09-12 19:18:09 (6.47 MB/s) - ‘cdn.prod.website-files.com/6a44eec1ed1af2c4c403df68/6a4f91c6a35d40cafa4543ca_Thumb 7-p-1080.webp’ saved [73212/73212]

--2026-09-12 19:18:09--  https://cdn.prod.website-files.com/6a44eec1ed1af2c4c403df68/6a4f91c6a35d40cafa4543ca_Thumb%207-p-1600.webp
Reusing existing connection to [cdn.prod.website-files.com]:443.
HTTP request sent, awaiting response... 200 OK
Length: 120164 (117K) [image/webp]
Saving to: ‘cdn.prod.website-files.com/6a44eec1ed1af2c4c403df68/6a4f91c6a35d40cafa4543ca_Thumb 7-p-1600.webp’

     0K .......... .......... .......... .......... .......... 42% 25.0M 0s
    50K .......... .......... .......... .......... .......... 85% 12.7M 0s
   100K .......... .......                                    100% 1.84M=0.01s

2026-09-12 19:18:09 (7.64 MB/s) - ‘cdn.prod.website-files.com/6a44eec1ed1af2c4c403df68/6a4f91c6a35d40cafa4543ca_Thumb 7-p-1600.webp’ saved [120164/120164]

--2026-09-12 19:18:09--  https://cdn.prod.website-files.com/6a44eec1ed1af2c4c403df68/6a4f91c6a35d40cafa4543ca_Thumb%207-p-2000.webp
Reusing existing connection to [cdn.prod.website-files.com]:443.
HTTP request sent, awaiting response... 200 OK
Length: 151088 (148K) [image/webp]
Saving to: ‘cdn.prod.website-files.com/6a44eec1ed1af2c4c403df68/6a4f91c6a35d40cafa4543ca_Thumb 7-p-2000.webp’

     0K .......... .......... .......... .......... .......... 33% 7.58M 0s
    50K .......... .......... .......... .......... .......... 67% 1.63M 0s
   100K .......... .......... .......... .......... .......   100% 2.05M=0.06s

2026-09-12 19:18:09 (2.44 MB/s) - ‘cdn.prod.website-files.com/6a44eec1ed1af2c4c403df68/6a4f91c6a35d40cafa4543ca_Thumb 7-p-2000.webp’ saved [151088/151088]

--2026-09-12 19:18:09--  https://unitedcarriers.com/insights/reduced-import-delays-storage-costs-across-700-containers
Connecting to unitedcarriers.com (unitedcarriers.com)|198.202.211.1|:443... connected.
HTTP request sent, awaiting response... 200 OK
Length: unspecified [text/html]
Saving to: ‘unitedcarriers.com/insights/reduced-import-delays-storage-costs-across-700-containers.html’

     0K .......... .......... .......... .......... .......... 1.89M
    50K .......... .......... .......... .......... .......... 5.06M
   100K .......... .......... .......... .......... .......... 4.76M
   150K .......... .......... .......... .......... .......... 10.4M
   200K .......... .......... .......... .......... .......... 12.3M
   250K .......... ..........                                  2.66M=0.06s

2026-09-12 19:18:10 (4.27 MB/s) - ‘unitedcarriers.com/insights/reduced-import-delays-storage-costs-across-700-containers.html’ saved [276683]

--2026-09-12 19:18:10--  https://cdn.prod.website-files.com/6a44eec1ed1af2c4c403df68/6a4e02f77f5281701c5b2f76_small_thumb.png
Connecting to cdn.prod.website-files.com (cdn.prod.website-files.com)|2606:4700::6812:a175|:443... connected.
HTTP request sent, awaiting response... 200 OK
Length: 65604 (64K) [image/png]
Saving to: ‘cdn.prod.website-files.com/6a44eec1ed1af2c4c403df68/6a4e02f77f5281701c5b2f76_small_thumb.png’

     0K .......... .......... .......... .......... .......... 78% 2.87M 0s
    50K .......... ....                                       100% 4.15M=0.02s

2026-09-12 19:18:10 (3.08 MB/s) - ‘cdn.prod.website-files.com/6a44eec1ed1af2c4c403df68/6a4e02f77f5281701c5b2f76_small_thumb.png’ saved [65604/65604]

--2026-09-12 19:18:10--  https://unitedcarriers.com/insights/colombia-earthquake-disrupts-key-freight-and-export-routes
Connecting to unitedcarriers.com (unitedcarriers.com)|198.202.211.1|:443... connected.
HTTP request sent, awaiting response... 200 OK
Length: unspecified [text/html]
Saving to: ‘unitedcarriers.com/insights/colombia-earthquake-disrupts-key-freight-and-export-routes.html’

     0K .......... .......... .......... .......... .......... 2.76M
    50K .......... .......... .......... .......... .......... 3.39M
   100K .......... .......... .......... .......... .......... 3.97M
   150K .......... .......... .......... .......... .......... 9.48M
   200K .......... .......... .......... .......... .......... 2.92M
   250K .......... .......... ..                                506M=0.07s

2026-09-12 19:18:12 (4.01 MB/s) - ‘unitedcarriers.com/insights/colombia-earthquake-disrupts-key-freight-and-export-routes.html’ saved [278736]

--2026-09-12 19:18:12--  https://cdn.prod.website-files.com/6a44eec1ed1af2c4c403df68/6a8c06e6ae9d89164eeb3862_Image%20preview%20(1).jpg
Connecting to cdn.prod.website-files.com (cdn.prod.website-files.com)|2606:4700::6812:a175|:443... connected.
HTTP request sent, awaiting response... 200 OK
Length: 21904 (21K) [image/jpeg]
Saving to: ‘cdn.prod.website-files.com/6a44eec1ed1af2c4c403df68/6a8c06e6ae9d89164eeb3862_Image preview (1).jpg’

     0K .......... .......... .                               100% 1.96M=0.01s

2026-09-12 19:18:12 (1.96 MB/s) - ‘cdn.prod.website-files.com/6a44eec1ed1af2c4c403df68/6a8c06e6ae9d89164eeb3862_Image preview (1).jpg’ saved [21904/21904]

--2026-09-12 19:18:12--  https://cdn.prod.website-files.com/6a44eec1ed1af2c4c403df68/6a8c06e6ae9d89164eeb3862_Image%20preview%20(1)-p-500.jpg
Reusing existing connection to [cdn.prod.website-files.com]:443.
HTTP request sent, awaiting response... 200 OK
Length: 21142 (21K) [image/jpg]
Saving to: ‘cdn.prod.website-files.com/6a44eec1ed1af2c4c403df68/6a8c06e6ae9d89164eeb3862_Image preview (1)-p-500.jpg’

     0K .......... ..........                                 100% 7.15M=0.003s

2026-09-12 19:18:12 (7.15 MB/s) - ‘cdn.prod.website-files.com/6a44eec1ed1af2c4c403df68/6a8c06e6ae9d89164eeb3862_Image preview (1)-p-500.jpg’ saved [21142/21142]

--2026-09-12 19:18:12--  https://cdn.prod.website-files.com/6a44eec1ed1af2c4c403df68/6a843d196f78a756c8867f0c_US%20image.jpg
Reusing existing connection to [cdn.prod.website-files.com]:443.
HTTP request sent, awaiting response... 200 OK
Length: 249613 (244K) [image/jpeg]
Saving to: ‘cdn.prod.website-files.com/6a44eec1ed1af2c4c403df68/6a843d196f78a756c8867f0c_US image.jpg’

     0K .......... .......... .......... .......... .......... 20% 6.43M 0s
    50K .......... .......... .......... .......... .......... 41%  714K 0s
   100K .......... .......... .......... .......... .......... 61%  327M 0s
   150K .......... .......... .......... .......... .......... 82% 2.16M 0s
   200K .......... .......... .......... .......... ...       100% 5.60M=0.1s

2026-09-12 19:18:12 (2.21 MB/s) - ‘cdn.prod.website-files.com/6a44eec1ed1af2c4c403df68/6a843d196f78a756c8867f0c_US image.jpg’ saved [249613/249613]

--2026-09-12 19:18:12--  https://cdn.prod.website-files.com/6a44eec1ed1af2c4c403df68/6a843d196f78a756c8867f0c_US%20image-p-500.jpg
Reusing existing connection to [cdn.prod.website-files.com]:443.
HTTP request sent, awaiting response... 200 OK
Length: 26482 (26K) [image/jpg]
Saving to: ‘cdn.prod.website-files.com/6a44eec1ed1af2c4c403df68/6a843d196f78a756c8867f0c_US image-p-500.jpg’

     0K .......... .......... .....                           100%  451M=0s

2026-09-12 19:18:12 (451 MB/s) - ‘cdn.prod.website-files.com/6a44eec1ed1af2c4c403df68/6a843d196f78a756c8867f0c_US image-p-500.jpg’ saved [26482/26482]

--2026-09-12 19:18:12--  https://cdn.prod.website-files.com/6a44eec1ed1af2c4c403df68/6a843d196f78a756c8867f0c_US%20image-p-800.jpg
Reusing existing connection to [cdn.prod.website-files.com]:443.
HTTP request sent, awaiting response... 200 OK
Length: 51047 (50K) [image/jpg]
Saving to: ‘cdn.prod.website-files.com/6a44eec1ed1af2c4c403df68/6a843d196f78a756c8867f0c_US image-p-800.jpg’

     0K .......... .......... .......... .......... ......... 100% 5.75M=0.008s

2026-09-12 19:18:12 (5.75 MB/s) - ‘cdn.prod.website-files.com/6a44eec1ed1af2c4c403df68/6a843d196f78a756c8867f0c_US image-p-800.jpg’ saved [51047/51047]

--2026-09-12 19:18:12--  https://cdn.prod.website-files.com/6a44eec1ed1af2c4c403df68/6a843d196f78a756c8867f0c_US%20image-p-1080.jpg
Reusing existing connection to [cdn.prod.website-files.com]:443.
HTTP request sent, awaiting response... 200 OK
Length: 77333 (76K) [image/jpg]
Saving to: ‘cdn.prod.website-files.com/6a44eec1ed1af2c4c403df68/6a843d196f78a756c8867f0c_US image-p-1080.jpg’

     0K .......... .......... .......... .......... .......... 66%  489M 0s
    50K .......... .......... .....                           100%  666M=0s

2026-09-12 19:18:12 (537 MB/s) - ‘cdn.prod.website-files.com/6a44eec1ed1af2c4c403df68/6a843d196f78a756c8867f0c_US image-p-1080.jpg’ saved [77333/77333]

--2026-09-12 19:18:12--  https://cdn.prod.website-files.com/6a44eec1ed1af2c4c403df68/6a843d196f78a756c8867f0c_US%20image-p-1600.jpg
Reusing existing connection to [cdn.prod.website-files.com]:443.
HTTP request sent, awaiting response... 200 OK
Length: 131587 (129K) [image/jpg]
Saving to: ‘cdn.prod.website-files.com/6a44eec1ed1af2c4c403df68/6a843d196f78a756c8867f0c_US image-p-1600.jpg’

     0K .......... .......... .......... .......... .......... 38% 8.37M 0s
    50K .......... .......... .......... .......... .......... 77% 5.68M 0s
   100K .......... .......... ........                        100% 8.20M=0.02s

2026-09-12 19:18:12 (7.04 MB/s) - ‘cdn.prod.website-files.com/6a44eec1ed1af2c4c403df68/6a843d196f78a756c8867f0c_US image-p-1600.jpg’ saved [131587/131587]

--2026-09-12 19:18:12--  https://cdn.prod.website-files.com/6a44eec1ed1af2c4c403df68/6a843f764fe86966b5078038_trump%20image.jpg
Reusing existing connection to [cdn.prod.website-files.com]:443.
HTTP request sent, awaiting response... 200 OK
Length: 274623 (268K) [image/jpeg]
Saving to: ‘cdn.prod.website-files.com/6a44eec1ed1af2c4c403df68/6a843f764fe86966b5078038_trump image.jpg’

     0K .......... .......... .......... .......... .......... 18% 5.39M 0s
    50K .......... .......... .......... .......... .......... 37% 5.72M 0s
   100K .......... .......... .......... .......... .......... 55% 3.13M 0s
   150K .......... .......... .......... .......... .......... 74%  862K 0s
   200K .......... .......... .......... .......... .......... 93% 10.3M 0s
   250K .......... ........                                   100%  599M=0.1s

2026-09-12 19:18:12 (2.73 MB/s) - ‘cdn.prod.website-files.com/6a44eec1ed1af2c4c403df68/6a843f764fe86966b5078038_trump image.jpg’ saved [274623/274623]

--2026-09-12 19:18:12--  https://cdn.prod.website-files.com/6a44eec1ed1af2c4c403df68/6a843f764fe86966b5078038_trump%20image-p-500.jpg
Reusing existing connection to [cdn.prod.website-files.com]:443.
HTTP request sent, awaiting response... 200 OK
Length: 20204 (20K) [image/jpg]
Saving to: ‘cdn.prod.website-files.com/6a44eec1ed1af2c4c403df68/6a843f764fe86966b5078038_trump image-p-500.jpg’

     0K .......... .........                                  100%  312M=0s

2026-09-12 19:18:12 (312 MB/s) - ‘cdn.prod.website-files.com/6a44eec1ed1af2c4c403df68/6a843f764fe86966b5078038_trump image-p-500.jpg’ saved [20204/20204]

--2026-09-12 19:18:12--  https://cdn.prod.website-files.com/6a44eec1ed1af2c4c403df68/6a843f764fe86966b5078038_trump%20image-p-800.jpg
Reusing existing connection to [cdn.prod.website-files.com]:443.
HTTP request sent, awaiting response... 200 OK
Length: 40890 (40K) [image/jpg]
Saving to: ‘cdn.prod.website-files.com/6a44eec1ed1af2c4c403df68/6a843f764fe86966b5078038_trump image-p-800.jpg’

     0K .......... .......... .......... .........            100% 1.60M=0.02s

2026-09-12 19:18:12 (1.60 MB/s) - ‘cdn.prod.website-files.com/6a44eec1ed1af2c4c403df68/6a843f764fe86966b5078038_trump image-p-800.jpg’ saved [40890/40890]

--2026-09-12 19:18:12--  https://cdn.prod.website-files.com/6a44eec1ed1af2c4c403df68/6a843f764fe86966b5078038_trump%20image-p-1080.jpg
Reusing existing connection to [cdn.prod.website-files.com]:443.
HTTP request sent, awaiting response... 200 OK
Length: 63846 (62K) [image/jpg]
Saving to: ‘cdn.prod.website-files.com/6a44eec1ed1af2c4c403df68/6a843f764fe86966b5078038_trump image-p-1080.jpg’

     0K .......... .......... .......... .......... .......... 80% 3.85M 0s
    50K .......... ..                                         100% 23.0T=0.01s

2026-09-12 19:18:12 (4.81 MB/s) - ‘cdn.prod.website-files.com/6a44eec1ed1af2c4c403df68/6a843f764fe86966b5078038_trump image-p-1080.jpg’ saved [63846/63846]

--2026-09-12 19:18:12--  https://cdn.prod.website-files.com/6a44eec1ed1af2c4c403df68/6a843f764fe86966b5078038_trump%20image-p-1600.jpg
Reusing existing connection to [cdn.prod.website-files.com]:443.
HTTP request sent, awaiting response... 200 OK
Length: 110868 (108K) [image/jpg]
Saving to: ‘cdn.prod.website-files.com/6a44eec1ed1af2c4c403df68/6a843f764fe86966b5078038_trump image-p-1600.jpg’

     0K .......... .......... .......... .......... .......... 46% 6.53M 0s
    50K .......... .......... .......... .......... .......... 92% 7.68M 0s
   100K ........                                              100% 41.9M=0.01s

2026-09-12 19:18:12 (7.53 MB/s) - ‘cdn.prod.website-files.com/6a44eec1ed1af2c4c403df68/6a843f764fe86966b5078038_trump image-p-1600.jpg’ saved [110868/110868]

--2026-09-12 19:18:12--  https://cdn.prod.website-files.com/6a44eec1ed1af2c4c403df68/6a843f764fe86966b5078038_trump%20image-p-2000.jpg
Reusing existing connection to [cdn.prod.website-files.com]:443.
HTTP request sent, awaiting response... 200 OK
Length: 150870 (147K) [image/jpg]
Saving to: ‘cdn.prod.website-files.com/6a44eec1ed1af2c4c403df68/6a843f764fe86966b5078038_trump image-p-2000.jpg’

     0K .......... .......... .......... .......... .......... 33% 17.7M 0s
    50K .......... .......... .......... .......... .......... 67% 4.74M 0s
   100K .......... .......... .......... .......... .......   100% 1.23M=0.05s

2026-09-12 19:18:12 (2.84 MB/s) - ‘cdn.prod.website-files.com/6a44eec1ed1af2c4c403df68/6a843f764fe86966b5078038_trump image-p-2000.jpg’ saved [150870/150870]

--2026-09-12 19:18:12--  https://cdn.prod.website-files.com/6a44eec1ed1af2c4c403df68/6a843f764fe86966b5078038_trump%20image-p-2600.jpg
Reusing existing connection to [cdn.prod.website-files.com]:443.
HTTP request sent, awaiting response... 200 OK
Length: 218003 (213K) [image/jpg]
Saving to: ‘cdn.prod.website-files.com/6a44eec1ed1af2c4c403df68/6a843f764fe86966b5078038_trump image-p-2600.jpg’

     0K .......... .......... .......... .......... .......... 23% 1.37M 0s
    50K .......... .......... .......... .......... .......... 46%  369K 0s
   100K .......... .......... .......... .......... .......... 70% 2.25M 0s
   150K .......... .......... .......... .......... .......... 93% 10.8M 0s
   200K .......... ..                                         100% 1015K=0.2s

2026-09-12 19:18:13 (1015 KB/s) - ‘cdn.prod.website-files.com/6a44eec1ed1af2c4c403df68/6a843f764fe86966b5078038_trump image-p-2600.jpg’ saved [218003/218003]

--2026-09-12 19:18:13--  https://cdn.prod.website-files.com/6a44eec1ed1af2c4c403df68/6a84401841d6e1b1a9c92b2f_new%20era%20image.jpg
Reusing existing connection to [cdn.prod.website-files.com]:443.
HTTP request sent, awaiting response... 200 OK
Length: 230645 (225K) [image/jpeg]
Saving to: ‘cdn.prod.website-files.com/6a44eec1ed1af2c4c403df68/6a84401841d6e1b1a9c92b2f_new era image.jpg’

     0K .......... .......... .......... .......... .......... 22% 2.51M 0s
    50K .......... .......... .......... .......... .......... 44% 2.62M 0s
   100K .......... .......... .......... .......... .......... 66% 2.89M 0s
   150K .......... .......... .......... .......... .......... 88% 2.82M 0s
   200K .......... .......... .....                           100% 3.83M=0.08s

2026-09-12 19:18:13 (2.79 MB/s) - ‘cdn.prod.website-files.com/6a44eec1ed1af2c4c403df68/6a84401841d6e1b1a9c92b2f_new era image.jpg’ saved [230645/230645]

--2026-09-12 19:18:13--  https://cdn.prod.website-files.com/6a44eec1ed1af2c4c403df68/6a84401841d6e1b1a9c92b2f_new%20era%20image-p-500.jpg
Reusing existing connection to [cdn.prod.website-files.com]:443.
HTTP request sent, awaiting response... 200 OK
Length: 52688 (51K) [image/jpg]
Saving to: ‘cdn.prod.website-files.com/6a44eec1ed1af2c4c403df68/6a84401841d6e1b1a9c92b2f_new era image-p-500.jpg’

     0K .......... .......... .......... .......... .......... 97% 2.79M 0s
    50K .                                                     100% 2.71T=0.02s

2026-09-12 19:18:13 (2.87 MB/s) - ‘cdn.prod.website-files.com/6a44eec1ed1af2c4c403df68/6a84401841d6e1b1a9c92b2f_new era image-p-500.jpg’ saved [52688/52688]

--2026-09-12 19:18:13--  https://cdn.prod.website-files.com/6a44eec1ed1af2c4c403df68/6a84401841d6e1b1a9c92b2f_new%20era%20image-p-800.jpg
Reusing existing connection to [cdn.prod.website-files.com]:443.
HTTP request sent, awaiting response... 200 OK
Length: 103879 (101K) [image/jpg]
Saving to: ‘cdn.prod.website-files.com/6a44eec1ed1af2c4c403df68/6a84401841d6e1b1a9c92b2f_new era image-p-800.jpg’

     0K .......... .......... .......... .......... .......... 49% 2.68M 0s
    50K .......... .......... .......... .......... .......... 98% 4.46M 0s
   100K .                                                     100% 2.69T=0.03s

2026-09-12 19:18:13 (3.40 MB/s) - ‘cdn.prod.website-files.com/6a44eec1ed1af2c4c403df68/6a84401841d6e1b1a9c92b2f_new era image-p-800.jpg’ saved [103879/103879]

--2026-09-12 19:18:13--  https://cdn.prod.website-files.com/6a44eec1ed1af2c4c403df68/6a84401841d6e1b1a9c92b2f_new%20era%20image-p-1080.jpg
Reusing existing connection to [cdn.prod.website-files.com]:443.
HTTP request sent, awaiting response... 200 OK
Length: 156246 (153K) [image/jpg]
Saving to: ‘cdn.prod.website-files.com/6a44eec1ed1af2c4c403df68/6a84401841d6e1b1a9c92b2f_new era image-p-1080.jpg’

     0K .......... .......... .......... .......... .......... 32% 1.83M 0s
    50K .......... .......... .......... .......... .......... 65% 3.06M 0s
   100K .......... .......... .......... .......... .......... 98% 1.79M 0s
   150K ..                                                    100% 4.81T=0.07s

2026-09-12 19:18:13 (2.13 MB/s) - ‘cdn.prod.website-files.com/6a44eec1ed1af2c4c403df68/6a84401841d6e1b1a9c92b2f_new era image-p-1080.jpg’ saved [156246/156246]

--2026-09-12 19:18:13--  https://cdn.prod.website-files.com/6a44eec1ed1af2c4c403df68/6a84412727ee1c854056a273_world%20container%20image.jpg
Reusing existing connection to [cdn.prod.website-files.com]:443.
HTTP request sent, awaiting response... 200 OK
Length: 236776 (231K) [image/jpeg]
Saving to: ‘cdn.prod.website-files.com/6a44eec1ed1af2c4c403df68/6a84412727ee1c854056a273_world container image.jpg’

     0K .......... .......... .......... .......... .......... 21% 2.81M 0s
    50K .......... .......... .......... .......... .......... 43% 3.81M 0s
   100K .......... .......... .......... .......... .......... 64%  837K 0s
   150K .......... .......... .......... .......... .......... 86% 16.9M 0s
   200K .......... .......... .......... .                    100% 4.62M=0.1s

2026-09-12 19:18:13 (2.27 MB/s) - ‘cdn.prod.website-files.com/6a44eec1ed1af2c4c403df68/6a84412727ee1c854056a273_world container image.jpg’ saved [236776/236776]

--2026-09-12 19:18:13--  https://cdn.prod.website-files.com/6a44eec1ed1af2c4c403df68/6a84412727ee1c854056a273_world%20container%20image-p-500.jpg
Reusing existing connection to [cdn.prod.website-files.com]:443.
HTTP request sent, awaiting response... 200 OK
Length: 26947 (26K) [image/jpg]
Saving to: ‘cdn.prod.website-files.com/6a44eec1ed1af2c4c403df68/6a84412727ee1c854056a273_world container image-p-500.jpg’

     0K .......... .......... ......                          100% 8.16M=0.003s

2026-09-12 19:18:13 (8.16 MB/s) - ‘cdn.prod.website-files.com/6a44eec1ed1af2c4c403df68/6a84412727ee1c854056a273_world container image-p-500.jpg’ saved [26947/26947]

--2026-09-12 19:18:13--  https://cdn.prod.website-files.com/6a44eec1ed1af2c4c403df68/6a84412727ee1c854056a273_world%20container%20image-p-800.jpg
Reusing existing connection to [cdn.prod.website-files.com]:443.
HTTP request sent, awaiting response... 200 OK
Length: 56123 (55K) [image/jpg]
Saving to: ‘cdn.prod.website-files.com/6a44eec1ed1af2c4c403df68/6a84412727ee1c854056a273_world container image-p-800.jpg’

     0K .......... .......... .......... .......... .......... 91% 5.48M 0s
    50K ....                                                  100% 8.95T=0.009s

2026-09-12 19:18:13 (6.00 MB/s) - ‘cdn.prod.website-files.com/6a44eec1ed1af2c4c403df68/6a84412727ee1c854056a273_world container image-p-800.jpg’ saved [56123/56123]

--2026-09-12 19:18:13--  https://cdn.prod.website-files.com/6a44eec1ed1af2c4c403df68/6a84412727ee1c854056a273_world%20container%20image-p-1080.jpg
Reusing existing connection to [cdn.prod.website-files.com]:443.
HTTP request sent, awaiting response... 200 OK
Length: 87260 (85K) [image/jpg]
Saving to: ‘cdn.prod.website-files.com/6a44eec1ed1af2c4c403df68/6a84412727ee1c854056a273_world container image-p-1080.jpg’

     0K .......... .......... .......... .......... .......... 58%  530K 0s
    50K .......... .......... .......... .....                100%  481M=0.09s

2026-09-12 19:18:13 (903 KB/s) - ‘cdn.prod.website-files.com/6a44eec1ed1af2c4c403df68/6a84412727ee1c854056a273_world container image-p-1080.jpg’ saved [87260/87260]

--2026-09-12 19:18:13--  https://cdn.prod.website-files.com/6a44eec1ed1af2c4c403df68/6a84412727ee1c854056a273_world%20container%20image-p-1600.jpg
Reusing existing connection to [cdn.prod.website-files.com]:443.
HTTP request sent, awaiting response... 200 OK
Length: 150086 (147K) [image/jpg]
Saving to: ‘cdn.prod.website-files.com/6a44eec1ed1af2c4c403df68/6a84412727ee1c854056a273_world container image-p-1600.jpg’

     0K .......... .......... .......... .......... .......... 34% 4.67M 0s
    50K .......... .......... .......... .......... .......... 68% 3.23M 0s
   100K .......... .......... .......... .......... ......    100% 5.03M=0.03s

2026-09-12 19:18:13 (4.13 MB/s) - ‘cdn.prod.website-files.com/6a44eec1ed1af2c4c403df68/6a84412727ee1c854056a273_world container image-p-1600.jpg’ saved [150086/150086]

--2026-09-12 19:18:13--  https://cdn.prod.website-files.com/6a44eec1ed1af2c4c403df68/6a84412727ee1c854056a273_world%20container%20image-p-2000.jpg
Reusing existing connection to [cdn.prod.website-files.com]:443.
HTTP request sent, awaiting response... 200 OK
Length: 205953 (201K) [image/jpg]
Saving to: ‘cdn.prod.website-files.com/6a44eec1ed1af2c4c403df68/6a84412727ee1c854056a273_world container image-p-2000.jpg’

     0K .......... .......... .......... .......... .......... 24% 3.29M 0s
    50K .......... .......... .......... .......... .......... 49%  700K 0s
   100K .......... .......... .......... .......... .......... 74% 3.85M 0s
   150K .......... .......... .......... .......... .......... 99% 4.63M 0s
   200K .                                                     100% 2.10T=0.1s

2026-09-12 19:18:13 (1.79 MB/s) - ‘cdn.prod.website-files.com/6a44eec1ed1af2c4c403df68/6a84412727ee1c854056a273_world container image-p-2000.jpg’ saved [205953/205953]

--2026-09-12 19:18:13--  https://cdn.prod.website-files.com/6a44eec1ed1af2c4c403df68/6a84418d8cb93f8c0232be43_the%20panama%20image.jpg
Reusing existing connection to [cdn.prod.website-files.com]:443.
HTTP request sent, awaiting response... 200 OK
Length: 236968 (231K) [image/jpeg]
Saving to: ‘cdn.prod.website-files.com/6a44eec1ed1af2c4c403df68/6a84418d8cb93f8c0232be43_the panama image.jpg’

     0K .......... .......... .......... .......... .......... 21% 5.18M 0s
    50K .......... .......... .......... .......... .......... 43% 5.34M 0s
   100K .......... .......... .......... .......... .......... 64%  952K 0s
   150K .......... .......... .......... .......... .......... 86% 3.65M 0s
   200K .......... .......... .......... .                    100% 3.49M=0.09s

2026-09-12 19:18:14 (2.42 MB/s) - ‘cdn.prod.website-files.com/6a44eec1ed1af2c4c403df68/6a84418d8cb93f8c0232be43_the panama image.jpg’ saved [236968/236968]

--2026-09-12 19:18:14--  https://cdn.prod.website-files.com/6a44eec1ed1af2c4c403df68/6a84418d8cb93f8c0232be43_the%20panama%20image-p-500.jpg
Reusing existing connection to [cdn.prod.website-files.com]:443.
HTTP request sent, awaiting response... 200 OK
Length: 34047 (33K) [image/jpg]
Saving to: ‘cdn.prod.website-files.com/6a44eec1ed1af2c4c403df68/6a84418d8cb93f8c0232be43_the panama image-p-500.jpg’

     0K .......... .......... .......... ...                  100% 4.70M=0.007s

2026-09-12 19:18:14 (4.70 MB/s) - ‘cdn.prod.website-files.com/6a44eec1ed1af2c4c403df68/6a84418d8cb93f8c0232be43_the panama image-p-500.jpg’ saved [34047/34047]

--2026-09-12 19:18:14--  https://cdn.prod.website-files.com/6a44eec1ed1af2c4c403df68/6a84418d8cb93f8c0232be43_the%20panama%20image-p-800.jpg
Reusing existing connection to [cdn.prod.website-files.com]:443.
HTTP request sent, awaiting response... 200 OK
Length: 79503 (78K) [image/jpg]
Saving to: ‘cdn.prod.website-files.com/6a44eec1ed1af2c4c403df68/6a84418d8cb93f8c0232be43_the panama image-p-800.jpg’

     0K .......... .......... .......... .......... .......... 64% 4.48M 0s
    50K .......... .......... .......                         100% 8.79M=0.01s

2026-09-12 19:18:14 (5.43 MB/s) - ‘cdn.prod.website-files.com/6a44eec1ed1af2c4c403df68/6a84418d8cb93f8c0232be43_the panama image-p-800.jpg’ saved [79503/79503]

--2026-09-12 19:18:14--  https://cdn.prod.website-files.com/6a44eec1ed1af2c4c403df68/6a84418d8cb93f8c0232be43_the%20panama%20image-p-1080.jpg
Reusing existing connection to [cdn.prod.website-files.com]:443.
HTTP request sent, awaiting response... 200 OK
Length: 128476 (125K) [image/jpg]
Saving to: ‘cdn.prod.website-files.com/6a44eec1ed1af2c4c403df68/6a84418d8cb93f8c0232be43_the panama image-p-1080.jpg’

     0K .......... .......... .......... .......... .......... 39% 4.02M 0s
    50K .......... .......... .......... .......... .......... 79% 1.12M 0s
   100K .......... .......... .....                           100% 3.22M=0.06s

2026-09-12 19:18:14 (1.93 MB/s) - ‘cdn.prod.website-files.com/6a44eec1ed1af2c4c403df68/6a84418d8cb93f8c0232be43_the panama image-p-1080.jpg’ saved [128476/128476]

--2026-09-12 19:18:14--  https://cdn.prod.website-files.com/6a44eec1ed1af2c4c403df68/6a84418d8cb93f8c0232be43_the%20panama%20image-p-1600.jpg
Reusing existing connection to [cdn.prod.website-files.com]:443.
HTTP request sent, awaiting response... 200 OK
Length: 227384 (222K) [image/jpg]
Saving to: ‘cdn.prod.website-files.com/6a44eec1ed1af2c4c403df68/6a84418d8cb93f8c0232be43_the panama image-p-1600.jpg’

     0K .......... .......... .......... .......... .......... 22% 4.85M 0s
    50K .......... .......... .......... .......... .......... 45%  831K 0s
   100K .......... .......... .......... .......... .......... 67% 1.90M 0s
   150K .......... .......... .......... .......... .......... 90% 3.94M 0s
   200K .......... .......... ..                              100%  440M=0.1s

2026-09-12 19:18:14 (2.00 MB/s) - ‘cdn.prod.website-files.com/6a44eec1ed1af2c4c403df68/6a84418d8cb93f8c0232be43_the panama image-p-1600.jpg’ saved [227384/227384]

--2026-09-12 19:18:14--  https://cdn.prod.website-files.com/6a44eec1ed1af2c4c403df68/6a8578cf33361f15af7f5ba8_2%20million%20image.jpg
Reusing existing connection to [cdn.prod.website-files.com]:443.
HTTP request sent, awaiting response... 200 OK
Length: 138675 (135K) [image/jpeg]
Saving to: ‘cdn.prod.website-files.com/6a44eec1ed1af2c4c403df68/6a8578cf33361f15af7f5ba8_2 million image.jpg’

     0K .......... .......... .......... .......... .......... 36% 3.43M 0s
    50K .......... .......... .......... .......... .......... 73% 1.69M 0s
   100K .......... .......... .......... .....                100% 4.41M=0.05s

2026-09-12 19:18:14 (2.59 MB/s) - ‘cdn.prod.website-files.com/6a44eec1ed1af2c4c403df68/6a8578cf33361f15af7f5ba8_2 million image.jpg’ saved [138675/138675]

--2026-09-12 19:18:14--  https://cdn.prod.website-files.com/6a44eec1ed1af2c4c403df68/6a8578cf33361f15af7f5ba8_2%20million%20image-p-500.jpg
Reusing existing connection to [cdn.prod.website-files.com]:443.
HTTP request sent, awaiting response... 200 OK
Length: 25094 (25K) [image/jpg]
Saving to: ‘cdn.prod.website-files.com/6a44eec1ed1af2c4c403df68/6a8578cf33361f15af7f5ba8_2 million image-p-500.jpg’

     0K .......... .......... ....                            100% 6.70M=0.004s

2026-09-12 19:18:14 (6.70 MB/s) - ‘cdn.prod.website-files.com/6a44eec1ed1af2c4c403df68/6a8578cf33361f15af7f5ba8_2 million image-p-500.jpg’ saved [25094/25094]

--2026-09-12 19:18:14--  https://cdn.prod.website-files.com/6a44eec1ed1af2c4c403df68/6a8578cf33361f15af7f5ba8_2%20million%20image-p-800.jpg
Reusing existing connection to [cdn.prod.website-files.com]:443.
HTTP request sent, awaiting response... 200 OK
Length: 51461 (50K) [image/jpg]
Saving to: ‘cdn.prod.website-files.com/6a44eec1ed1af2c4c403df68/6a8578cf33361f15af7f5ba8_2 million image-p-800.jpg’

     0K .......... .......... .......... .......... .......... 99% 4.93M 0s
    50K                                                       100%  486G=0.01s

2026-09-12 19:18:14 (4.96 MB/s) - ‘cdn.prod.website-files.com/6a44eec1ed1af2c4c403df68/6a8578cf33361f15af7f5ba8_2 million image-p-800.jpg’ saved [51461/51461]

--2026-09-12 19:18:14--  https://cdn.prod.website-files.com/6a44eec1ed1af2c4c403df68/6a8578cf33361f15af7f5ba8_2%20million%20image-p-1080.jpg
Reusing existing connection to [cdn.prod.website-files.com]:443.
HTTP request sent, awaiting response... 200 OK
Length: 80287 (78K) [image/jpg]
Saving to: ‘cdn.prod.website-files.com/6a44eec1ed1af2c4c403df68/6a8578cf33361f15af7f5ba8_2 million image-p-1080.jpg’

     0K .......... .......... .......... .......... .......... 63% 5.18M 0s
    50K .......... .......... ........                        100% 5.34M=0.01s

2026-09-12 19:18:14 (5.24 MB/s) - ‘cdn.prod.website-files.com/6a44eec1ed1af2c4c403df68/6a8578cf33361f15af7f5ba8_2 million image-p-1080.jpg’ saved [80287/80287]

--2026-09-12 19:18:14--  https://cdn.prod.website-files.com/6a44eec1ed1af2c4c403df68/6a5068979001bdbf231be037_Thumb%2013%20(1).png
Reusing existing connection to [cdn.prod.website-files.com]:443.
HTTP request sent, awaiting response... 200 OK
Length: 80480 (79K) [image/png]
Saving to: ‘cdn.prod.website-files.com/6a44eec1ed1af2c4c403df68/6a5068979001bdbf231be037_Thumb 13 (1).png’

     0K .......... .......... .......... .......... .......... 63% 2.99M 0s
    50K .......... .......... ........                        100%  952K=0.05s

2026-09-12 19:18:14 (1.66 MB/s) - ‘cdn.prod.website-files.com/6a44eec1ed1af2c4c403df68/6a5068979001bdbf231be037_Thumb 13 (1).png’ saved [80480/80480]

--2026-09-12 19:18:14--  https://cdn.prod.website-files.com/6a44eec1ed1af2c4c403df68/6a5068979001bdbf231be037_Thumb%2013%20(1)-p-500.png
Reusing existing connection to [cdn.prod.website-files.com]:443.
HTTP request sent, awaiting response... 200 OK
Length: 71457 (70K) [image/png]
Saving to: ‘cdn.prod.website-files.com/6a44eec1ed1af2c4c403df68/6a5068979001bdbf231be037_Thumb 13 (1)-p-500.png’

     0K .......... .......... .......... .......... .......... 71% 4.39M 0s
    50K .......... .........                                  100% 8.32M=0.01s

2026-09-12 19:18:14 (5.07 MB/s) - ‘cdn.prod.website-files.com/6a44eec1ed1af2c4c403df68/6a5068979001bdbf231be037_Thumb 13 (1)-p-500.png’ saved [71457/71457]

--2026-09-12 19:18:14--  https://cdn.prod.website-files.com/6a44eec1ed1af2c4c403df68/6a9a0b433e587ed6888df813_1788428234995.jpeg
Reusing existing connection to [cdn.prod.website-files.com]:443.
HTTP request sent, awaiting response... 200 OK
Length: 42215 (41K) [image/jpeg]
Saving to: ‘cdn.prod.website-files.com/6a44eec1ed1af2c4c403df68/6a9a0b433e587ed6888df813_1788428234995.jpeg’

     0K .......... .......... .......... .......... .         100% 7.37M=0.005s

2026-09-12 19:18:14 (7.37 MB/s) - ‘cdn.prod.website-files.com/6a44eec1ed1af2c4c403df68/6a9a0b433e587ed6888df813_1788428234995.jpeg’ saved [42215/42215]

--2026-09-12 19:18:14--  https://cdn.prod.website-files.com/6a44eec1ed1af2c4c403df68/6a7a67441a2563fef36dbb78_1786401944523.jpeg
Reusing existing connection to [cdn.prod.website-files.com]:443.
HTTP request sent, awaiting response... 200 OK
Length: 44292 (43K) [image/jpeg]
Saving to: ‘cdn.prod.website-files.com/6a44eec1ed1af2c4c403df68/6a7a67441a2563fef36dbb78_1786401944523.jpeg’

     0K .......... .......... .......... .......... ...       100% 6.83M=0.006s

2026-09-12 19:18:14 (6.83 MB/s) - ‘cdn.prod.website-files.com/6a44eec1ed1af2c4c403df68/6a7a67441a2563fef36dbb78_1786401944523.jpeg’ saved [44292/44292]

--2026-09-12 19:18:14--  https://cdn.prod.website-files.com/6a44eec1ed1af2c4c403df68/6a712cc2608649d3c47bd1ab_1785754102027.jpeg
Reusing existing connection to [cdn.prod.website-files.com]:443.
HTTP request sent, awaiting response... 200 OK
Length: 63042 (62K) [image/jpeg]
Saving to: ‘cdn.prod.website-files.com/6a44eec1ed1af2c4c403df68/6a712cc2608649d3c47bd1ab_1785754102027.jpeg’

     0K .......... .......... .......... .......... .......... 81% 5.87M 0s
    50K .......... .                                          100% 44.7M=0.009s

2026-09-12 19:18:14 (7.02 MB/s) - ‘cdn.prod.website-files.com/6a44eec1ed1af2c4c403df68/6a712cc2608649d3c47bd1ab_1785754102027.jpeg’ saved [63042/63042]

--2026-09-12 19:18:14--  https://cdn.prod.website-files.com/6a44eec1ed1af2c4c403df6b/6a44eec1ed1af2c4c403dfdf_intro-thumb.jpg
Reusing existing connection to [cdn.prod.website-files.com]:443.
HTTP request sent, awaiting response... 200 OK
Length: 125057 (122K) [image/jpeg]
Saving to: ‘cdn.prod.website-files.com/6a44eec1ed1af2c4c403df6b/6a44eec1ed1af2c4c403dfdf_intro-thumb.jpg’

     0K .......... .......... .......... .......... .......... 40% 5.53M 0s
    50K .......... .......... .......... .......... .......... 81% 5.00M 0s
   100K .......... .......... ..                              100% 6.95M=0.02s

2026-09-12 19:18:15 (5.49 MB/s) - ‘cdn.prod.website-files.com/6a44eec1ed1af2c4c403df6b/6a44eec1ed1af2c4c403dfdf_intro-thumb.jpg’ saved [125057/125057]

--2026-09-12 19:18:15--  https://cdn.prod.website-files.com/6a44eec1ed1af2c4c403df6b/6a44eec1ed1af2c4c403dfe0_uc-avt%20(1).png
Reusing existing connection to [cdn.prod.website-files.com]:443.
HTTP request sent, awaiting response... 200 OK
Length: 403 [image/png]
Saving to: ‘cdn.prod.website-files.com/6a44eec1ed1af2c4c403df6b/6a44eec1ed1af2c4c403dfe0_uc-avt (1).png’

     0K                                                       100% 7.23M=0s

2026-09-12 19:18:15 (7.23 MB/s) - ‘cdn.prod.website-files.com/6a44eec1ed1af2c4c403df6b/6a44eec1ed1af2c4c403dfe0_uc-avt (1).png’ saved [403/403]

--2026-09-12 19:18:15--  https://cdn.prod.website-files.com/6a44eec1ed1af2c4c403df6b/6a44eec1ed1af2c4c403dfd0_cr-bg.webp
Reusing existing connection to [cdn.prod.website-files.com]:443.
HTTP request sent, awaiting response... 200 OK
Length: 137040 (134K) [image/webp]
Saving to: ‘cdn.prod.website-files.com/6a44eec1ed1af2c4c403df6b/6a44eec1ed1af2c4c403dfd0_cr-bg.webp’

     0K .......... .......... .......... .......... .......... 37% 5.55M 0s
    50K .......... .......... .......... .......... .......... 74% 6.53M 0s
   100K .......... .......... .......... ...                  100% 8.77M=0.02s

2026-09-12 19:18:15 (6.52 MB/s) - ‘cdn.prod.website-files.com/6a44eec1ed1af2c4c403df6b/6a44eec1ed1af2c4c403dfd0_cr-bg.webp’ saved [137040/137040]

--2026-09-12 19:18:15--  https://cdn.prod.website-files.com/6a44eec1ed1af2c4c403df6b/6a44eec1ed1af2c4c403dfd0_c763090396e428bbd3531b1c7e8c1361_cr-bg-p-500.webp
Reusing existing connection to [cdn.prod.website-files.com]:443.
HTTP request sent, awaiting response... 200 OK
Length: 16438 (16K) [image/webp]
Saving to: ‘cdn.prod.website-files.com/6a44eec1ed1af2c4c403df6b/6a44eec1ed1af2c4c403dfd0_c763090396e428bbd3531b1c7e8c1361_cr-bg-p-500.webp’

     0K .......... ......                                     100% 1.35M=0.01s

2026-09-12 19:18:15 (1.35 MB/s) - ‘cdn.prod.website-files.com/6a44eec1ed1af2c4c403df6b/6a44eec1ed1af2c4c403dfd0_c763090396e428bbd3531b1c7e8c1361_cr-bg-p-500.webp’ saved [16438/16438]

--2026-09-12 19:18:15--  https://cdn.prod.website-files.com/6a44eec1ed1af2c4c403df6b/6a44eec1ed1af2c4c403dfd0_c763090396e428bbd3531b1c7e8c1361_cr-bg-p-800.webp
Reusing existing connection to [cdn.prod.website-files.com]:443.
HTTP request sent, awaiting response... 200 OK
Length: 30900 (30K) [image/webp]
Saving to: ‘cdn.prod.website-files.com/6a44eec1ed1af2c4c403df6b/6a44eec1ed1af2c4c403dfd0_c763090396e428bbd3531b1c7e8c1361_cr-bg-p-800.webp’

     0K .......... .......... ..........                      100% 3.81M=0.008s

2026-09-12 19:18:15 (3.81 MB/s) - ‘cdn.prod.website-files.com/6a44eec1ed1af2c4c403df6b/6a44eec1ed1af2c4c403dfd0_c763090396e428bbd3531b1c7e8c1361_cr-bg-p-800.webp’ saved [30900/30900]

--2026-09-12 19:18:15--  https://cdn.prod.website-files.com/6a44eec1ed1af2c4c403df6b/6a44eec1ed1af2c4c403dfd0_c763090396e428bbd3531b1c7e8c1361_cr-bg-p-1080.webp
Reusing existing connection to [cdn.prod.website-files.com]:443.
HTTP request sent, awaiting response... 200 OK
Length: 45248 (44K) [image/webp]
Saving to: ‘cdn.prod.website-files.com/6a44eec1ed1af2c4c403df6b/6a44eec1ed1af2c4c403dfd0_c763090396e428bbd3531b1c7e8c1361_cr-bg-p-1080.webp’

     0K .......... .......... .......... .......... ....      100% 6.86M=0.006s

2026-09-12 19:18:15 (6.86 MB/s) - ‘cdn.prod.website-files.com/6a44eec1ed1af2c4c403df6b/6a44eec1ed1af2c4c403dfd0_c763090396e428bbd3531b1c7e8c1361_cr-bg-p-1080.webp’ saved [45248/45248]

--2026-09-12 19:18:15--  https://cdn.prod.website-files.com/6a44eec1ed1af2c4c403df6b/6a44eec1ed1af2c4c403dfd0_c763090396e428bbd3531b1c7e8c1361_cr-bg-p-1600.webp
Reusing existing connection to [cdn.prod.website-files.com]:443.
HTTP request sent, awaiting response... 200 OK
Length: 75948 (74K) [image/webp]
Saving to: ‘cdn.prod.website-files.com/6a44eec1ed1af2c4c403df6b/6a44eec1ed1af2c4c403dfd0_c763090396e428bbd3531b1c7e8c1361_cr-bg-p-1600.webp’

     0K .......... .......... .......... .......... .......... 67% 5.10M 0s
    50K .......... .......... ....                            100% 32.9M=0.01s

2026-09-12 19:18:15 (7.04 MB/s) - ‘cdn.prod.website-files.com/6a44eec1ed1af2c4c403df6b/6a44eec1ed1af2c4c403dfd0_c763090396e428bbd3531b1c7e8c1361_cr-bg-p-1600.webp’ saved [75948/75948]

--2026-09-12 19:18:15--  https://cdn.prod.website-files.com/6a44eec1ed1af2c4c403df6b/6a44eec1ed1af2c4c403dfd0_c763090396e428bbd3531b1c7e8c1361_cr-bg-p-2000.webp
Reusing existing connection to [cdn.prod.website-files.com]:443.
HTTP request sent, awaiting response... 200 OK
Length: 97786 (95K) [image/webp]
Saving to: ‘cdn.prod.website-files.com/6a44eec1ed1af2c4c403df6b/6a44eec1ed1af2c4c403dfd0_c763090396e428bbd3531b1c7e8c1361_cr-bg-p-2000.webp’

     0K .......... .......... .......... .......... .......... 52% 4.62M 0s
    50K .......... .......... .......... .......... .....     100% 11.2M=0.01s

2026-09-12 19:18:15 (6.41 MB/s) - ‘cdn.prod.website-files.com/6a44eec1ed1af2c4c403df6b/6a44eec1ed1af2c4c403dfd0_c763090396e428bbd3531b1c7e8c1361_cr-bg-p-2000.webp’ saved [97786/97786]

--2026-09-12 19:18:15--  https://cdn.prod.website-files.com/6a44eec1ed1af2c4c403df6b/6a44eec1ed1af2c4c403df8e_The%20Work%20%26%20Environment.png
Reusing existing connection to [cdn.prod.website-files.com]:443.
HTTP request sent, awaiting response... 200 OK
Length: 1397 (1.4K) [image/png]
Saving to: ‘cdn.prod.website-files.com/6a44eec1ed1af2c4c403df6b/6a44eec1ed1af2c4c403df8e_The Work & Environment.png’

     0K .                                                     100% 26.5M=0s

2026-09-12 19:18:15 (26.5 MB/s) - ‘cdn.prod.website-files.com/6a44eec1ed1af2c4c403df6b/6a44eec1ed1af2c4c403df8e_The Work & Environment.png’ saved [1397/1397]

--2026-09-12 19:18:15--  https://cdn.prod.website-files.com/6a44eec1ed1af2c4c403df6b/6a44eec1ed1af2c4c403df8f_The%20Work%20%26%20Environment-2.png
Reusing existing connection to [cdn.prod.website-files.com]:443.
HTTP request sent, awaiting response... 200 OK
Length: 1364 (1.3K) [image/png]
Saving to: ‘cdn.prod.website-files.com/6a44eec1ed1af2c4c403df6b/6a44eec1ed1af2c4c403df8f_The Work & Environment-2.png’

     0K .                                                     100% 49.8M=0s

2026-09-12 19:18:15 (49.8 MB/s) - ‘cdn.prod.website-files.com/6a44eec1ed1af2c4c403df6b/6a44eec1ed1af2c4c403df8f_The Work & Environment-2.png’ saved [1364/1364]

--2026-09-12 19:18:15--  https://cdn.prod.website-files.com/6a44eec1ed1af2c4c403df6b/6a44eec1ed1af2c4c403df9a_The%20Work%20%26%20Environment-1.png
Reusing existing connection to [cdn.prod.website-files.com]:443.
HTTP request sent, awaiting response... 200 OK
Length: 1252 (1.2K) [image/png]
Saving to: ‘cdn.prod.website-files.com/6a44eec1ed1af2c4c403df6b/6a44eec1ed1af2c4c403df9a_The Work & Environment-1.png’

     0K .                                                     100% 48.6M=0s

2026-09-12 19:18:15 (48.6 MB/s) - ‘cdn.prod.website-files.com/6a44eec1ed1af2c4c403df6b/6a44eec1ed1af2c4c403df9a_The Work & Environment-1.png’ saved [1252/1252]

--2026-09-12 19:18:15--  https://cdn.prod.website-files.com/6a44eec1ed1af2c4c403df6b/6a44eec1ed1af2c4c403df90_The%20Work%20%26%20Environment%20(1).png
Reusing existing connection to [cdn.prod.website-files.com]:443.
HTTP request sent, awaiting response... 200 OK
Length: 978 [image/png]
Saving to: ‘cdn.prod.website-files.com/6a44eec1ed1af2c4c403df6b/6a44eec1ed1af2c4c403df90_The Work & Environment (1).png’

     0K                                                       100% 37.4M=0s

2026-09-12 19:18:15 (37.4 MB/s) - ‘cdn.prod.website-files.com/6a44eec1ed1af2c4c403df6b/6a44eec1ed1af2c4c403df90_The Work & Environment (1).png’ saved [978/978]

--2026-09-12 19:18:15--  https://cdn.prod.website-files.com/6a44eec1ed1af2c4c403df6b/6a44eec1ed1af2c4c403e665_img-career.png
Reusing existing connection to [cdn.prod.website-files.com]:443.
HTTP request sent, awaiting response... 200 OK
Length: 165658 (162K) [image/png]
Saving to: ‘cdn.prod.website-files.com/6a44eec1ed1af2c4c403df6b/6a44eec1ed1af2c4c403e665_img-career.png’

     0K .......... .......... .......... .......... .......... 30% 2.42M 0s
    50K .......... .......... .......... .......... .......... 61%  327M 0s
   100K .......... .......... .......... .......... .......... 92% 5.70M 0s
   150K .......... .                                          100%  226M=0.03s

2026-09-12 19:18:15 (5.46 MB/s) - ‘cdn.prod.website-files.com/6a44eec1ed1af2c4c403df6b/6a44eec1ed1af2c4c403e665_img-career.png’ saved [165658/165658]

--2026-09-12 19:18:15--  https://cdn.prod.website-files.com/6a44eec1ed1af2c4c403df6b/6a44eec1ed1af2c4c403e665_img-career-p-500.png
Reusing existing connection to [cdn.prod.website-files.com]:443.
HTTP request sent, awaiting response... 200 OK
Length: 147229 (144K) [image/png]
Saving to: ‘cdn.prod.website-files.com/6a44eec1ed1af2c4c403df6b/6a44eec1ed1af2c4c403e665_img-career-p-500.png’

     0K .......... .......... .......... .......... .......... 34% 4.61M 0s
    50K .......... .......... .......... .......... .......... 69% 5.93M 0s
   100K .......... .......... .......... .......... ...       100% 7.19M=0.02s

2026-09-12 19:18:15 (5.67 MB/s) - ‘cdn.prod.website-files.com/6a44eec1ed1af2c4c403df6b/6a44eec1ed1af2c4c403e665_img-career-p-500.png’ saved [147229/147229]

--2026-09-12 19:18:15--  https://cdn.prod.website-files.com/6a44eec1ed1af2c4c403df6b/6a44eec1ed1af2c4c403dfcf_expect-bg.webp
Reusing existing connection to [cdn.prod.website-files.com]:443.
HTTP request sent, awaiting response... 200 OK
Length: 64022 (63K) [image/webp]
Saving to: ‘cdn.prod.website-files.com/6a44eec1ed1af2c4c403df6b/6a44eec1ed1af2c4c403dfcf_expect-bg.webp’

     0K .......... .......... .......... .......... .......... 79% 5.36M 0s
    50K .......... ..                                         100%  280M=0.009s

2026-09-12 19:18:15 (6.67 MB/s) - ‘cdn.prod.website-files.com/6a44eec1ed1af2c4c403df6b/6a44eec1ed1af2c4c403dfcf_expect-bg.webp’ saved [64022/64022]

--2026-09-12 19:18:15--  https://cdn.prod.website-files.com/6a44eec1ed1af2c4c403df6b/6a44eec1ed1af2c4c403df9c_circ-expect.png
Reusing existing connection to [cdn.prod.website-files.com]:443.
HTTP request sent, awaiting response... 200 OK
Length: 3606 (3.5K) [image/png]
Saving to: ‘cdn.prod.website-files.com/6a44eec1ed1af2c4c403df6b/6a44eec1ed1af2c4c403df9c_circ-expect.png’

     0K ...                                                   100%  145M=0s

2026-09-12 19:18:15 (145 MB/s) - ‘cdn.prod.website-files.com/6a44eec1ed1af2c4c403df6b/6a44eec1ed1af2c4c403df9c_circ-expect.png’ saved [3606/3606]

--2026-09-12 19:18:15--  https://cdn.prod.website-files.com/6a44eec1ed1af2c4c403df6b/6a44eec1ed1af2c4c403dfd1_dot-thumb.png
Reusing existing connection to [cdn.prod.website-files.com]:443.
HTTP request sent, awaiting response... 200 OK
Length: 1284 (1.3K) [image/png]
Saving to: ‘cdn.prod.website-files.com/6a44eec1ed1af2c4c403df6b/6a44eec1ed1af2c4c403dfd1_dot-thumb.png’

     0K .                                                     100% 43.4M=0s

2026-09-12 19:18:15 (43.4 MB/s) - ‘cdn.prod.website-files.com/6a44eec1ed1af2c4c403df6b/6a44eec1ed1af2c4c403dfd1_dot-thumb.png’ saved [1284/1284]

--2026-09-12 19:18:15--  https://cdn.prod.website-files.com/6a44eec1ed1af2c4c403df6b/6a44eec1ed1af2c4c403e807_fr-1%20(1).png
Reusing existing connection to [cdn.prod.website-files.com]:443.
HTTP request sent, awaiting response... 200 OK
Length: 84337 (82K) [image/png]
Saving to: ‘cdn.prod.website-files.com/6a44eec1ed1af2c4c403df6b/6a44eec1ed1af2c4c403e807_fr-1 (1).png’

     0K .......... .......... .......... .......... .......... 60% 8.63M 0s
    50K .......... .......... .......... ..                   100% 6.78M=0.01s

2026-09-12 19:18:15 (7.79 MB/s) - ‘cdn.prod.website-files.com/6a44eec1ed1af2c4c403df6b/6a44eec1ed1af2c4c403e807_fr-1 (1).png’ saved [84337/84337]

--2026-09-12 19:18:15--  https://cdn.prod.website-files.com/6a44eec1ed1af2c4c403df6b/6a44eec1ed1af2c4c403e808_fr-2%20(1).png
Reusing existing connection to [cdn.prod.website-files.com]:443.
HTTP request sent, awaiting response... 200 OK
Length: 76345 (75K) [image/png]
Saving to: ‘cdn.prod.website-files.com/6a44eec1ed1af2c4c403df6b/6a44eec1ed1af2c4c403e808_fr-2 (1).png’

     0K .......... .......... .......... .......... .......... 67% 6.87M 0s
    50K .......... .......... ....                            100% 13.4M=0.009s

2026-09-12 19:18:15 (8.18 MB/s) - ‘cdn.prod.website-files.com/6a44eec1ed1af2c4c403df6b/6a44eec1ed1af2c4c403e808_fr-2 (1).png’ saved [76345/76345]

--2026-09-12 19:18:15--  https://cdn.prod.website-files.com/6a44eec1ed1af2c4c403df6b/6a44eec1ed1af2c4c403e668_in-3%20(1).png
Reusing existing connection to [cdn.prod.website-files.com]:443.
HTTP request sent, awaiting response... 200 OK
Length: 114819 (112K) [image/png]
Saving to: ‘cdn.prod.website-files.com/6a44eec1ed1af2c4c403df6b/6a44eec1ed1af2c4c403e668_in-3 (1).png’

     0K .......... .......... .......... .......... .......... 44% 5.87M 0s
    50K .......... .......... .......... .......... .......... 89%  967K 0s
   100K .......... ..                                         100%  470M=0.06s

2026-09-12 19:18:15 (1.82 MB/s) - ‘cdn.prod.website-files.com/6a44eec1ed1af2c4c403df6b/6a44eec1ed1af2c4c403e668_in-3 (1).png’ saved [114819/114819]

--2026-09-12 19:18:15--  https://cdn.prod.website-files.com/6a44eec1ed1af2c4c403df6b/6a44eec1ed1af2c4c403e66c_in-4%20(1).png
Reusing existing connection to [cdn.prod.website-files.com]:443.
HTTP request sent, awaiting response... 200 OK
Length: 93848 (92K) [image/png]
Saving to: ‘cdn.prod.website-files.com/6a44eec1ed1af2c4c403df6b/6a44eec1ed1af2c4c403e66c_in-4 (1).png’

     0K .......... .......... .......... .......... .......... 54% 5.58M 0s
    50K .......... .......... .......... .......... .         100% 6.43M=0.02s

2026-09-12 19:18:15 (5.94 MB/s) - ‘cdn.prod.website-files.com/6a44eec1ed1af2c4c403df6b/6a44eec1ed1af2c4c403e66c_in-4 (1).png’ saved [93848/93848]

--2026-09-12 19:18:15--  https://cdn.prod.website-files.com/6a44eec1ed1af2c4c403df6b/6a44eec1ed1af2c4c403e66b_in-5%20(1).png
Reusing existing connection to [cdn.prod.website-files.com]:443.
HTTP request sent, awaiting response... 200 OK
Length: 84386 (82K) [image/png]
Saving to: ‘cdn.prod.website-files.com/6a44eec1ed1af2c4c403df6b/6a44eec1ed1af2c4c403e66b_in-5 (1).png’

     0K .......... .......... .......... .......... .......... 60% 4.12M 0s
    50K .......... .......... .......... ..                   100%  809K=0.05s

2026-09-12 19:18:15 (1.55 MB/s) - ‘cdn.prod.website-files.com/6a44eec1ed1af2c4c403df6b/6a44eec1ed1af2c4c403e66b_in-5 (1).png’ saved [84386/84386]

--2026-09-12 19:18:15--  https://cdn.prod.website-files.com/6a44eec1ed1af2c4c403df6b/6a44eec1ed1af2c4c403dfe5_base.png
Reusing existing connection to [cdn.prod.website-files.com]:443.
HTTP request sent, awaiting response... 200 OK
Length: 511 [image/png]
Saving to: ‘cdn.prod.website-files.com/6a44eec1ed1af2c4c403df6b/6a44eec1ed1af2c4c403dfe5_base.png’

     0K                                                       100% 13.7M=0s

2026-09-12 19:18:15 (13.7 MB/s) - ‘cdn.prod.website-files.com/6a44eec1ed1af2c4c403df6b/6a44eec1ed1af2c4c403dfe5_base.png’ saved [511/511]

--2026-09-12 19:18:15--  https://cdn.prod.website-files.com/6a44eec1ed1af2c4c403df68/6a508553b96315f6158b34fb_Frame%202087327872.png
Reusing existing connection to [cdn.prod.website-files.com]:443.
HTTP request sent, awaiting response... 200 OK
Length: 23681 (23K) [image/png]
Saving to: ‘cdn.prod.website-files.com/6a44eec1ed1af2c4c403df68/6a508553b96315f6158b34fb_Frame 2087327872.png’

     0K .......... .......... ...                             100% 11.1M=0.002s

2026-09-12 19:18:15 (11.1 MB/s) - ‘cdn.prod.website-files.com/6a44eec1ed1af2c4c403df68/6a508553b96315f6158b34fb_Frame 2087327872.png’ saved [23681/23681]

--2026-09-12 19:18:15--  https://cdn.prod.website-files.com/6a44eec1ed1af2c4c403df68/6a508560df21293c84f6143c_Frame%202087327873.png
Reusing existing connection to [cdn.prod.website-files.com]:443.
HTTP request sent, awaiting response... 200 OK
Length: 19568 (19K) [image/png]
Saving to: ‘cdn.prod.website-files.com/6a44eec1ed1af2c4c403df68/6a508560df21293c84f6143c_Frame 2087327873.png’

     0K .......... .........                                  100% 3.10M=0.006s

2026-09-12 19:18:15 (3.10 MB/s) - ‘cdn.prod.website-files.com/6a44eec1ed1af2c4c403df68/6a508560df21293c84f6143c_Frame 2087327873.png’ saved [19568/19568]

--2026-09-12 19:18:15--  https://cdn.prod.website-files.com/6a44eec1ed1af2c4c403df68/6a50856c329b1000b304cb71_Frame%202087327874.png
Reusing existing connection to [cdn.prod.website-files.com]:443.
HTTP request sent, awaiting response... 200 OK
Length: 21004 (21K) [image/png]
Saving to: ‘cdn.prod.website-files.com/6a44eec1ed1af2c4c403df68/6a50856c329b1000b304cb71_Frame 2087327874.png’

     0K .......... ..........                                 100% 1.65M=0.01s

2026-09-12 19:18:15 (1.65 MB/s) - ‘cdn.prod.website-files.com/6a44eec1ed1af2c4c403df68/6a50856c329b1000b304cb71_Frame 2087327874.png’ saved [21004/21004]

--2026-09-12 19:18:15--  https://cdn.prod.website-files.com/6a44eec1ed1af2c4c403df68/6a5085753867f74b43cf0980_Frame%202087327875.png
Reusing existing connection to [cdn.prod.website-files.com]:443.
HTTP request sent, awaiting response... 200 OK
Length: 18928 (18K) [image/png]
Saving to: ‘cdn.prod.website-files.com/6a44eec1ed1af2c4c403df68/6a5085753867f74b43cf0980_Frame 2087327875.png’

     0K .......... ........                                   100%  319M=0s

2026-09-12 19:18:15 (319 MB/s) - ‘cdn.prod.website-files.com/6a44eec1ed1af2c4c403df68/6a5085753867f74b43cf0980_Frame 2087327875.png’ saved [18928/18928]

--2026-09-12 19:18:15--  https://cdn.prod.website-files.com/6a44eec1ed1af2c4c403df68/6a5085859454773f96bba3fb_Frame%202087327877.png
Reusing existing connection to [cdn.prod.website-files.com]:443.
HTTP request sent, awaiting response... 200 OK
Length: 17802 (17K) [image/png]
Saving to: ‘cdn.prod.website-files.com/6a44eec1ed1af2c4c403df68/6a5085859454773f96bba3fb_Frame 2087327877.png’

     0K .......... .......                                    100%  303M=0s

2026-09-12 19:18:15 (303 MB/s) - ‘cdn.prod.website-files.com/6a44eec1ed1af2c4c403df68/6a5085859454773f96bba3fb_Frame 2087327877.png’ saved [17802/17802]

--2026-09-12 19:18:15--  https://cdn.prod.website-files.com/6a44eec1ed1af2c4c403df68/6a50858f45771d96636bfa0f_Frame%202087327876.png
Reusing existing connection to [cdn.prod.website-files.com]:443.
HTTP request sent, awaiting response... 200 OK
Length: 17961 (18K) [image/png]
Saving to: ‘cdn.prod.website-files.com/6a44eec1ed1af2c4c403df68/6a50858f45771d96636bfa0f_Frame 2087327876.png’

     0K .......... .......                                    100% 7.91M=0.002s

2026-09-12 19:18:15 (7.91 MB/s) - ‘cdn.prod.website-files.com/6a44eec1ed1af2c4c403df68/6a50858f45771d96636bfa0f_Frame 2087327876.png’ saved [17961/17961]

--2026-09-12 19:18:15--  https://cdn.prod.website-files.com/6a03f453da6f70b6c31a571e/6a310069b0d905ff33988b46_flags%402x.png
Reusing existing connection to [cdn.prod.website-files.com]:443.
HTTP request sent, awaiting response... 200 OK
Length: 139146 (136K) [image/png]
Saving to: ‘cdn.prod.website-files.com/6a03f453da6f70b6c31a571e/6a310069b0d905ff33988b46_flags@2x.png’

     0K .......... .......... .......... .......... .......... 36% 9.32M 0s
    50K .......... .......... .......... .......... .......... 73% 2.57M 0s
   100K .......... .......... .......... .....                100%  475M=0.02s

2026-09-12 19:18:15 (5.47 MB/s) - ‘cdn.prod.website-files.com/6a03f453da6f70b6c31a571e/6a310069b0d905ff33988b46_flags@2x.png’ saved [139146/139146]

--2026-09-12 19:18:15--  https://cdn.prod.website-files.com/6a44eec1ed1af2c4c403df6b/6a44eec1ed1af2c4c403e66d_contact-1.png
Reusing existing connection to [cdn.prod.website-files.com]:443.
HTTP request sent, awaiting response... 200 OK
Length: 140992 (138K) [image/png]
Saving to: ‘cdn.prod.website-files.com/6a44eec1ed1af2c4c403df6b/6a44eec1ed1af2c4c403e66d_contact-1.png’

     0K .......... .......... .......... .......... .......... 36% 4.62M 0s
    50K .......... .......... .......... .......... .......... 72% 3.82M 0s
   100K .......... .......... .......... .......              100% 19.7M=0.03s

2026-09-12 19:18:16 (5.34 MB/s) - ‘cdn.prod.website-files.com/6a44eec1ed1af2c4c403df6b/6a44eec1ed1af2c4c403e66d_contact-1.png’ saved [140992/140992]

--2026-09-12 19:18:16--  https://cdn.prod.website-files.com/6a44eec1ed1af2c4c403df6b/6a44eec1ed1af2c4c403e66d_contact-1-p-500.png
Reusing existing connection to [cdn.prod.website-files.com]:443.
HTTP request sent, awaiting response... 200 OK
Length: 114635 (112K) [image/png]
Saving to: ‘cdn.prod.website-files.com/6a44eec1ed1af2c4c403df6b/6a44eec1ed1af2c4c403e66d_contact-1-p-500.png’

     0K .......... .......... .......... .......... .......... 44% 3.99M 0s
    50K .......... .......... .......... .......... .......... 89% 1.97M 0s
   100K .......... .                                          100% 2.77M=0.04s

2026-09-12 19:18:16 (2.65 MB/s) - ‘cdn.prod.website-files.com/6a44eec1ed1af2c4c403df6b/6a44eec1ed1af2c4c403e66d_contact-1-p-500.png’ saved [114635/114635]

--2026-09-12 19:18:16--  https://cdn.prod.website-files.com/6a44eec1ed1af2c4c403df6b/6a44eec1ed1af2c4c403dfa6_base.png
Reusing existing connection to [cdn.prod.website-files.com]:443.
HTTP request sent, awaiting response... 200 OK
Length: 300 [image/png]
Saving to: ‘cdn.prod.website-files.com/6a44eec1ed1af2c4c403df6b/6a44eec1ed1af2c4c403dfa6_base.png’

     0K                                                       100% 1.31G=0s

2026-09-12 19:18:16 (1.31 GB/s) - ‘cdn.prod.website-files.com/6a44eec1ed1af2c4c403df6b/6a44eec1ed1af2c4c403dfa6_base.png’ saved [300/300]

--2026-09-12 19:18:16--  https://cdn.prod.website-files.com/6a44eec1ed1af2c4c403df6b/js/webflow.bd255bc3.d7928732d67d0504.js
Reusing existing connection to [cdn.prod.website-files.com]:443.
HTTP request sent, awaiting response... 200 OK
Length: 11104 (11K) [text/javascript]
Saving to: ‘cdn.prod.website-files.com/6a44eec1ed1af2c4c403df6b/js/webflow.bd255bc3.d7928732d67d0504.js’

     0K ..........                                            100%  317M=0s

2026-09-12 19:18:16 (317 MB/s) - ‘cdn.prod.website-files.com/6a44eec1ed1af2c4c403df6b/js/webflow.bd255bc3.d7928732d67d0504.js’ saved [11104/11104]

--2026-09-12 19:18:16--  https://cdn.prod.website-files.com/6a44eec1ed1af2c4c403df68/6a44eec1ed1af2c4c403e2d7_Frame%20(2).jpg
Reusing existing connection to [cdn.prod.website-files.com]:443.
HTTP request sent, awaiting response... 200 OK
Length: 199966 (195K) [image/jpeg]
Saving to: ‘cdn.prod.website-files.com/6a44eec1ed1af2c4c403df68/6a44eec1ed1af2c4c403e2d7_Frame (2).jpg’

     0K .......... .......... .......... .......... .......... 25% 4.27M 0s
    50K .......... .......... .......... .......... .......... 51% 5.48M 0s
   100K .......... .......... .......... .......... .......... 76% 4.58M 0s
   150K .......... .......... .......... .......... .....     100% 7.35M=0.04s

2026-09-12 19:18:16 (5.15 MB/s) - ‘cdn.prod.website-files.com/6a44eec1ed1af2c4c403df68/6a44eec1ed1af2c4c403e2d7_Frame (2).jpg’ saved [199966/199966]

--2026-09-12 19:18:16--  https://cdn.prod.website-files.com/6a44eec1ed1af2c4c403df68/6a44eec1ed1af2c4c403e354_Frame%20(5).jpg
Reusing existing connection to [cdn.prod.website-files.com]:443.
HTTP request sent, awaiting response... 200 OK
Length: 150343 (147K) [image/jpeg]
Saving to: ‘cdn.prod.website-files.com/6a44eec1ed1af2c4c403df68/6a44eec1ed1af2c4c403e354_Frame (5).jpg’

     0K .......... .......... .......... .......... .......... 34% 5.98M 0s
    50K .......... .......... .......... .......... .......... 68% 3.74M 0s
   100K .......... .......... .......... .......... ......    100% 1.76M=0.05s

2026-09-12 19:18:16 (3.04 MB/s) - ‘cdn.prod.website-files.com/6a44eec1ed1af2c4c403df68/6a44eec1ed1af2c4c403e354_Frame (5).jpg’ saved [150343/150343]

--2026-09-12 19:18:16--  https://cdn.prod.website-files.com/6a44eec1ed1af2c4c403df6b/6a44eec1ed1af2c4c403e04b_commu-card-bgf%20(1).jpg
Reusing existing connection to [cdn.prod.website-files.com]:443.
HTTP request sent, awaiting response... 200 OK
Length: 12817 (13K) [image/jpeg]
Saving to: ‘cdn.prod.website-files.com/6a44eec1ed1af2c4c403df6b/6a44eec1ed1af2c4c403e04b_commu-card-bgf (1).jpg’

     0K .......... ..                                         100%  507M=0s

2026-09-12 19:18:16 (507 MB/s) - ‘cdn.prod.website-files.com/6a44eec1ed1af2c4c403df6b/6a44eec1ed1af2c4c403e04b_commu-card-bgf (1).jpg’ saved [12817/12817]

--2026-09-12 19:18:16--  https://cdn.prod.website-files.com/6a44eec1ed1af2c4c403df68/6a44eec1ed1af2c4c403e2e1_Frame-7.jpg
Reusing existing connection to [cdn.prod.website-files.com]:443.
HTTP request sent, awaiting response... 200 OK
Length: 192575 (188K) [image/jpeg]
Saving to: ‘cdn.prod.website-files.com/6a44eec1ed1af2c4c403df68/6a44eec1ed1af2c4c403e2e1_Frame-7.jpg’

     0K .......... .......... .......... .......... .......... 26% 4.35M 0s
    50K .......... .......... .......... .......... .......... 53%  682K 0s
   100K .......... .......... .......... .......... .......... 79% 5.57M 0s
   150K .......... .......... .......... ........             100%  337M=0.09s

2026-09-12 19:18:16 (1.97 MB/s) - ‘cdn.prod.website-files.com/6a44eec1ed1af2c4c403df68/6a44eec1ed1af2c4c403e2e1_Frame-7.jpg’ saved [192575/192575]

--2026-09-12 19:18:16--  https://cdn.prod.website-files.com/6a44eec1ed1af2c4c403df68/6a44eec1ed1af2c4c403e2e1_Frame-7-p-500.jpg
Reusing existing connection to [cdn.prod.website-files.com]:443.
HTTP request sent, awaiting response... 200 OK
Length: 72008 (70K) [image/jpg]
Saving to: ‘cdn.prod.website-files.com/6a44eec1ed1af2c4c403df68/6a44eec1ed1af2c4c403e2e1_Frame-7-p-500.jpg’

     0K .......... .......... .......... .......... .......... 71% 6.18M 0s
    50K .......... ..........                                 100% 5.53M=0.01s

2026-09-12 19:18:16 (5.98 MB/s) - ‘cdn.prod.website-files.com/6a44eec1ed1af2c4c403df68/6a44eec1ed1af2c4c403e2e1_Frame-7-p-500.jpg’ saved [72008/72008]

--2026-09-12 19:18:16--  https://cdn.prod.website-files.com/6a44eec1ed1af2c4c403df68/6a44eec1ed1af2c4c403e2dd_Frame-8.jpg
Reusing existing connection to [cdn.prod.website-files.com]:443.
HTTP request sent, awaiting response... 200 OK
Length: 73330 (72K) [image/jpeg]
Saving to: ‘cdn.prod.website-files.com/6a44eec1ed1af2c4c403df68/6a44eec1ed1af2c4c403e2dd_Frame-8.jpg’

     0K .......... .......... .......... .......... .......... 69% 5.15M 0s
    50K .......... .......... .                               100% 3.13M=0.02s

2026-09-12 19:18:16 (4.31 MB/s) - ‘cdn.prod.website-files.com/6a44eec1ed1af2c4c403df68/6a44eec1ed1af2c4c403e2dd_Frame-8.jpg’ saved [73330/73330]

--2026-09-12 19:18:16--  https://cdn.prod.website-files.com/6a44eec1ed1af2c4c403df68/6a44eec1ed1af2c4c403e2dd_Frame-8-p-500.jpg
Reusing existing connection to [cdn.prod.website-files.com]:443.
HTTP request sent, awaiting response... 200 OK
Length: 49211 (48K) [image/jpg]
Saving to: ‘cdn.prod.website-files.com/6a44eec1ed1af2c4c403df68/6a44eec1ed1af2c4c403e2dd_Frame-8-p-500.jpg’

     0K .......... .......... .......... .......... ........  100% 4.38M=0.01s

2026-09-12 19:18:16 (4.38 MB/s) - ‘cdn.prod.website-files.com/6a44eec1ed1af2c4c403df68/6a44eec1ed1af2c4c403e2dd_Frame-8-p-500.jpg’ saved [49211/49211]

--2026-09-12 19:18:16--  https://cdn.prod.website-files.com/6a44eec1ed1af2c4c403df68/6a44eec1ed1af2c4c403e2df_Frame-9.jpg
Reusing existing connection to [cdn.prod.website-files.com]:443.
HTTP request sent, awaiting response... 200 OK
Length: 133369 (130K) [image/jpeg]
Saving to: ‘cdn.prod.website-files.com/6a44eec1ed1af2c4c403df68/6a44eec1ed1af2c4c403e2df_Frame-9.jpg’

     0K .......... .......... .......... .......... .......... 38% 4.11M 0s
    50K .......... .......... .......... .......... .......... 76%  956K 0s
   100K .......... .......... ..........                      100% 3.81M=0.07s

2026-09-12 19:18:16 (1.77 MB/s) - ‘cdn.prod.website-files.com/6a44eec1ed1af2c4c403df68/6a44eec1ed1af2c4c403e2df_Frame-9.jpg’ saved [133369/133369]

--2026-09-12 19:18:16--  https://cdn.prod.website-files.com/6a44eec1ed1af2c4c403df68/6a44eec1ed1af2c4c403e2df_Frame-9-p-500.jpg
Reusing existing connection to [cdn.prod.website-files.com]:443.
HTTP request sent, awaiting response... 200 OK
Length: 55701 (54K) [image/jpg]
Saving to: ‘cdn.prod.website-files.com/6a44eec1ed1af2c4c403df68/6a44eec1ed1af2c4c403e2df_Frame-9-p-500.jpg’

     0K .......... .......... .......... .......... .......... 91% 10.2M 0s
    50K ....                                                  100% 8.19T=0.005s

2026-09-12 19:18:16 (11.1 MB/s) - ‘cdn.prod.website-files.com/6a44eec1ed1af2c4c403df68/6a44eec1ed1af2c4c403e2df_Frame-9-p-500.jpg’ saved [55701/55701]

--2026-09-12 19:18:16--  https://cdn.prod.website-files.com/6a44eec1ed1af2c4c403df68/6a44eec1ed1af2c4c403e2e0_Frame-10.jpg
Reusing existing connection to [cdn.prod.website-files.com]:443.
HTTP request sent, awaiting response... 200 OK
Length: 190485 (186K) [image/jpeg]
Saving to: ‘cdn.prod.website-files.com/6a44eec1ed1af2c4c403df68/6a44eec1ed1af2c4c403e2e0_Frame-10.jpg’

     0K .......... .......... .......... .......... .......... 26% 5.24M 0s
    50K .......... .......... .......... .......... .......... 53% 1.09M 0s
   100K .......... .......... .......... .......... .......... 80% 1.73M 0s
   150K .......... .......... .......... ......               100% 21.9M=0.08s

2026-09-12 19:18:16 (2.16 MB/s) - ‘cdn.prod.website-files.com/6a44eec1ed1af2c4c403df68/6a44eec1ed1af2c4c403e2e0_Frame-10.jpg’ saved [190485/190485]

--2026-09-12 19:18:16--  https://cdn.prod.website-files.com/6a44eec1ed1af2c4c403df68/6a44eec1ed1af2c4c403e2e0_Frame-10-p-500.jpg
Reusing existing connection to [cdn.prod.website-files.com]:443.
HTTP request sent, awaiting response... 200 OK
Length: 58558 (57K) [image/jpg]
Saving to: ‘cdn.prod.website-files.com/6a44eec1ed1af2c4c403df68/6a44eec1ed1af2c4c403e2e0_Frame-10-p-500.jpg’

     0K .......... .......... .......... .......... .......... 87% 2.92M 0s
    50K .......                                               100% 13.4T=0.02s

2026-09-12 19:18:16 (3.34 MB/s) - ‘cdn.prod.website-files.com/6a44eec1ed1af2c4c403df68/6a44eec1ed1af2c4c403e2e0_Frame-10-p-500.jpg’ saved [58558/58558]

--2026-09-12 19:18:16--  https://cdn.prod.website-files.com/6a44eec1ed1af2c4c403df68/6a44eec1ed1af2c4c403e2de_Frame-11.jpg
Reusing existing connection to [cdn.prod.website-files.com]:443.
HTTP request sent, awaiting response... 200 OK
Length: 101819 (99K) [image/jpeg]
Saving to: ‘cdn.prod.website-files.com/6a44eec1ed1af2c4c403df68/6a44eec1ed1af2c4c403e2de_Frame-11.jpg’

     0K .......... .......... .......... .......... .......... 50% 1.51M 0s
    50K .......... .......... .......... .......... ......... 100% 1.73M=0.06s

2026-09-12 19:18:17 (1.61 MB/s) - ‘cdn.prod.website-files.com/6a44eec1ed1af2c4c403df68/6a44eec1ed1af2c4c403e2de_Frame-11.jpg’ saved [101819/101819]

--2026-09-12 19:18:17--  https://cdn.prod.website-files.com/6a44eec1ed1af2c4c403df68/6a44eec1ed1af2c4c403e2de_Frame-11-p-500.jpg
Reusing existing connection to [cdn.prod.website-files.com]:443.
HTTP request sent, awaiting response... 200 OK
Length: 60671 (59K) [image/jpg]
Saving to: ‘cdn.prod.website-files.com/6a44eec1ed1af2c4c403df68/6a44eec1ed1af2c4c403e2de_Frame-11-p-500.jpg’

     0K .......... .......... .......... .......... .......... 84% 4.05M 0s
    50K .........                                             100%  178M=0.01s

2026-09-12 19:18:17 (4.78 MB/s) - ‘cdn.prod.website-files.com/6a44eec1ed1af2c4c403df68/6a44eec1ed1af2c4c403e2de_Frame-11-p-500.jpg’ saved [60671/60671]

--2026-09-12 19:18:17--  https://cdn.prod.website-files.com/6a44eec1ed1af2c4c403df68/6a44eec1ed1af2c4c403e2c5_Frame-1.jpg
Reusing existing connection to [cdn.prod.website-files.com]:443.
HTTP request sent, awaiting response... 200 OK
Length: 103122 (101K) [image/jpeg]
Saving to: ‘cdn.prod.website-files.com/6a44eec1ed1af2c4c403df68/6a44eec1ed1af2c4c403e2c5_Frame-1.jpg’

     0K .......... .......... .......... .......... .......... 49% 4.37M 0s
    50K .......... .......... .......... .......... .......... 99% 1.33M 0s
   100K                                                       100% 1.31T=0.05s

2026-09-12 19:18:17 (2.05 MB/s) - ‘cdn.prod.website-files.com/6a44eec1ed1af2c4c403df68/6a44eec1ed1af2c4c403e2c5_Frame-1.jpg’ saved [103122/103122]

--2026-09-12 19:18:17--  https://cdn.prod.website-files.com/6a44eec1ed1af2c4c403df68/6a44eec1ed1af2c4c403e2c5_Frame-1-p-500.jpg
Reusing existing connection to [cdn.prod.website-files.com]:443.
HTTP request sent, awaiting response... 200 OK
Length: 47739 (47K) [image/jpg]
Saving to: ‘cdn.prod.website-files.com/6a44eec1ed1af2c4c403df68/6a44eec1ed1af2c4c403e2c5_Frame-1-p-500.jpg’

     0K .......... .......... .......... .......... ......    100% 5.59M=0.008s

2026-09-12 19:18:17 (5.59 MB/s) - ‘cdn.prod.website-files.com/6a44eec1ed1af2c4c403df68/6a44eec1ed1af2c4c403e2c5_Frame-1-p-500.jpg’ saved [47739/47739]

--2026-09-12 19:18:17--  https://cdn.prod.website-files.com/6a44eec1ed1af2c4c403df68/6a44eec1ed1af2c4c403e2db_Frame.jpg
Reusing existing connection to [cdn.prod.website-files.com]:443.
HTTP request sent, awaiting response... 200 OK
Length: 92194 (90K) [image/jpeg]
Saving to: ‘cdn.prod.website-files.com/6a44eec1ed1af2c4c403df68/6a44eec1ed1af2c4c403e2db_Frame.jpg’

     0K .......... .......... .......... .......... .......... 55% 4.72M 0s
    50K .......... .......... .......... ..........           100% 6.47M=0.02s

2026-09-12 19:18:17 (5.36 MB/s) - ‘cdn.prod.website-files.com/6a44eec1ed1af2c4c403df68/6a44eec1ed1af2c4c403e2db_Frame.jpg’ saved [92194/92194]

--2026-09-12 19:18:17--  https://cdn.prod.website-files.com/6a44eec1ed1af2c4c403df68/6a44eec1ed1af2c4c403e2db_Frame-p-500.jpg
Reusing existing connection to [cdn.prod.website-files.com]:443.
HTTP request sent, awaiting response... 200 OK
Length: 67807 (66K) [image/jpg]
Saving to: ‘cdn.prod.website-files.com/6a44eec1ed1af2c4c403df68/6a44eec1ed1af2c4c403e2db_Frame-p-500.jpg’

     0K .......... .......... .......... .......... .......... 75% 1.27M 0s
    50K .......... ......                                     100% 2.06M=0.05s

2026-09-12 19:18:17 (1.40 MB/s) - ‘cdn.prod.website-files.com/6a44eec1ed1af2c4c403df68/6a44eec1ed1af2c4c403e2db_Frame-p-500.jpg’ saved [67807/67807]

--2026-09-12 19:18:17--  https://cdn.prod.website-files.com/6a44eec1ed1af2c4c403df68/6a44eec1ed1af2c4c403e2b2_Frame-2.jpg
Reusing existing connection to [cdn.prod.website-files.com]:443.
HTTP request sent, awaiting response... 200 OK
Length: 70585 (69K) [image/jpeg]
Saving to: ‘cdn.prod.website-files.com/6a44eec1ed1af2c4c403df68/6a44eec1ed1af2c4c403e2b2_Frame-2.jpg’

     0K .......... .......... .......... .......... .......... 72%  318M 0s
    50K .......... ........                                   100% 16.8M=0.001s

2026-09-12 19:18:17 (53.7 MB/s) - ‘cdn.prod.website-files.com/6a44eec1ed1af2c4c403df68/6a44eec1ed1af2c4c403e2b2_Frame-2.jpg’ saved [70585/70585]

--2026-09-12 19:18:17--  https://cdn.prod.website-files.com/6a44eec1ed1af2c4c403df68/6a44eec1ed1af2c4c403e2b2_Frame-2-p-500.jpg
Reusing existing connection to [cdn.prod.website-files.com]:443.
HTTP request sent, awaiting response... 200 OK
Length: 53249 (52K) [image/jpg]
Saving to: ‘cdn.prod.website-files.com/6a44eec1ed1af2c4c403df68/6a44eec1ed1af2c4c403e2b2_Frame-2-p-500.jpg’

     0K .......... .......... .......... .......... .......... 96% 5.37M 0s
    50K ..                                                    100% 3.73T=0.009s

2026-09-12 19:18:17 (5.58 MB/s) - ‘cdn.prod.website-files.com/6a44eec1ed1af2c4c403df68/6a44eec1ed1af2c4c403e2b2_Frame-2-p-500.jpg’ saved [53249/53249]

--2026-09-12 19:18:17--  https://cdn.prod.website-files.com/6a44eec1ed1af2c4c403df68/6a44eec1ed1af2c4c403e2d8_Frame-3.jpg
Reusing existing connection to [cdn.prod.website-files.com]:443.
HTTP request sent, awaiting response... 200 OK
Length: 189945 (185K) [image/jpeg]
Saving to: ‘cdn.prod.website-files.com/6a44eec1ed1af2c4c403df68/6a44eec1ed1af2c4c403e2d8_Frame-3.jpg’

     0K .......... .......... .......... .......... .......... 26% 4.99M 0s
    50K .......... .......... .......... .......... .......... 53%  909K 0s
   100K .......... .......... .......... .......... .......... 80% 11.4M 0s
   150K .......... .......... .......... .....                100% 2.95M=0.08s

2026-09-12 19:18:17 (2.24 MB/s) - ‘cdn.prod.website-files.com/6a44eec1ed1af2c4c403df68/6a44eec1ed1af2c4c403e2d8_Frame-3.jpg’ saved [189945/189945]

--2026-09-12 19:18:17--  https://cdn.prod.website-files.com/6a44eec1ed1af2c4c403df68/6a44eec1ed1af2c4c403e2d8_Frame-3-p-500.jpg
Reusing existing connection to [cdn.prod.website-files.com]:443.
HTTP request sent, awaiting response... 200 OK
Length: 61200 (60K) [image/jpg]
Saving to: ‘cdn.prod.website-files.com/6a44eec1ed1af2c4c403df68/6a44eec1ed1af2c4c403e2d8_Frame-3-p-500.jpg’

     0K .......... .......... .......... .......... .......... 83% 1.46M 0s
    50K .........                                             100% 18.2T=0.03s

2026-09-12 19:18:17 (1.75 MB/s) - ‘cdn.prod.website-files.com/6a44eec1ed1af2c4c403df68/6a44eec1ed1af2c4c403e2d8_Frame-3-p-500.jpg’ saved [61200/61200]

--2026-09-12 19:18:17--  https://cdn.prod.website-files.com/6a44eec1ed1af2c4c403df68/6a44eec1ed1af2c4c403e2da_Frame-4.jpg
Reusing existing connection to [cdn.prod.website-files.com]:443.
HTTP request sent, awaiting response... 200 OK
Length: 78109 (76K) [image/jpeg]
Saving to: ‘cdn.prod.website-files.com/6a44eec1ed1af2c4c403df68/6a44eec1ed1af2c4c403e2da_Frame-4.jpg’

     0K .......... .......... .......... .......... .......... 65% 3.15M 0s
    50K .......... .......... ......                          100%  259M=0.02s

2026-09-12 19:18:17 (4.77 MB/s) - ‘cdn.prod.website-files.com/6a44eec1ed1af2c4c403df68/6a44eec1ed1af2c4c403e2da_Frame-4.jpg’ saved [78109/78109]

--2026-09-12 19:18:17--  https://cdn.prod.website-files.com/6a44eec1ed1af2c4c403df68/6a44eec1ed1af2c4c403e2da_Frame-4-p-500.jpg
Reusing existing connection to [cdn.prod.website-files.com]:443.
HTTP request sent, awaiting response... 200 OK
Length: 59374 (58K) [image/jpg]
Saving to: ‘cdn.prod.website-files.com/6a44eec1ed1af2c4c403df68/6a44eec1ed1af2c4c403e2da_Frame-4-p-500.jpg’

     0K .......... .......... .......... .......... .......... 86% 3.95M 0s
    50K .......                                               100%  208M=0.01s

2026-09-12 19:18:17 (4.56 MB/s) - ‘cdn.prod.website-files.com/6a44eec1ed1af2c4c403df68/6a44eec1ed1af2c4c403e2da_Frame-4-p-500.jpg’ saved [59374/59374]

--2026-09-12 19:18:17--  https://cdn.prod.website-files.com/6a44eec1ed1af2c4c403df68/6a44eec1ed1af2c4c403e2e2_Logo%3D1%2C%20State%3DColorful.png
Reusing existing connection to [cdn.prod.website-files.com]:443.
HTTP request sent, awaiting response... 200 OK
Length: 4275 (4.2K) [image/png]
Saving to: ‘cdn.prod.website-files.com/6a44eec1ed1af2c4c403df68/6a44eec1ed1af2c4c403e2e2_Logo=1, State=Colorful.png’

     0K ....                                                  100%  601M=0s

2026-09-12 19:18:17 (601 MB/s) - ‘cdn.prod.website-files.com/6a44eec1ed1af2c4c403df68/6a44eec1ed1af2c4c403e2e2_Logo=1, State=Colorful.png’ saved [4275/4275]

--2026-09-12 19:18:17--  https://cdn.prod.website-files.com/6a44eec1ed1af2c4c403df68/6a44eec1ed1af2c4c403e2f5_Logo%3D1%2C%20State%3DDefault.png
Reusing existing connection to [cdn.prod.website-files.com]:443.
HTTP request sent, awaiting response... 200 OK
Length: 4276 (4.2K) [image/png]
Saving to: ‘cdn.prod.website-files.com/6a44eec1ed1af2c4c403df68/6a44eec1ed1af2c4c403e2f5_Logo=1, State=Default.png’

     0K ....                                                  100%  129M=0s

2026-09-12 19:18:17 (129 MB/s) - ‘cdn.prod.website-files.com/6a44eec1ed1af2c4c403df68/6a44eec1ed1af2c4c403e2f5_Logo=1, State=Default.png’ saved [4276/4276]

--2026-09-12 19:18:17--  https://cdn.prod.website-files.com/6a44eec1ed1af2c4c403df68/6a44eec1ed1af2c4c403e2e5_Logo%3D2%2C%20State%3DColorful.png
Reusing existing connection to [cdn.prod.website-files.com]:443.
HTTP request sent, awaiting response... 200 OK
Length: 3191 (3.1K) [image/png]
Saving to: ‘cdn.prod.website-files.com/6a44eec1ed1af2c4c403df68/6a44eec1ed1af2c4c403e2e5_Logo=2, State=Colorful.png’

     0K ...                                                   100%  113M=0s

2026-09-12 19:18:17 (113 MB/s) - ‘cdn.prod.website-files.com/6a44eec1ed1af2c4c403df68/6a44eec1ed1af2c4c403e2e5_Logo=2, State=Colorful.png’ saved [3191/3191]

--2026-09-12 19:18:17--  https://cdn.prod.website-files.com/6a44eec1ed1af2c4c403df68/6a44eec1ed1af2c4c403e32f_Logo%3D2%2C%20State%3DDefault.png
Reusing existing connection to [cdn.prod.website-files.com]:443.
HTTP request sent, awaiting response... 200 OK
Length: 2974 (2.9K) [image/png]
Saving to: ‘cdn.prod.website-files.com/6a44eec1ed1af2c4c403df68/6a44eec1ed1af2c4c403e32f_Logo=2, State=Default.png’

     0K ..                                                    100%  116M=0s

2026-09-12 19:18:17 (116 MB/s) - ‘cdn.prod.website-files.com/6a44eec1ed1af2c4c403df68/6a44eec1ed1af2c4c403e32f_Logo=2, State=Default.png’ saved [2974/2974]

--2026-09-12 19:18:17--  https://cdn.prod.website-files.com/6a44eec1ed1af2c4c403df68/6a44eec1ed1af2c4c403e2e3_Logo%3D3%2C%20State%3DColorful.png
Reusing existing connection to [cdn.prod.website-files.com]:443.
HTTP request sent, awaiting response... 200 OK
Length: 6130 (6.0K) [image/png]
Saving to: ‘cdn.prod.website-files.com/6a44eec1ed1af2c4c403df68/6a44eec1ed1af2c4c403e2e3_Logo=3, State=Colorful.png’

     0K .....                                                 100%  174M=0s

2026-09-12 19:18:17 (174 MB/s) - ‘cdn.prod.website-files.com/6a44eec1ed1af2c4c403df68/6a44eec1ed1af2c4c403e2e3_Logo=3, State=Colorful.png’ saved [6130/6130]

--2026-09-12 19:18:17--  https://cdn.prod.website-files.com/6a44eec1ed1af2c4c403df68/6a44eec1ed1af2c4c403e2f4_Logo%3D3%2C%20State%3DDefault.png
Reusing existing connection to [cdn.prod.website-files.com]:443.
HTTP request sent, awaiting response... 200 OK
Length: 6101 (6.0K) [image/png]
Saving to: ‘cdn.prod.website-files.com/6a44eec1ed1af2c4c403df68/6a44eec1ed1af2c4c403e2f4_Logo=3, State=Default.png’

     0K .....                                                 100%  223M=0s

2026-09-12 19:18:17 (223 MB/s) - ‘cdn.prod.website-files.com/6a44eec1ed1af2c4c403df68/6a44eec1ed1af2c4c403e2f4_Logo=3, State=Default.png’ saved [6101/6101]

--2026-09-12 19:18:17--  https://cdn.prod.website-files.com/6a44eec1ed1af2c4c403df68/6a44eec1ed1af2c4c403e2e4_Logo%3D4%2C%20State%3DColorful.png
Reusing existing connection to [cdn.prod.website-files.com]:443.
HTTP request sent, awaiting response... 200 OK
Length: 2095 (2.0K) [image/png]
Saving to: ‘cdn.prod.website-files.com/6a44eec1ed1af2c4c403df68/6a44eec1ed1af2c4c403e2e4_Logo=4, State=Colorful.png’

     0K ..                                                    100% 88.7M=0s

2026-09-12 19:18:17 (88.7 MB/s) - ‘cdn.prod.website-files.com/6a44eec1ed1af2c4c403df68/6a44eec1ed1af2c4c403e2e4_Logo=4, State=Colorful.png’ saved [2095/2095]

--2026-09-12 19:18:17--  https://cdn.prod.website-files.com/6a44eec1ed1af2c4c403df68/6a44eec1ed1af2c4c403e341_Logo%3D4%2C%20State%3DDefault.png
Reusing existing connection to [cdn.prod.website-files.com]:443.
HTTP request sent, awaiting response... 200 OK
Length: 2116 (2.1K) [image/png]
Saving to: ‘cdn.prod.website-files.com/6a44eec1ed1af2c4c403df68/6a44eec1ed1af2c4c403e341_Logo=4, State=Default.png’

     0K ..                                                    100% 80.6M=0s

2026-09-12 19:18:17 (80.6 MB/s) - ‘cdn.prod.website-files.com/6a44eec1ed1af2c4c403df68/6a44eec1ed1af2c4c403e341_Logo=4, State=Default.png’ saved [2116/2116]

--2026-09-12 19:18:17--  https://cdn.prod.website-files.com/6a44eec1ed1af2c4c403df68/6a44eec1ed1af2c4c403e2f1_Logo%3D5%2C%20State%3DColorful.png
Reusing existing connection to [cdn.prod.website-files.com]:443.
HTTP request sent, awaiting response... 200 OK
Length: 2564 (2.5K) [image/png]
Saving to: ‘cdn.prod.website-files.com/6a44eec1ed1af2c4c403df68/6a44eec1ed1af2c4c403e2f1_Logo=5, State=Colorful.png’

     0K ..                                                    100% 99.6M=0s

2026-09-12 19:18:17 (99.6 MB/s) - ‘cdn.prod.website-files.com/6a44eec1ed1af2c4c403df68/6a44eec1ed1af2c4c403e2f1_Logo=5, State=Colorful.png’ saved [2564/2564]

--2026-09-12 19:18:17--  https://cdn.prod.website-files.com/6a44eec1ed1af2c4c403df68/6a44eec1ed1af2c4c403e32e_Logo%3D5%2C%20State%3DDefault.png
Reusing existing connection to [cdn.prod.website-files.com]:443.
HTTP request sent, awaiting response... 200 OK
Length: 2342 (2.3K) [image/png]
Saving to: ‘cdn.prod.website-files.com/6a44eec1ed1af2c4c403df68/6a44eec1ed1af2c4c403e32e_Logo=5, State=Default.png’

     0K ..                                                    100% 34.6M=0s

2026-09-12 19:18:17 (34.6 MB/s) - ‘cdn.prod.website-files.com/6a44eec1ed1af2c4c403df68/6a44eec1ed1af2c4c403e32e_Logo=5, State=Default.png’ saved [2342/2342]

--2026-09-12 19:18:17--  https://cdn.prod.website-files.com/6a44eec1ed1af2c4c403df68/6a44eec1ed1af2c4c403e2f3_Logo%3D6%2C%20State%3DColorful.png
Reusing existing connection to [cdn.prod.website-files.com]:443.
HTTP request sent, awaiting response... 200 OK
Length: 3893 (3.8K) [image/png]
Saving to: ‘cdn.prod.website-files.com/6a44eec1ed1af2c4c403df68/6a44eec1ed1af2c4c403e2f3_Logo=6, State=Colorful.png’

     0K ...                                                   100%  145M=0s

2026-09-12 19:18:17 (145 MB/s) - ‘cdn.prod.website-files.com/6a44eec1ed1af2c4c403df68/6a44eec1ed1af2c4c403e2f3_Logo=6, State=Colorful.png’ saved [3893/3893]

--2026-09-12 19:18:17--  https://cdn.prod.website-files.com/6a44eec1ed1af2c4c403df68/6a44eec1ed1af2c4c403e2f6_Logo%3D6%2C%20State%3DDefault.png
Reusing existing connection to [cdn.prod.website-files.com]:443.
HTTP request sent, awaiting response... 200 OK
Length: 3459 (3.4K) [image/png]
Saving to: ‘cdn.prod.website-files.com/6a44eec1ed1af2c4c403df68/6a44eec1ed1af2c4c403e2f6_Logo=6, State=Default.png’

     0K ...                                                   100%  130M=0s

2026-09-12 19:18:17 (130 MB/s) - ‘cdn.prod.website-files.com/6a44eec1ed1af2c4c403df68/6a44eec1ed1af2c4c403e2f6_Logo=6, State=Default.png’ saved [3459/3459]

--2026-09-12 19:18:17--  https://cdn.prod.website-files.com/6a44eec1ed1af2c4c403df68/6a44eec1ed1af2c4c403e2f2_Logo%3D7%2C%20State%3DColorful.png
Reusing existing connection to [cdn.prod.website-files.com]:443.
HTTP request sent, awaiting response... 200 OK
Length: 2586 (2.5K) [image/png]
Saving to: ‘cdn.prod.website-files.com/6a44eec1ed1af2c4c403df68/6a44eec1ed1af2c4c403e2f2_Logo=7, State=Colorful.png’

     0K ..                                                    100% 96.5M=0s

2026-09-12 19:18:17 (96.5 MB/s) - ‘cdn.prod.website-files.com/6a44eec1ed1af2c4c403df68/6a44eec1ed1af2c4c403e2f2_Logo=7, State=Colorful.png’ saved [2586/2586]

--2026-09-12 19:18:17--  https://cdn.prod.website-files.com/6a44eec1ed1af2c4c403df68/6a44eec1ed1af2c4c403e31b_Logo%3D7%2C%20State%3DDefault.png
Reusing existing connection to [cdn.prod.website-files.com]:443.
HTTP request sent, awaiting response... 200 OK
Length: 2381 (2.3K) [image/png]
Saving to: ‘cdn.prod.website-files.com/6a44eec1ed1af2c4c403df68/6a44eec1ed1af2c4c403e31b_Logo=7, State=Default.png’

     0K ..                                                    100% 81.1M=0s

2026-09-12 19:18:17 (81.1 MB/s) - ‘cdn.prod.website-files.com/6a44eec1ed1af2c4c403df68/6a44eec1ed1af2c4c403e31b_Logo=7, State=Default.png’ saved [2381/2381]

--2026-09-12 19:18:17--  https://cdn.prod.website-files.com/6a44eec1ed1af2c4c403df68/6a44eec1ed1af2c4c403e308_Logo%3D8%2C%20State%3DColorful.png
Reusing existing connection to [cdn.prod.website-files.com]:443.
HTTP request sent, awaiting response... 200 OK
Length: 3633 (3.5K) [image/png]
Saving to: ‘cdn.prod.website-files.com/6a44eec1ed1af2c4c403df68/6a44eec1ed1af2c4c403e308_Logo=8, State=Colorful.png’

     0K ...                                                   100% 77.1M=0s

2026-09-12 19:18:17 (77.1 MB/s) - ‘cdn.prod.website-files.com/6a44eec1ed1af2c4c403df68/6a44eec1ed1af2c4c403e308_Logo=8, State=Colorful.png’ saved [3633/3633]

--2026-09-12 19:18:17--  https://cdn.prod.website-files.com/6a44eec1ed1af2c4c403df68/6a44eec1ed1af2c4c403e31c_Logo%3D8%2C%20State%3DDefault.png
Reusing existing connection to [cdn.prod.website-files.com]:443.
HTTP request sent, awaiting response... 200 OK
Length: 3415 (3.3K) [image/png]
Saving to: ‘cdn.prod.website-files.com/6a44eec1ed1af2c4c403df68/6a44eec1ed1af2c4c403e31c_Logo=8, State=Default.png’

     0K ...                                                   100%  107M=0s

2026-09-12 19:18:17 (107 MB/s) - ‘cdn.prod.website-files.com/6a44eec1ed1af2c4c403df68/6a44eec1ed1af2c4c403e31c_Logo=8, State=Default.png’ saved [3415/3415]

--2026-09-12 19:18:17--  https://cdn.prod.website-files.com/6a44eec1ed1af2c4c403df68/6a44eec1ed1af2c4c403e31a_Logo%3D9%2C%20State%3DColorful.png
Reusing existing connection to [cdn.prod.website-files.com]:443.
HTTP request sent, awaiting response... 200 OK
Length: 2296 (2.2K) [image/png]
Saving to: ‘cdn.prod.website-files.com/6a44eec1ed1af2c4c403df68/6a44eec1ed1af2c4c403e31a_Logo=9, State=Colorful.png’

     0K ..                                                    100%  177K=0.01s

2026-09-12 19:18:17 (177 KB/s) - ‘cdn.prod.website-files.com/6a44eec1ed1af2c4c403df68/6a44eec1ed1af2c4c403e31a_Logo=9, State=Colorful.png’ saved [2296/2296]

--2026-09-12 19:18:17--  https://cdn.prod.website-files.com/6a44eec1ed1af2c4c403df68/6a44eec1ed1af2c4c403e342_Logo%3D9%2C%20State%3DDefault.png
Reusing existing connection to [cdn.prod.website-files.com]:443.
HTTP request sent, awaiting response... 200 OK
Length: 2296 (2.2K) [image/png]
Saving to: ‘cdn.prod.website-files.com/6a44eec1ed1af2c4c403df68/6a44eec1ed1af2c4c403e342_Logo=9, State=Default.png’

     0K ..                                                    100% 68.7M=0s

2026-09-12 19:18:17 (68.7 MB/s) - ‘cdn.prod.website-files.com/6a44eec1ed1af2c4c403df68/6a44eec1ed1af2c4c403e342_Logo=9, State=Default.png’ saved [2296/2296]

--2026-09-12 19:18:17--  https://unitedcarriers.com/insights/phoenix-and-united-carriers-continue-partnership-into-nbl27
Connecting to unitedcarriers.com (unitedcarriers.com)|198.202.211.1|:443... connected.
HTTP request sent, awaiting response... 200 OK
Length: unspecified [text/html]
Saving to: ‘unitedcarriers.com/insights/phoenix-and-united-carriers-continue-partnership-into-nbl27.html’

     0K .......... .......... .......... .......... .......... 1.70M
    50K .......... .......... .......... .......... ..........  313M
   100K .......... .......... .......... .......... .......... 4.24M
   150K .......... .......... .......... .......... .......... 3.54M
   200K .......... .......... .......... .......... ..........  359M
   250K .......... ..........                                  2.73M=0.06s

2026-09-12 19:18:18 (4.28 MB/s) - ‘unitedcarriers.com/insights/phoenix-and-united-carriers-continue-partnership-into-nbl27.html’ saved [276603]

--2026-09-12 19:18:18--  https://cdn.prod.website-files.com/6a44eec1ed1af2c4c403df68/6a8ce54c6284d6d867fa1c53_SEMP%202026.jpeg
Connecting to cdn.prod.website-files.com (cdn.prod.website-files.com)|2606:4700::6812:a175|:443... connected.
HTTP request sent, awaiting response... 200 OK
Length: 103332 (101K) [image/jpeg]
Saving to: ‘cdn.prod.website-files.com/6a44eec1ed1af2c4c403df68/6a8ce54c6284d6d867fa1c53_SEMP 2026.jpeg’

     0K .......... .......... .......... .......... .......... 49% 1.76M 0s
    50K .......... .......... .......... .......... .......... 99% 21.7M 0s
   100K                                                       100% 1.70T=0.03s

2026-09-12 19:18:18 (3.28 MB/s) - ‘cdn.prod.website-files.com/6a44eec1ed1af2c4c403df68/6a8ce54c6284d6d867fa1c53_SEMP 2026.jpeg’ saved [103332/103332]

--2026-09-12 19:18:18--  https://cdn.prod.website-files.com/6a44eec1ed1af2c4c403df68/6a8ce54c6284d6d867fa1c53_SEMP%202026-p-500.jpeg
Reusing existing connection to [cdn.prod.website-files.com]:443.
HTTP request sent, awaiting response... 200 OK
Length: 27293 (27K) [image/jpeg]
Saving to: ‘cdn.prod.website-files.com/6a44eec1ed1af2c4c403df68/6a8ce54c6284d6d867fa1c53_SEMP 2026-p-500.jpeg’

     0K .......... .......... ......                          100% 13.6M=0.002s

2026-09-12 19:18:18 (13.6 MB/s) - ‘cdn.prod.website-files.com/6a44eec1ed1af2c4c403df68/6a8ce54c6284d6d867fa1c53_SEMP 2026-p-500.jpeg’ saved [27293/27293]

--2026-09-12 19:18:18--  https://cdn.prod.website-files.com/6a44eec1ed1af2c4c403df68/6a8ce54c6284d6d867fa1c53_SEMP%202026-p-800.jpeg
Reusing existing connection to [cdn.prod.website-files.com]:443.
HTTP request sent, awaiting response... 200 OK
Length: 64911 (63K) [image/jpeg]
Saving to: ‘cdn.prod.website-files.com/6a44eec1ed1af2c4c403df68/6a8ce54c6284d6d867fa1c53_SEMP 2026-p-800.jpeg’

     0K .......... .......... .......... .......... .......... 78% 26.3M 0s
    50K .......... ...                                        100%  251M=0.002s

2026-09-12 19:18:18 (32.4 MB/s) - ‘cdn.prod.website-files.com/6a44eec1ed1af2c4c403df68/6a8ce54c6284d6d867fa1c53_SEMP 2026-p-800.jpeg’ saved [64911/64911]

--2026-09-12 19:18:18--  https://unitedcarriers.com/insights/corporate-visions-logistics-warehouse-and-supply-chain-awards
Connecting to unitedcarriers.com (unitedcarriers.com)|198.202.211.1|:443... connected.
HTTP request sent, awaiting response... 200 OK
Length: unspecified [text/html]
Saving to: ‘unitedcarriers.com/insights/corporate-visions-logistics-warehouse-and-supply-chain-awards.html’

     0K .......... .......... .......... .......... .......... 1.77M
    50K .......... .......... .......... .......... .......... 4.63M
   100K .......... .......... .......... .......... ..........  474K
   150K .......... .......... .......... .......... .......... 9.01M
   200K .......... .......... .......... .......... .......... 3.78M
   250K .......... ..........                                  51.0M=0.2s

2026-09-12 19:18:20 (1.63 MB/s) - ‘unitedcarriers.com/insights/corporate-visions-logistics-warehouse-and-supply-chain-awards.html’ saved [277217]

--2026-09-12 19:18:20--  https://cdn.prod.website-files.com/6a44eec1ed1af2c4c403df68/6a8ce2d6512f7759df22abfb_CV.jpg
Connecting to cdn.prod.website-files.com (cdn.prod.website-files.com)|2606:4700::6812:a175|:443... connected.
HTTP request sent, awaiting response... 200 OK
Length: 59356 (58K) [image/jpeg]
Saving to: ‘cdn.prod.website-files.com/6a44eec1ed1af2c4c403df68/6a8ce2d6512f7759df22abfb_CV.jpg’

     0K .......... .......... .......... .......... .......... 86% 2.47M 0s
    50K .......                                               100% 5.29M=0.02s

2026-09-12 19:18:21 (2.66 MB/s) - ‘cdn.prod.website-files.com/6a44eec1ed1af2c4c403df68/6a8ce2d6512f7759df22abfb_CV.jpg’ saved [59356/59356]

--2026-09-12 19:18:21--  https://cdn.prod.website-files.com/6a44eec1ed1af2c4c403df68/6a8ce2d6512f7759df22abfb_CV-p-500.jpg
Reusing existing connection to [cdn.prod.website-files.com]:443.
HTTP request sent, awaiting response... 200 OK
Length: 35638 (35K) [image/jpg]
Saving to: ‘cdn.prod.website-files.com/6a44eec1ed1af2c4c403df68/6a8ce2d6512f7759df22abfb_CV-p-500.jpg’

     0K .......... .......... .......... ....                 100% 12.2M=0.003s

2026-09-12 19:18:21 (12.2 MB/s) - ‘cdn.prod.website-files.com/6a44eec1ed1af2c4c403df68/6a8ce2d6512f7759df22abfb_CV-p-500.jpg’ saved [35638/35638]

--2026-09-12 19:18:21--  https://cdn.prod.website-files.com/6a44eec1ed1af2c4c403df68/6a8c03ce3893a257dadd41ed_Image%20preview%20(1).webp
Reusing existing connection to [cdn.prod.website-files.com]:443.
HTTP request sent, awaiting response... 200 OK
Length: 35816 (35K) [image/webp]
Saving to: ‘cdn.prod.website-files.com/6a44eec1ed1af2c4c403df68/6a8c03ce3893a257dadd41ed_Image preview (1).webp’

     0K .......... .......... .......... ....                 100%  332K=0.1s

2026-09-12 19:18:21 (332 KB/s) - ‘cdn.prod.website-files.com/6a44eec1ed1af2c4c403df68/6a8c03ce3893a257dadd41ed_Image preview (1).webp’ saved [35816/35816]

--2026-09-12 19:18:21--  https://cdn.prod.website-files.com/6a44eec1ed1af2c4c403df68/6a8c03ce3893a257dadd41ed_Image%20preview%20(1)-p-500.webp
Reusing existing connection to [cdn.prod.website-files.com]:443.
HTTP request sent, awaiting response... 200 OK
Length: 26860 (26K) [image/webp]
Saving to: ‘cdn.prod.website-files.com/6a44eec1ed1af2c4c403df68/6a8c03ce3893a257dadd41ed_Image preview (1)-p-500.webp’

     0K .......... .......... ......                          100% 12.9M=0.002s

2026-09-12 19:18:21 (12.9 MB/s) - ‘cdn.prod.website-files.com/6a44eec1ed1af2c4c403df68/6a8c03ce3893a257dadd41ed_Image preview (1)-p-500.webp’ saved [26860/26860]

--2026-09-12 19:18:21--  https://unitedcarriers.com/insights/united-carriers-wins-fwa-of-the-day
Connecting to unitedcarriers.com (unitedcarriers.com)|198.202.211.1|:443... connected.
HTTP request sent, awaiting response... 200 OK
Length: unspecified [text/html]
Saving to: ‘unitedcarriers.com/insights/united-carriers-wins-fwa-of-the-day.html’

     0K .......... .......... .......... .......... .......... 2.50M
    50K .......... .......... .......... .......... .......... 4.28M
   100K .......... .......... .......... .......... .......... 5.75M
   150K .......... .......... .......... .......... .......... 2.64M
   200K .......... .......... .......... .......... ..........  379M
   250K .......... ..........                                  2.03M=0.07s

2026-09-12 19:18:25 (3.89 MB/s) - ‘unitedcarriers.com/insights/united-carriers-wins-fwa-of-the-day.html’ saved [276792]

--2026-09-12 19:18:25--  https://cdn.prod.website-files.com/6a44eec1ed1af2c4c403df68/6a8c09d48505e9c8f0ed495d_Image%20preview%20(1).jpg
Connecting to cdn.prod.website-files.com (cdn.prod.website-files.com)|2606:4700::6812:a175|:443... connected.
HTTP request sent, awaiting response... 200 OK
Length: 25400 (25K) [image/jpeg]
Saving to: ‘cdn.prod.website-files.com/6a44eec1ed1af2c4c403df68/6a8c09d48505e9c8f0ed495d_Image preview (1).jpg’

     0K .......... .......... ....                            100% 2.43M=0.01s

2026-09-12 19:18:25 (2.43 MB/s) - ‘cdn.prod.website-files.com/6a44eec1ed1af2c4c403df68/6a8c09d48505e9c8f0ed495d_Image preview (1).jpg’ saved [25400/25400]

--2026-09-12 19:18:25--  https://unitedcarriers.com/insights/united-carriers-apac-recognised-in-afr-fast-starters
Connecting to unitedcarriers.com (unitedcarriers.com)|198.202.211.1|:443... connected.
HTTP request sent, awaiting response... 200 OK
Length: unspecified [text/html]
Saving to: ‘unitedcarriers.com/insights/united-carriers-apac-recognised-in-afr-fast-starters.html’

     0K .......... .......... .......... .......... .......... 2.51M
    50K .......... .......... .......... .......... .......... 2.49M
   100K .......... .......... .......... .......... ..........  310M
   150K .......... .......... .......... .......... .......... 17.5M
   200K .......... .......... .......... .......... .......... 5.49M
   250K .......... ..........                                  6.37M=0.05s

2026-09-12 19:18:27 (4.89 MB/s) - ‘unitedcarriers.com/insights/united-carriers-apac-recognised-in-afr-fast-starters.html’ saved [276810]

--2026-09-12 19:18:27--  https://cdn.prod.website-files.com/6a44eec1ed1af2c4c403df68/6a7aee48a3d101226f4b16ee_Fast21%20MediaKit%20Starter%20200.gif
Connecting to cdn.prod.website-files.com (cdn.prod.website-files.com)|2606:4700::6812:a175|:443... connected.
HTTP request sent, awaiting response... 200 OK
Length: 60449 (59K) [image/gif]
Saving to: ‘cdn.prod.website-files.com/6a44eec1ed1af2c4c403df68/6a7aee48a3d101226f4b16ee_Fast21 MediaKit Starter 200.gif’

     0K .......... .......... .......... .......... .......... 84% 2.70M 0s
    50K .........                                             100% 4.53M=0.02s

2026-09-12 19:18:27 (2.87 MB/s) - ‘cdn.prod.website-files.com/6a44eec1ed1af2c4c403df68/6a7aee48a3d101226f4b16ee_Fast21 MediaKit Starter 200.gif’ saved [60449/60449]

--2026-09-12 19:18:27--  https://unitedcarriers.com/insights/confidential-national-infrastructure-manufacturer
Connecting to unitedcarriers.com (unitedcarriers.com)|198.202.211.1|:443... connected.
HTTP request sent, awaiting response... 200 OK
Length: unspecified [text/html]
Saving to: ‘unitedcarriers.com/insights/confidential-national-infrastructure-manufacturer.html’

     0K .......... .......... .......... .......... .......... 2.28M
    50K .......... .......... .......... .......... .......... 4.36M
   100K .......... .......... .......... .......... .......... 10.5M
   150K .......... .......... .......... .......... .......... 4.69M
   200K .......... .......... .......... .......... .......... 14.6M
   250K .......... .......... .                                 694M=0.05s

2026-09-12 19:18:30 (5.19 MB/s) - ‘unitedcarriers.com/insights/confidential-national-infrastructure-manufacturer.html’ saved [277788]

--2026-09-12 19:18:30--  https://cdn.prod.website-files.com/6a44eec1ed1af2c4c403df68/6a84408460c0db02cb64e5f4_confidential%20image.jpg
Connecting to cdn.prod.website-files.com (cdn.prod.website-files.com)|2606:4700::6812:a175|:443... connected.
HTTP request sent, awaiting response... 200 OK
Length: 222343 (217K) [image/jpeg]
Saving to: ‘cdn.prod.website-files.com/6a44eec1ed1af2c4c403df68/6a84408460c0db02cb64e5f4_confidential image.jpg’

     0K .......... .......... .......... .......... .......... 23% 2.72M 0s
    50K .......... .......... .......... .......... .......... 46% 4.46M 0s
   100K .......... .......... .......... .......... .......... 69% 5.74M 0s
   150K .......... .......... .......... .......... .......... 92% 8.18M 0s
   200K .......... .......                                    100% 5.41M=0.05s

2026-09-12 19:18:32 (4.56 MB/s) - ‘cdn.prod.website-files.com/6a44eec1ed1af2c4c403df68/6a84408460c0db02cb64e5f4_confidential image.jpg’ saved [222343/222343]

--2026-09-12 19:18:32--  https://cdn.prod.website-files.com/6a44eec1ed1af2c4c403df68/6a84408460c0db02cb64e5f4_confidential%20image-p-500.jpg
Reusing existing connection to [cdn.prod.website-files.com]:443.
HTTP request sent, awaiting response... 200 OK
Length: 23642 (23K) [image/jpg]
Saving to: ‘cdn.prod.website-files.com/6a44eec1ed1af2c4c403df68/6a84408460c0db02cb64e5f4_confidential image-p-500.jpg’

     0K .......... .......... ...                             100%  299M=0s

2026-09-12 19:18:32 (299 MB/s) - ‘cdn.prod.website-files.com/6a44eec1ed1af2c4c403df68/6a84408460c0db02cb64e5f4_confidential image-p-500.jpg’ saved [23642/23642]

--2026-09-12 19:18:32--  https://cdn.prod.website-files.com/6a44eec1ed1af2c4c403df68/6a84408460c0db02cb64e5f4_confidential%20image-p-800.jpg
Reusing existing connection to [cdn.prod.website-files.com]:443.
HTTP request sent, awaiting response... 200 OK
Length: 47785 (47K) [image/jpg]
Saving to: ‘cdn.prod.website-files.com/6a44eec1ed1af2c4c403df68/6a84408460c0db02cb64e5f4_confidential image-p-800.jpg’

     0K .......... .......... .......... .......... ......    100% 4.49M=0.01s

2026-09-12 19:18:32 (4.49 MB/s) - ‘cdn.prod.website-files.com/6a44eec1ed1af2c4c403df68/6a84408460c0db02cb64e5f4_confidential image-p-800.jpg’ saved [47785/47785]

--2026-09-12 19:18:32--  https://cdn.prod.website-files.com/6a44eec1ed1af2c4c403df68/6a84408460c0db02cb64e5f4_confidential%20image-p-1080.jpg
Reusing existing connection to [cdn.prod.website-files.com]:443.
HTTP request sent, awaiting response... 200 OK
Length: 73784 (72K) [image/jpg]
Saving to: ‘cdn.prod.website-files.com/6a44eec1ed1af2c4c403df68/6a84408460c0db02cb64e5f4_confidential image-p-1080.jpg’

     0K .......... .......... .......... .......... .......... 69% 25.7M 0s
    50K .......... .......... ..                              100% 2.83M=0.009s

2026-09-12 19:18:32 (7.41 MB/s) - ‘cdn.prod.website-files.com/6a44eec1ed1af2c4c403df68/6a84408460c0db02cb64e5f4_confidential image-p-1080.jpg’ saved [73784/73784]

--2026-09-12 19:18:32--  https://cdn.prod.website-files.com/6a44eec1ed1af2c4c403df68/6a84408460c0db02cb64e5f4_confidential%20image-p-1600.jpg
Reusing existing connection to [cdn.prod.website-files.com]:443.
HTTP request sent, awaiting response... 200 OK
Length: 126261 (123K) [image/jpg]
Saving to: ‘cdn.prod.website-files.com/6a44eec1ed1af2c4c403df68/6a84408460c0db02cb64e5f4_confidential image-p-1600.jpg’

     0K .......... .......... .......... .......... .......... 40% 25.7M 0s
    50K .......... .......... .......... .......... .......... 81% 8.82M 0s
   100K .......... .......... ...                             100% 1.42M=0.02s

2026-09-12 19:18:32 (5.12 MB/s) - ‘cdn.prod.website-files.com/6a44eec1ed1af2c4c403df68/6a84408460c0db02cb64e5f4_confidential image-p-1600.jpg’ saved [126261/126261]

--2026-09-12 19:18:32--  https://cdn.prod.website-files.com/6a44eec1ed1af2c4c403df68/6a84408460c0db02cb64e5f4_confidential%20image-p-2000.jpg
Reusing existing connection to [cdn.prod.website-files.com]:443.
HTTP request sent, awaiting response... 200 OK
Length: 170127 (166K) [image/jpg]
Saving to: ‘cdn.prod.website-files.com/6a44eec1ed1af2c4c403df68/6a84408460c0db02cb64e5f4_confidential image-p-2000.jpg’

     0K .......... .......... .......... .......... .......... 30% 7.16M 0s
    50K .......... .......... .......... .......... .......... 60% 7.82M 0s
   100K .......... .......... .......... .......... .......... 90% 6.14M 0s
   150K .......... ......                                     100% 11.7M=0.02s

2026-09-12 19:18:32 (7.26 MB/s) - ‘cdn.prod.website-files.com/6a44eec1ed1af2c4c403df68/6a84408460c0db02cb64e5f4_confidential image-p-2000.jpg’ saved [170127/170127]

--2026-09-12 19:18:32--  https://unitedcarriers.com/insights/time-critical-oversized-sewer-tank-delivery-to-residential-estate-development
Connecting to unitedcarriers.com (unitedcarriers.com)|198.202.211.1|:443... connected.
HTTP request sent, awaiting response... 200 OK
Length: unspecified [text/html]
Saving to: ‘unitedcarriers.com/insights/time-critical-oversized-sewer-tank-delivery-to-residential-estate-development.html’

     0K .......... .......... .......... .......... .......... 1.39M
    50K .......... .......... .......... .......... .......... 9.43M
   100K .......... .......... .......... .......... .......... 4.53M
   150K .......... .......... .......... .......... .......... 7.94M
   200K .......... .......... .......... .......... .......... 12.9M
   250K .......... .......... .                                19.4M=0.06s

2026-09-12 19:18:34 (4.28 MB/s) - ‘unitedcarriers.com/insights/time-critical-oversized-sewer-tank-delivery-to-residential-estate-development.html’ saved [278140]

--2026-09-12 19:18:34--  https://cdn.prod.website-files.com/6a44eec1ed1af2c4c403df68/6a4f910a85bf06aec4a36f5a_Thumb%2012.png
Connecting to cdn.prod.website-files.com (cdn.prod.website-files.com)|2606:4700::6812:a175|:443... connected.
HTTP request sent, awaiting response... 200 OK
Length: 148807 (145K) [image/png]
Saving to: ‘cdn.prod.website-files.com/6a44eec1ed1af2c4c403df68/6a4f910a85bf06aec4a36f5a_Thumb 12.png’

     0K .......... .......... .......... .......... .......... 34% 2.80M 0s
    50K .......... .......... .......... .......... .......... 68% 3.01M 0s
   100K .......... .......... .......... .......... .....     100%  360M=0.03s

2026-09-12 19:18:34 (4.20 MB/s) - ‘cdn.prod.website-files.com/6a44eec1ed1af2c4c403df68/6a4f910a85bf06aec4a36f5a_Thumb 12.png’ saved [148807/148807]

--2026-09-12 19:18:34--  https://cdn.prod.website-files.com/6a44eec1ed1af2c4c403df68/6a4f914cab918c09aa338ac2_Thumb%2013.png
Reusing existing connection to [cdn.prod.website-files.com]:443.
HTTP request sent, awaiting response... 200 OK
Length: 191140 (187K) [image/png]
Saving to: ‘cdn.prod.website-files.com/6a44eec1ed1af2c4c403df68/6a4f914cab918c09aa338ac2_Thumb 13.png’

     0K .......... .......... .......... .......... .......... 26% 4.09M 0s
    50K .......... .......... .......... .......... .......... 53% 2.44M 0s
   100K .......... .......... .......... .......... .......... 80% 13.5M 0s
   150K .......... .......... .......... ......               100% 34.4M=0.04s

2026-09-12 19:18:34 (4.98 MB/s) - ‘cdn.prod.website-files.com/6a44eec1ed1af2c4c403df68/6a4f914cab918c09aa338ac2_Thumb 13.png’ saved [191140/191140]

--2026-09-12 19:18:34--  https://cdn.prod.website-files.com/6a44eec1ed1af2c4c403df68/6a4f918ed9a22ebea13b26f7_Thumb%2011.png
Reusing existing connection to [cdn.prod.website-files.com]:443.
HTTP request sent, awaiting response... 200 OK
Length: 163027 (159K) [image/png]
Saving to: ‘cdn.prod.website-files.com/6a44eec1ed1af2c4c403df68/6a4f918ed9a22ebea13b26f7_Thumb 11.png’

     0K .......... .......... .......... .......... .......... 31% 5.60M 0s
    50K .......... .......... .......... .......... .......... 62% 1.86M 0s
   100K .......... .......... .......... .......... .......... 94% 1.31M 0s
   150K .........                                             100% 17.1T=0.07s

2026-09-12 19:18:35 (2.15 MB/s) - ‘cdn.prod.website-files.com/6a44eec1ed1af2c4c403df68/6a4f918ed9a22ebea13b26f7_Thumb 11.png’ saved [163027/163027]

--2026-09-12 19:18:35--  https://unitedcarriers.com/insights/2-million-people-evacuated-as-typhoon-makes-landfall-in-china
Connecting to unitedcarriers.com (unitedcarriers.com)|198.202.211.1|:443... connected.
HTTP request sent, awaiting response... 200 OK
Length: unspecified [text/html]
Saving to: ‘unitedcarriers.com/insights/2-million-people-evacuated-as-typhoon-makes-landfall-in-china.html’

     0K .......... .......... .......... .......... .......... 2.53M
    50K .......... .......... .......... .......... .......... 5.07M
   100K .......... .......... .......... .......... .......... 3.43M
   150K .......... .......... .......... .......... .......... 24.2M
   200K .......... .......... .......... .......... .......... 1.83M
   250K .......... .......... .                                 363M=0.07s

2026-09-12 19:18:35 (3.68 MB/s) - ‘unitedcarriers.com/insights/2-million-people-evacuated-as-typhoon-makes-landfall-in-china.html’ saved [277597]

--2026-09-12 19:18:35--  https://unitedcarriers.com/insights/a-new-era-for-shippers-with-blanked-sailings-now-a-fact-of-life
Reusing existing connection to unitedcarriers.com:443.
HTTP request sent, awaiting response... 200 OK
Length: unspecified [text/html]
Saving to: ‘unitedcarriers.com/insights/a-new-era-for-shippers-with-blanked-sailings-now-a-fact-of-life.html’

     0K .......... .......... .......... .......... .......... 45.9M
    50K .......... .......... .......... .......... .......... 2.05M
   100K .......... .......... .......... .......... ..........  516M
   150K .......... .......... .......... .......... ..........  685M
   200K .......... .......... .......... .......... .......... 4.10M
   250K .......... .......... .                                95.7K=0.3s

2026-09-12 19:18:37 (1.01 MB/s) - ‘unitedcarriers.com/insights/a-new-era-for-shippers-with-blanked-sailings-now-a-fact-of-life.html’ saved [278105]

--2026-09-12 19:18:37--  https://unitedcarriers.com/insights/global-shipping-rates-soar-as-retailers-race-to-beat-looming-tariffs
Reusing existing connection to unitedcarriers.com:443.
HTTP request sent, awaiting response... 200 OK
Length: unspecified [text/html]
Saving to: ‘unitedcarriers.com/insights/global-shipping-rates-soar-as-retailers-race-to-beat-looming-tariffs.html’

     0K .......... .......... .......... .......... .......... 5.94M
    50K .......... .......... .......... .......... .......... 25.5M
   100K .......... .......... .......... .......... .......... 12.2M
   150K .......... .......... .......... .......... .......... 23.8M
   200K .......... .......... .......... .......... .......... 1.89M
   250K .......... ..........                                  15.1M=0.04s

2026-09-12 19:18:40 (6.10 MB/s) - ‘unitedcarriers.com/insights/global-shipping-rates-soar-as-retailers-race-to-beat-looming-tariffs.html’ saved [277381]

--2026-09-12 19:18:40--  https://unitedcarriers.com/insights/world-container-index---16-july-2026
Reusing existing connection to unitedcarriers.com:443.
HTTP request sent, awaiting response... 200 OK
Length: unspecified [text/html]
Saving to: ‘unitedcarriers.com/insights/world-container-index---16-july-2026.html’

     0K .......... .......... .......... .......... .......... 17.4M
    50K .......... .......... .......... .......... .......... 9.99M
   100K .......... .......... .......... .......... .......... 12.3M
   150K .......... .......... .......... .......... .......... 3.23M
   200K .......... .......... .......... .......... .......... 6.91M
   250K .......... .......... .                                1.24M=0.05s

2026-09-12 19:18:42 (5.24 MB/s) - ‘unitedcarriers.com/insights/world-container-index---16-july-2026.html’ saved [277700]

--2026-09-12 19:18:42--  https://unitedcarriers.com/insights/the-panama-canal-is-growing-more-important
Reusing existing connection to unitedcarriers.com:443.
HTTP request sent, awaiting response... 200 OK
Length: unspecified [text/html]
Saving to: ‘unitedcarriers.com/insights/the-panama-canal-is-growing-more-important.html’

     0K .......... .......... .......... .......... .......... 1.45M
    50K .......... .......... .......... .......... ..........  547M
   100K .......... .......... .......... .......... ..........  593M
   150K .......... .......... .......... .......... .......... 4.37M
   200K .......... .......... .......... .......... .......... 12.1M
   250K .......... ..........                                  5.22M=0.05s

2026-09-12 19:18:44 (5.00 MB/s) - ‘unitedcarriers.com/insights/the-panama-canal-is-growing-more-important.html’ saved [277465]

--2026-09-12 19:18:44--  https://unitedcarriers.com/insights/us-announces-new-tariffs-on-more-than-60-trading-partners
Reusing existing connection to unitedcarriers.com:443.
HTTP request sent, awaiting response... 200 OK
Length: unspecified [text/html]
Saving to: ‘unitedcarriers.com/insights/us-announces-new-tariffs-on-more-than-60-trading-partners.html’

     0K .......... .......... .......... .......... .......... 20.1M
    50K .......... .......... .......... .......... .......... 5.42M
   100K .......... .......... .......... .......... .......... 25.4M
   150K .......... .......... .......... .......... .......... 7.79M
   200K .......... .......... .......... .......... .......... 1.33M
   250K .......... .......... .                                2.90M=0.06s

2026-09-12 19:18:47 (4.17 MB/s) - ‘unitedcarriers.com/insights/us-announces-new-tariffs-on-more-than-60-trading-partners.html’ saved [277918]

--2026-09-12 19:18:47--  https://unitedcarriers.com/insights/us-tariffs-refunds-section-301-duties-and-importer-advice
Reusing existing connection to unitedcarriers.com:443.
HTTP request sent, awaiting response... 200 OK
Length: unspecified [text/html]
Saving to: ‘unitedcarriers.com/insights/us-tariffs-refunds-section-301-duties-and-importer-advice.html’

     0K .......... .......... .......... .......... .......... 7.14M
    50K .......... .......... .......... .......... .......... 2.54M
   100K .......... .......... .......... .......... ..........  472M
   150K .......... .......... .......... .......... .......... 2.41M
   200K .......... .......... .......... .......... ..........  529M
   250K .......... .......... .                                 971M=0.05s

2026-09-12 19:18:49 (5.71 MB/s) - ‘unitedcarriers.com/insights/us-tariffs-refunds-section-301-duties-and-importer-advice.html’ saved [278163]

--2026-09-12 19:18:49--  https://cdn.prod.website-files.com/6a44eec1ed1af2c4c403df68/6a5a0a4e711a5fd4c955fc3a_1783981688126.jpeg
Connecting to cdn.prod.website-files.com (cdn.prod.website-files.com)|2606:4700::6812:a175|:443... connected.
HTTP request sent, awaiting response... 200 OK
Length: 71551 (70K) [image/jpeg]
Saving to: ‘cdn.prod.website-files.com/6a44eec1ed1af2c4c403df68/6a5a0a4e711a5fd4c955fc3a_1783981688126.jpeg’

     0K .......... .......... .......... .......... .......... 71% 2.92M 0s
    50K .......... .........                                  100% 3.51M=0.02s

2026-09-12 19:18:50 (3.06 MB/s) - ‘cdn.prod.website-files.com/6a44eec1ed1af2c4c403df68/6a5a0a4e711a5fd4c955fc3a_1783981688126.jpeg’ saved [71551/71551]

--2026-09-12 19:18:50--  https://cdn.prod.website-files.com/6a44eec1ed1af2c4c403df68/6a44eec1ed1af2c4c403e4be_1781726129447.jpeg
Reusing existing connection to [cdn.prod.website-files.com]:443.
HTTP request sent, awaiting response... 200 OK
Length: 175177 (171K) [image/jpeg]
Saving to: ‘cdn.prod.website-files.com/6a44eec1ed1af2c4c403df68/6a44eec1ed1af2c4c403e4be_1781726129447.jpeg’

     0K .......... .......... .......... .......... .......... 29% 7.67M 0s
    50K .......... .......... .......... .......... .......... 58%  740K 0s
   100K .......... .......... .......... .......... .......... 87% 8.17M 0s
   150K .......... .......... .                               100%  459M=0.08s

2026-09-12 19:18:50 (2.09 MB/s) - ‘cdn.prod.website-files.com/6a44eec1ed1af2c4c403df68/6a44eec1ed1af2c4c403e4be_1781726129447.jpeg’ saved [175177/175177]

--2026-09-12 19:18:50--  https://cdn.prod.website-files.com/6a44eec1ed1af2c4c403df68/6a44eec1ed1af2c4c403e355_1780458911740.jpeg
Reusing existing connection to [cdn.prod.website-files.com]:443.
HTTP request sent, awaiting response... 200 OK
Length: 361156 (353K) [image/jpeg]
Saving to: ‘cdn.prod.website-files.com/6a44eec1ed1af2c4c403df68/6a44eec1ed1af2c4c403e355_1780458911740.jpeg’

     0K .......... .......... .......... .......... .......... 14% 17.4M 0s
    50K .......... .......... .......... .......... .......... 28% 5.44M 0s
   100K .......... .......... .......... .......... .......... 42% 8.06M 0s
   150K .......... .......... .......... .......... .......... 56% 8.15M 0s
   200K .......... .......... .......... .......... .......... 70% 1.88M 0s
   250K .......... .......... .......... .......... .......... 85% 1.74M 0s
   300K .......... .......... .......... .......... .......... 99% 3.88M 0s
   350K ..                                                    100% 54.2M=0.09s

2026-09-12 19:18:51 (3.80 MB/s) - ‘cdn.prod.website-files.com/6a44eec1ed1af2c4c403df68/6a44eec1ed1af2c4c403e355_1780458911740.jpeg’ saved [361156/361156]

--2026-09-12 19:18:51--  https://cdn.prod.website-files.com/6a44eec1ed1af2c4c403df68/6a44eec1ed1af2c4c403e0b0_1775451853306.jpeg
Reusing existing connection to [cdn.prod.website-files.com]:443.
HTTP request sent, awaiting response... 200 OK
Length: 55415 (54K) [image/jpeg]
Saving to: ‘cdn.prod.website-files.com/6a44eec1ed1af2c4c403df68/6a44eec1ed1af2c4c403e0b0_1775451853306.jpeg’

     0K .......... .......... .......... .......... .......... 92% 71.5M 0s
    50K ....                                                  100% 7.67T=0.001s

2026-09-12 19:18:52 (77.4 MB/s) - ‘cdn.prod.website-files.com/6a44eec1ed1af2c4c403df68/6a44eec1ed1af2c4c403e0b0_1775451853306.jpeg’ saved [55415/55415]

--2026-09-12 19:18:52--  https://cdn.prod.website-files.com/6a44eec1ed1af2c4c403df68/6a44eec1ed1af2c4c403e092_1773833263018.jpeg
Reusing existing connection to [cdn.prod.website-files.com]:443.
HTTP request sent, awaiting response... 200 OK
Length: 231244 (226K) [image/jpeg]
Saving to: ‘cdn.prod.website-files.com/6a44eec1ed1af2c4c403df68/6a44eec1ed1af2c4c403e092_1773833263018.jpeg’

     0K .......... .......... .......... .......... .......... 22% 5.17M 0s
    50K .......... .......... .......... .......... .......... 44% 7.24M 0s
   100K .......... .......... .......... .......... .......... 66% 7.28M 0s
   150K .......... .......... .......... .......... .......... 88% 2.19M 0s
   200K .......... .......... .....                           100%  266M=0.05s

2026-09-12 19:18:52 (4.88 MB/s) - ‘cdn.prod.website-files.com/6a44eec1ed1af2c4c403df68/6a44eec1ed1af2c4c403e092_1773833263018.jpeg’ saved [231244/231244]

--2026-09-12 19:18:52--  https://cdn.prod.website-files.com/6a44eec1ed1af2c4c403df68/6a44eec1ed1af2c4c403e1f7_1773728527201.jpeg
Reusing existing connection to [cdn.prod.website-files.com]:443.
HTTP request sent, awaiting response... 200 OK
Length: 100833 (98K) [image/jpeg]
Saving to: ‘cdn.prod.website-files.com/6a44eec1ed1af2c4c403df68/6a44eec1ed1af2c4c403e1f7_1773728527201.jpeg’

     0K .......... .......... .......... .......... .......... 50% 6.09M 0s
    50K .......... .......... .......... .......... ........  100% 14.3M=0.01s

2026-09-12 19:18:53 (8.49 MB/s) - ‘cdn.prod.website-files.com/6a44eec1ed1af2c4c403df68/6a44eec1ed1af2c4c403e1f7_1773728527201.jpeg’ saved [100833/100833]

--2026-09-12 19:18:53--  https://cdn.prod.website-files.com/6a44eec1ed1af2c4c403df68/6a44eec1ed1af2c4c403e1e0_1772499335595.jpeg
Reusing existing connection to [cdn.prod.website-files.com]:443.
HTTP request sent, awaiting response... 200 OK
Length: 33997 (33K) [image/jpeg]
Saving to: ‘cdn.prod.website-files.com/6a44eec1ed1af2c4c403df68/6a44eec1ed1af2c4c403e1e0_1772499335595.jpeg’

     0K .......... .......... .......... ...                  100% 16.9M=0.002s

2026-09-12 19:18:53 (16.9 MB/s) - ‘cdn.prod.website-files.com/6a44eec1ed1af2c4c403df68/6a44eec1ed1af2c4c403e1e0_1772499335595.jpeg’ saved [33997/33997]

--2026-09-12 19:18:53--  https://cdn.prod.website-files.com/6a44eec1ed1af2c4c403df68/6a993eaa8d48ce8268a0c34c_ATT_colour_inline%20small.jpeg
Reusing existing connection to [cdn.prod.website-files.com]:443.
HTTP request sent, awaiting response... 200 OK
Length: 123834 (121K) [image/jpeg]
Saving to: ‘cdn.prod.website-files.com/6a44eec1ed1af2c4c403df68/6a993eaa8d48ce8268a0c34c_ATT_colour_inline small.jpeg’

     0K .......... .......... .......... .......... .......... 41% 9.46M 0s
    50K .......... .......... .......... .......... .......... 82%  601K 0s
   100K .......... ..........                                 100%  134M=0.09s

2026-09-12 19:18:54 (1.33 MB/s) - ‘cdn.prod.website-files.com/6a44eec1ed1af2c4c403df68/6a993eaa8d48ce8268a0c34c_ATT_colour_inline small.jpeg’ saved [123834/123834]

--2026-09-12 19:18:54--  https://cdn.prod.website-files.com/6a44eec1ed1af2c4c403df68/6a993eaa8d48ce8268a0c34c_ATT_colour_inline%20small-p-500.jpeg
Reusing existing connection to [cdn.prod.website-files.com]:443.
HTTP request sent, awaiting response... 200 OK
Length: 11977 (12K) [image/jpeg]
Saving to: ‘cdn.prod.website-files.com/6a44eec1ed1af2c4c403df68/6a993eaa8d48ce8268a0c34c_ATT_colour_inline small-p-500.jpeg’

     0K .......... .                                          100%  214M=0s

2026-09-12 19:18:54 (214 MB/s) - ‘cdn.prod.website-files.com/6a44eec1ed1af2c4c403df68/6a993eaa8d48ce8268a0c34c_ATT_colour_inline small-p-500.jpeg’ saved [11977/11977]

--2026-09-12 19:18:54--  https://cdn.prod.website-files.com/6a44eec1ed1af2c4c403df68/6a993eaa8d48ce8268a0c34c_ATT_colour_inline%20small-p-800.jpeg
Reusing existing connection to [cdn.prod.website-files.com]:443.
HTTP request sent, awaiting response... 200 OK
Length: 20971 (20K) [image/jpeg]
Saving to: ‘cdn.prod.website-files.com/6a44eec1ed1af2c4c403df68/6a993eaa8d48ce8268a0c34c_ATT_colour_inline small-p-800.jpeg’

     0K .......... ..........                                 100%  379M=0s

2026-09-12 19:18:54 (379 MB/s) - ‘cdn.prod.website-files.com/6a44eec1ed1af2c4c403df68/6a993eaa8d48ce8268a0c34c_ATT_colour_inline small-p-800.jpeg’ saved [20971/20971]

--2026-09-12 19:18:54--  https://cdn.prod.website-files.com/6a44eec1ed1af2c4c403df68/6a993eaa8d48ce8268a0c34c_ATT_colour_inline%20small-p-1080.jpeg
Reusing existing connection to [cdn.prod.website-files.com]:443.
HTTP request sent, awaiting response... 200 OK
Length: 29831 (29K) [image/jpeg]
Saving to: ‘cdn.prod.website-files.com/6a44eec1ed1af2c4c403df68/6a993eaa8d48ce8268a0c34c_ATT_colour_inline small-p-1080.jpeg’

     0K .......... .......... .........                       100% 20.2M=0.001s

2026-09-12 19:18:54 (20.2 MB/s) - ‘cdn.prod.website-files.com/6a44eec1ed1af2c4c403df68/6a993eaa8d48ce8268a0c34c_ATT_colour_inline small-p-1080.jpeg’ saved [29831/29831]

--2026-09-12 19:18:54--  https://cdn.prod.website-files.com/6a44eec1ed1af2c4c403df68/6a9695f1376525e3e58b052e_UC%20Market%20Update%20China%20Sept.jpeg
Reusing existing connection to [cdn.prod.website-files.com]:443.
HTTP request sent, awaiting response... 200 OK
Length: 162165 (158K) [image/jpeg]
Saving to: ‘cdn.prod.website-files.com/6a44eec1ed1af2c4c403df68/6a9695f1376525e3e58b052e_UC Market Update China Sept.jpeg’

     0K .......... .......... .......... .......... .......... 31% 7.45M 0s
    50K .......... .......... .......... .......... .......... 63% 10.8M 0s
   100K .......... .......... .......... .......... .......... 94% 3.45M 0s
   150K ........                                              100%  284M=0.03s

2026-09-12 19:18:54 (6.12 MB/s) - ‘cdn.prod.website-files.com/6a44eec1ed1af2c4c403df68/6a9695f1376525e3e58b052e_UC Market Update China Sept.jpeg’ saved [162165/162165]

--2026-09-12 19:18:54--  https://cdn.prod.website-files.com/6a44eec1ed1af2c4c403df68/6a9695f1376525e3e58b052e_UC%20Market%20Update%20China%20Sept-p-500.jpeg
Reusing existing connection to [cdn.prod.website-files.com]:443.
HTTP request sent, awaiting response... 200 OK
Length: 74647 (73K) [image/jpeg]
Saving to: ‘cdn.prod.website-files.com/6a44eec1ed1af2c4c403df68/6a9695f1376525e3e58b052e_UC Market Update China Sept-p-500.jpeg’

     0K .......... .......... .......... .......... .......... 68% 3.77M 0s
    50K .......... .......... ..                              100%  811M=0.01s

2026-09-12 19:18:54 (5.49 MB/s) - ‘cdn.prod.website-files.com/6a44eec1ed1af2c4c403df68/6a9695f1376525e3e58b052e_UC Market Update China Sept-p-500.jpeg’ saved [74647/74647]

--2026-09-12 19:18:54--  https://cdn.prod.website-files.com/6a44eec1ed1af2c4c403df68/6a9695f1376525e3e58b052e_UC%20Market%20Update%20China%20Sept-p-800.jpeg
Reusing existing connection to [cdn.prod.website-files.com]:443.
HTTP request sent, awaiting response... 200 OK
Length: 160774 (157K) [image/jpeg]
Saving to: ‘cdn.prod.website-files.com/6a44eec1ed1af2c4c403df68/6a9695f1376525e3e58b052e_UC Market Update China Sept-p-800.jpeg’

     0K .......... .......... .......... .......... .......... 31% 12.4M 0s
    50K .......... .......... .......... .......... .......... 63% 7.41M 0s
   100K .......... .......... .......... .......... .......... 95% 3.92M 0s
   150K .......                                               100% 13.0T=0.02s

2026-09-12 19:18:54 (6.68 MB/s) - ‘cdn.prod.website-files.com/6a44eec1ed1af2c4c403df68/6a9695f1376525e3e58b052e_UC Market Update China Sept-p-800.jpeg’ saved [160774/160774]

--2026-09-12 19:18:54--  https://cdn.prod.website-files.com/6a44eec1ed1af2c4c403df68/6a9011b6ae785707568cf86e_BSMB%202026.jpg
Reusing existing connection to [cdn.prod.website-files.com]:443.
HTTP request sent, awaiting response... 200 OK
Length: 112134 (110K) [image/jpeg]
Saving to: ‘cdn.prod.website-files.com/6a44eec1ed1af2c4c403df68/6a9011b6ae785707568cf86e_BSMB 2026.jpg’

     0K .......... .......... .......... .......... .......... 45% 4.49M 0s
    50K .......... .......... .......... .......... .......... 91% 26.1M 0s
   100K .........                                             100% 17.7T=0.01s

2026-09-12 19:18:54 (8.38 MB/s) - ‘cdn.prod.website-files.com/6a44eec1ed1af2c4c403df68/6a9011b6ae785707568cf86e_BSMB 2026.jpg’ saved [112134/112134]

--2026-09-12 19:18:54--  https://cdn.prod.website-files.com/6a44eec1ed1af2c4c403df68/6a9011b6ae785707568cf86e_BSMB%202026-p-500.jpg
Reusing existing connection to [cdn.prod.website-files.com]:443.
HTTP request sent, awaiting response... 200 OK
Length: 77199 (75K) [image/jpg]
Saving to: ‘cdn.prod.website-files.com/6a44eec1ed1af2c4c403df68/6a9011b6ae785707568cf86e_BSMB 2026-p-500.jpg’

     0K .......... .......... .......... .......... .......... 66% 8.64M 0s
    50K .......... .......... .....                           100% 19.3M=0.007s

2026-09-12 19:18:54 (10.6 MB/s) - ‘cdn.prod.website-files.com/6a44eec1ed1af2c4c403df68/6a9011b6ae785707568cf86e_BSMB 2026-p-500.jpg’ saved [77199/77199]

--2026-09-12 19:18:54--  https://cdn.prod.website-files.com/6a44eec1ed1af2c4c403df6b/6a44eec1ed1af2c4c403e80b_b9f1609beb93dbf756ef9c26019e1407_Merch%20Hero%20%281%29.webp
Reusing existing connection to [cdn.prod.website-files.com]:443.
HTTP request sent, awaiting response... 200 OK
Length: 322062 (315K) [image/webp]
Saving to: ‘cdn.prod.website-files.com/6a44eec1ed1af2c4c403df6b/6a44eec1ed1af2c4c403e80b_b9f1609beb93dbf756ef9c26019e1407_Merch Hero (1).webp’

     0K .......... .......... .......... .......... .......... 15% 24.2M 0s
    50K .......... .......... .......... .......... .......... 31% 2.33M 0s
   100K .......... .......... .......... .......... .......... 47% 9.98M 0s
   150K .......... .......... .......... .......... .......... 63% 8.20M 0s
   200K .......... .......... .......... .......... .......... 79% 2.47M 0s
   250K .......... .......... .......... .......... .......... 95% 2.67M 0s
   300K .......... ....                                       100%  709M=0.07s

2026-09-12 19:18:54 (4.27 MB/s) - ‘cdn.prod.website-files.com/6a44eec1ed1af2c4c403df6b/6a44eec1ed1af2c4c403e80b_b9f1609beb93dbf756ef9c26019e1407_Merch Hero (1).webp’ saved [322062/322062]

--2026-09-12 19:18:54--  https://unitedcarriers.com/product/beanie
Connecting to unitedcarriers.com (unitedcarriers.com)|198.202.211.1|:443... connected.
HTTP request sent, awaiting response... 200 OK
Length: unspecified [text/html]
Saving to: ‘unitedcarriers.com/product/beanie.html’

     0K .......... .......... .......... .......... .......... 2.74M
    50K .......... .......... .......... .......... .......... 5.63M
   100K .......... .......... .......... .......... .......... 7.05M
   150K .......... .......... .......... .......... .......... 8.13M
   200K .......... .......... .......... .......... .......... 5.21M
   250K .......... .......... .......... .......... .......... 1.34M
   300K .......... .......... .......... .......... .......... 4.37M
   350K .......... .......... .......                          3.62M=0.1s

2026-09-12 19:18:55 (3.55 MB/s) - ‘unitedcarriers.com/product/beanie.html’ saved [386507]

--2026-09-12 19:18:55--  https://cdn.prod.website-files.com/6a44eec1ed1af2c4c403df68/6a6b330cf5d68e194df6b591_Image%3DDefault%2C%20Type%3DGrey%20Beanie.png
Connecting to cdn.prod.website-files.com (cdn.prod.website-files.com)|2606:4700::6812:a175|:443... connected.
HTTP request sent, awaiting response... 200 OK
Length: 150324 (147K) [image/png]
Saving to: ‘cdn.prod.website-files.com/6a44eec1ed1af2c4c403df68/6a6b330cf5d68e194df6b591_Image=Default, Type=Grey Beanie.png’

     0K .......... .......... .......... .......... .......... 34% 2.23M 0s
    50K .......... .......... .......... .......... .......... 68% 5.16M 0s
   100K .......... .......... .......... .......... ......    100% 3.37M=0.04s

2026-09-12 19:18:55 (3.20 MB/s) - ‘cdn.prod.website-files.com/6a44eec1ed1af2c4c403df68/6a6b330cf5d68e194df6b591_Image=Default, Type=Grey Beanie.png’ saved [150324/150324]

--2026-09-12 19:18:55--  https://unitedcarriers.com/product/ceramic-mug
Connecting to unitedcarriers.com (unitedcarriers.com)|198.202.211.1|:443... connected.
HTTP request sent, awaiting response... 200 OK
Length: unspecified [text/html]
Saving to: ‘unitedcarriers.com/product/ceramic-mug.html’

     0K .......... .......... .......... .......... .......... 2.45M
    50K .......... .......... .......... .......... .......... 2.27M
   100K .......... .......... .......... .......... ..........  355M
   150K .......... .......... .......... .......... .......... 2.60M
   200K .......... .......... .......... .......... ..........  498M
   250K .......... .......... .......... .......... ..........  803K
   300K .......... .......... .......... .......... ..........  441M
   350K .......... .......... .....                            3.28M=0.1s

2026-09-12 19:18:55 (2.81 MB/s) - ‘unitedcarriers.com/product/ceramic-mug.html’ saved [384427]

--2026-09-12 19:18:55--  https://cdn.prod.website-files.com/6a44eec1ed1af2c4c403df68/6a54ab04117af85b88bd7fe0_Image%3DDefault%2C%20Type%3DCeramic%20Mug.png
Connecting to cdn.prod.website-files.com (cdn.prod.website-files.com)|2606:4700::6812:a175|:443... connected.
HTTP request sent, awaiting response... 200 OK
Length: 93768 (92K) [image/png]
Saving to: ‘cdn.prod.website-files.com/6a44eec1ed1af2c4c403df68/6a54ab04117af85b88bd7fe0_Image=Default, Type=Ceramic Mug.png’

     0K .......... .......... .......... .......... .......... 54% 2.56M 0s
    50K .......... .......... .......... .......... .         100% 3.37M=0.03s

2026-09-12 19:18:56 (2.88 MB/s) - ‘cdn.prod.website-files.com/6a44eec1ed1af2c4c403df68/6a54ab04117af85b88bd7fe0_Image=Default, Type=Ceramic Mug.png’ saved [93768/93768]

--2026-09-12 19:18:56--  https://unitedcarriers.com/product/stubby-holder-1
Connecting to unitedcarriers.com (unitedcarriers.com)|198.202.211.1|:443... connected.
HTTP request sent, awaiting response... 200 OK
Length: unspecified [text/html]
Saving to: ‘unitedcarriers.com/product/stubby-holder-1.html’

     0K .......... .......... .......... .......... .......... 2.70M
    50K .......... .......... .......... .......... .......... 2.87M
   100K .......... .......... .......... .......... .......... 4.60M
   150K .......... .......... .......... .......... .......... 8.15M
   200K .......... .......... .......... .......... .......... 2.50M
   250K .......... .......... .......... .......... ..........  455M
   300K .......... .......... .......... .......... .......... 1.95M
   350K .......... .......... .....                             102K=0.3s

2026-09-12 19:18:56 (1.07 MB/s) - ‘unitedcarriers.com/product/stubby-holder-1.html’ saved [384133]

--2026-09-12 19:18:56--  https://cdn.prod.website-files.com/6a44eec1ed1af2c4c403df68/6a50a56a3c6efced0025ba35_Image%3DDefault%2C%20Type%3DInsulated%20Tumbler.png
Connecting to cdn.prod.website-files.com (cdn.prod.website-files.com)|2606:4700::6812:a175|:443... connected.
HTTP request sent, awaiting response... 200 OK
Length: 101575 (99K) [image/png]
Saving to: ‘cdn.prod.website-files.com/6a44eec1ed1af2c4c403df68/6a50a56a3c6efced0025ba35_Image=Default, Type=Insulated Tumbler.png’

     0K .......... .......... .......... .......... .......... 50% 2.65M 0s
    50K .......... .......... .......... .......... ......... 100% 5.67M=0.03s

2026-09-12 19:18:56 (3.60 MB/s) - ‘cdn.prod.website-files.com/6a44eec1ed1af2c4c403df68/6a50a56a3c6efced0025ba35_Image=Default, Type=Insulated Tumbler.png’ saved [101575/101575]

--2026-09-12 19:18:56--  https://unitedcarriers.com/product/bottle-opener-keychain
Connecting to unitedcarriers.com (unitedcarriers.com)|198.202.211.1|:443... connected.
HTTP request sent, awaiting response... 200 OK
Length: unspecified [text/html]
Saving to: ‘unitedcarriers.com/product/bottle-opener-keychain.html’

     0K .......... .......... .......... .......... .......... 1.83M
    50K .......... .......... .......... .......... .......... 5.67M
   100K .......... .......... .......... .......... .......... 12.1M
   150K .......... .......... .......... .......... .......... 4.42M
   200K .......... .......... .......... .......... .......... 11.1M
   250K .......... .......... .......... .......... .......... 2.62M
   300K .......... .......... .......... .......... .......... 2.27M
   350K .......... .......... .....                            1.34M=0.1s

2026-09-12 19:18:57 (3.23 MB/s) - ‘unitedcarriers.com/product/bottle-opener-keychain.html’ saved [384430]

--2026-09-12 19:18:57--  https://cdn.prod.website-files.com/6a44eec1ed1af2c4c403df68/6a4cc5cc10f1804ad720ceda_Image%3DDefault%2C%20Type%3DLanyard%20Set.png
Connecting to cdn.prod.website-files.com (cdn.prod.website-files.com)|2606:4700::6812:a175|:443... connected.
HTTP request sent, awaiting response... 200 OK
Length: 59285 (58K) [image/png]
Saving to: ‘cdn.prod.website-files.com/6a44eec1ed1af2c4c403df68/6a4cc5cc10f1804ad720ceda_Image=Default, Type=Lanyard Set.png’

     0K .......... .......... .......... .......... .......... 86% 2.72M 0s
    50K .......                                               100% 7.18M=0.02s

2026-09-12 19:18:57 (2.97 MB/s) - ‘cdn.prod.website-files.com/6a44eec1ed1af2c4c403df68/6a4cc5cc10f1804ad720ceda_Image=Default, Type=Lanyard Set.png’ saved [59285/59285]

--2026-09-12 19:18:57--  https://unitedcarriers.com/product/folding-camping-chair
Connecting to unitedcarriers.com (unitedcarriers.com)|198.202.211.1|:443... connected.
HTTP request sent, awaiting response... 200 OK
Length: unspecified [text/html]
Saving to: ‘unitedcarriers.com/product/folding-camping-chair.html’

     0K .......... .......... .......... .......... .......... 2.66M
    50K .......... .......... .......... .......... .......... 5.86M
   100K .......... .......... .......... .......... .......... 8.90M
   150K .......... .......... .......... .......... .......... 9.86M
   200K .......... .......... .......... .......... .......... 2.33M
   250K .......... .......... .......... .......... .......... 1.16M
   300K .......... .......... .......... .......... .......... 5.43M
   350K .......... .......... .......                          3.46M=0.1s

2026-09-12 19:18:57 (3.16 MB/s) - ‘unitedcarriers.com/product/folding-camping-chair.html’ saved [386363]

--2026-09-12 19:18:57--  https://cdn.prod.website-files.com/6a44eec1ed1af2c4c403df68/6a4cc3be9cea945ab76f44ad_Image%3DDefault%2C%20Type%3DFolding%20Camping%20Chair%20%E2%80%93%20Black.png
Connecting to cdn.prod.website-files.com (cdn.prod.website-files.com)|2606:4700::6812:a175|:443... connected.
HTTP request sent, awaiting response... 200 OK
Length: 87064 (85K) [image/png]
Saving to: ‘cdn.prod.website-files.com/6a44eec1ed1af2c4c403df68/6a4cc3be9cea945ab76f44ad_Image=Default, Type=Folding Camping Chair – Black.png’

     0K .......... .......... .......... .......... .......... 58% 2.89M 0s
    50K .......... .......... .......... .....                100% 4.49M=0.02s

2026-09-12 19:18:57 (3.39 MB/s) - ‘cdn.prod.website-files.com/6a44eec1ed1af2c4c403df68/6a4cc3be9cea945ab76f44ad_Image=Default, Type=Folding Camping Chair – Black.png’ saved [87064/87064]

--2026-09-12 19:18:57--  https://unitedcarriers.com/product/aircraft-keychain
Connecting to unitedcarriers.com (unitedcarriers.com)|198.202.211.1|:443... connected.
HTTP request sent, awaiting response... 200 OK
Length: unspecified [text/html]
Saving to: ‘unitedcarriers.com/product/aircraft-keychain.html’

     0K .......... .......... .......... .......... .......... 2.60M
    50K .......... .......... .......... .......... .......... 4.73M
   100K .......... .......... .......... .......... .......... 2.14M
   150K .......... .......... .......... .......... ..........  278M
   200K .......... .......... .......... .......... ..........  469M
   250K .......... .......... .......... .......... .......... 2.26M
   300K .......... .......... .......... .......... .......... 1.65M
   350K .......... .......... .....                            2.93M=0.1s

2026-09-12 19:18:58 (3.28 MB/s) - ‘unitedcarriers.com/product/aircraft-keychain.html’ saved [384397]

--2026-09-12 19:18:58--  https://cdn.prod.website-files.com/6a44eec1ed1af2c4c403df68/6a4cc32d97c48fec5bea8d00_Image%3DDefault%2C%20Type%3DAircraft%20Keychain.png
Connecting to cdn.prod.website-files.com (cdn.prod.website-files.com)|2606:4700::6812:a175|:443... connected.
HTTP request sent, awaiting response... 200 OK
Length: 56871 (56K) [image/png]
Saving to: ‘cdn.prod.website-files.com/6a44eec1ed1af2c4c403df68/6a4cc32d97c48fec5bea8d00_Image=Default, Type=Aircraft Keychain.png’

     0K .......... .......... .......... .......... .......... 90% 2.64M 0s
    50K .....                                                 100% 2.00M=0.02s

2026-09-12 19:18:58 (2.55 MB/s) - ‘cdn.prod.website-files.com/6a44eec1ed1af2c4c403df68/6a4cc32d97c48fec5bea8d00_Image=Default, Type=Aircraft Keychain.png’ saved [56871/56871]

--2026-09-12 19:18:58--  https://unitedcarriers.com/product/ship-keychain
Connecting to unitedcarriers.com (unitedcarriers.com)|198.202.211.1|:443... connected.
HTTP request sent, awaiting response... 200 OK
Length: unspecified [text/html]
Saving to: ‘unitedcarriers.com/product/ship-keychain.html’

     0K .......... .......... .......... .......... .......... 2.72M
    50K .......... .......... .......... .......... .......... 6.49M
   100K .......... .......... .......... .......... .......... 8.02M
   150K .......... .......... .......... .......... .......... 12.1M
   200K .......... .......... .......... .......... .......... 6.84M
   250K .......... .......... .......... .......... .......... 1.22M
   300K .......... .......... .......... .......... .......... 1.76M
   350K .......... .......... .....                             371M=0.1s

2026-09-12 19:18:58 (3.32 MB/s) - ‘unitedcarriers.com/product/ship-keychain.html’ saved [384389]

--2026-09-12 19:18:58--  https://cdn.prod.website-files.com/6a44eec1ed1af2c4c403df68/6a4cc2a10646eb735c26d5dc_Image%3DDefault%2C%20Type%3DShip%20Keychain.png
Connecting to cdn.prod.website-files.com (cdn.prod.website-files.com)|2606:4700::6812:a175|:443... connected.
HTTP request sent, awaiting response... 200 OK
Length: 50431 (49K) [image/png]
Saving to: ‘cdn.prod.website-files.com/6a44eec1ed1af2c4c403df68/6a4cc2a10646eb735c26d5dc_Image=Default, Type=Ship Keychain.png’

     0K .......... .......... .......... .......... ......... 100% 2.59M=0.02s

2026-09-12 19:18:58 (2.59 MB/s) - ‘cdn.prod.website-files.com/6a44eec1ed1af2c4c403df68/6a4cc2a10646eb735c26d5dc_Image=Default, Type=Ship Keychain.png’ saved [50431/50431]

--2026-09-12 19:18:58--  https://unitedcarriers.com/product/truck-keychain
Connecting to unitedcarriers.com (unitedcarriers.com)|198.202.211.1|:443... connected.
HTTP request sent, awaiting response... 200 OK
Length: unspecified [text/html]
Saving to: ‘unitedcarriers.com/product/truck-keychain.html’

     0K .......... .......... .......... .......... .......... 2.08M
    50K .......... .......... .......... .......... .......... 5.54M
   100K .......... .......... .......... .......... .......... 8.27M
   150K .......... .......... .......... .......... .......... 4.84M
   200K .......... .......... .......... .......... .......... 16.7M
   250K .......... .......... .......... .......... .......... 2.00M
   300K .......... .......... .......... .......... .......... 2.03M
   350K .......... .......... .....                            4.73M=0.1s

2026-09-12 19:18:58 (3.50 MB/s) - ‘unitedcarriers.com/product/truck-keychain.html’ saved [384397]

--2026-09-12 19:18:58--  https://cdn.prod.website-files.com/6a44eec1ed1af2c4c403df68/6a4cc1f9e751d65bbab54930_Image%3DDefault%2C%20Type%3DTruck%20Keychain.png
Connecting to cdn.prod.website-files.com (cdn.prod.website-files.com)|2606:4700::6812:a175|:443... connected.
HTTP request sent, awaiting response... 200 OK
Length: 71414 (70K) [image/png]
Saving to: ‘cdn.prod.website-files.com/6a44eec1ed1af2c4c403df68/6a4cc1f9e751d65bbab54930_Image=Default, Type=Truck Keychain.png’

     0K .......... .......... .......... .......... .......... 71% 2.73M 0s
    50K .......... .........                                  100% 4.16M=0.02s

2026-09-12 19:18:59 (3.03 MB/s) - ‘cdn.prod.website-files.com/6a44eec1ed1af2c4c403df68/6a4cc1f9e751d65bbab54930_Image=Default, Type=Truck Keychain.png’ saved [71414/71414]

--2026-09-12 19:18:59--  https://unitedcarriers.com/product/stainless-steel-water-bottle
Connecting to unitedcarriers.com (unitedcarriers.com)|198.202.211.1|:443... connected.
HTTP request sent, awaiting response... 200 OK
Length: unspecified [text/html]
Saving to: ‘unitedcarriers.com/product/stainless-steel-water-bottle.html’

     0K .......... .......... .......... .......... .......... 3.00M
    50K .......... .......... .......... .......... .......... 4.97M
   100K .......... .......... .......... .......... .......... 4.92M
   150K .......... .......... .......... .......... .......... 10.0M
   200K .......... .......... .......... .......... .......... 4.89M
   250K .......... .......... .......... .......... .......... 1.83M
   300K .......... .......... .......... .......... .......... 2.30M
   350K .......... .......... .....                            3.50M=0.1s

2026-09-12 19:18:59 (3.46 MB/s) - ‘unitedcarriers.com/product/stainless-steel-water-bottle.html’ saved [384515]

--2026-09-12 19:18:59--  https://cdn.prod.website-files.com/6a44eec1ed1af2c4c403df68/6a4cc07c5940ef5bae13cda8_Image%3DDefault%2C%20Type%3DStainless%20Steel%20Water%20Bottle.png
Connecting to cdn.prod.website-files.com (cdn.prod.website-files.com)|2606:4700::6812:a175|:443... connected.
HTTP request sent, awaiting response... 200 OK
Length: 62985 (62K) [image/png]
Saving to: ‘cdn.prod.website-files.com/6a44eec1ed1af2c4c403df68/6a4cc07c5940ef5bae13cda8_Image=Default, Type=Stainless Steel Water Bottle.png’

     0K .......... .......... .......... .......... .......... 81% 1.90M 0s
    50K .......... .                                          100%  231M=0.03s

2026-09-12 19:18:59 (2.33 MB/s) - ‘cdn.prod.website-files.com/6a44eec1ed1af2c4c403df68/6a4cc07c5940ef5bae13cda8_Image=Default, Type=Stainless Steel Water Bottle.png’ saved [62985/62985]

--2026-09-12 19:18:59--  https://unitedcarriers.com/product/straw-tote-bag
Connecting to unitedcarriers.com (unitedcarriers.com)|198.202.211.1|:443... connected.
HTTP request sent, awaiting response... 200 OK
Length: unspecified [text/html]
Saving to: ‘unitedcarriers.com/product/straw-tote-bag.html’

     0K .......... .......... .......... .......... .......... 2.66M
    50K .......... .......... .......... .......... .......... 4.30M
   100K .......... .......... .......... .......... .......... 11.3M
   150K .......... .......... .......... .......... .......... 7.52M
   200K .......... .......... .......... .......... .......... 14.8M
   250K .......... .......... .......... .......... .......... 1.46M
   300K .......... .......... .......... .......... .......... 1.89M
   350K .......... .......... .......                           122K=0.3s

2026-09-12 19:19:00 (1.12 MB/s) - ‘unitedcarriers.com/product/straw-tote-bag.html’ saved [386662]

--2026-09-12 19:19:00--  https://cdn.prod.website-files.com/6a44eec1ed1af2c4c403df68/6a4cb226e385fce220a597af_Image%3DDefault%2C%20Type%3DStraw%20Tote%20Bag.png
Connecting to cdn.prod.website-files.com (cdn.prod.website-files.com)|2606:4700::6812:a175|:443... connected.
HTTP request sent, awaiting response... 200 OK
Length: 156250 (153K) [image/png]
Saving to: ‘cdn.prod.website-files.com/6a44eec1ed1af2c4c403df68/6a4cb226e385fce220a597af_Image=Default, Type=Straw Tote Bag.png’

     0K .......... .......... .......... .......... .......... 32% 2.71M 0s
    50K .......... .......... .......... .......... .......... 65% 4.72M 0s
   100K .......... .......... .......... .......... .......... 98% 7.09M 0s
   150K ..                                                    100%  101M=0.04s

2026-09-12 19:19:00 (4.23 MB/s) - ‘cdn.prod.website-files.com/6a44eec1ed1af2c4c403df68/6a4cb226e385fce220a597af_Image=Default, Type=Straw Tote Bag.png’ saved [156250/156250]

--2026-09-12 19:19:00--  https://unitedcarriers.com/product/baseball-cap
Connecting to unitedcarriers.com (unitedcarriers.com)|198.202.211.1|:443... connected.
HTTP request sent, awaiting response... 200 OK
Length: unspecified [text/html]
Saving to: ‘unitedcarriers.com/product/baseball-cap.html’

     0K .......... .......... .......... .......... .......... 2.47M
    50K .......... .......... .......... .......... .......... 4.55M
   100K .......... .......... .......... .......... .......... 2.24M
   150K .......... .......... .......... .......... ..........  391M
   200K .......... .......... .......... .......... ..........  410M
   250K .......... .......... .......... .......... .......... 2.39M
   300K .......... .......... .......... .......... .......... 1.75M
   350K .......... .......... .....                            4.04M=0.1s

2026-09-12 19:19:00 (3.42 MB/s) - ‘unitedcarriers.com/product/baseball-cap.html’ saved [384216]

--2026-09-12 19:19:00--  https://cdn.prod.website-files.com/6a44eec1ed1af2c4c403df68/6a50a11426602816f5c9143d_Image%3DDefault%2C%20Type%3DUC%20Logo%20Baseball%20Cap%20(1).png
Connecting to cdn.prod.website-files.com (cdn.prod.website-files.com)|2606:4700::6812:a175|:443... connected.
HTTP request sent, awaiting response... 200 OK
Length: 129009 (126K) [image/png]
Saving to: ‘cdn.prod.website-files.com/6a44eec1ed1af2c4c403df68/6a50a11426602816f5c9143d_Image=Default, Type=UC Logo Baseball Cap (1).png’

     0K .......... .......... .......... .......... .......... 39% 1.97M 0s
    50K .......... .......... .......... .......... .......... 79% 5.55M 0s
   100K .......... .......... .....                           100% 10.1M=0.04s

2026-09-12 19:19:00 (3.41 MB/s) - ‘cdn.prod.website-files.com/6a44eec1ed1af2c4c403df68/6a50a11426602816f5c9143d_Image=Default, Type=UC Logo Baseball Cap (1).png’ saved [129009/129009]

--2026-09-12 19:19:00--  https://unitedcarriers.com/product/united-carriers-logo-fabric-patch-gsvwb
Connecting to unitedcarriers.com (unitedcarriers.com)|198.202.211.1|:443... connected.
HTTP request sent, awaiting response... 200 OK
Length: unspecified [text/html]
Saving to: ‘unitedcarriers.com/product/united-carriers-logo-fabric-patch-gsvwb.html’

     0K .......... .......... .......... .......... .......... 2.08M
    50K .......... .......... .......... .......... .......... 5.46M
   100K .......... .......... .......... .......... .......... 4.80M
   150K .......... .......... .......... .......... .......... 12.1M
   200K .......... .......... .......... .......... .......... 6.41M
   250K .......... .......... .......... .......... .......... 2.34M
   300K .......... .......... .......... .......... .......... 2.05M
   350K .......... .......... .....                            3.63M=0.1s

2026-09-12 19:19:01 (3.47 MB/s) - ‘unitedcarriers.com/product/united-carriers-logo-fabric-patch-gsvwb.html’ saved [384696]

--2026-09-12 19:19:01--  https://cdn.prod.website-files.com/6a44eec1ed1af2c4c403df68/6a44eec1ed1af2c4c403e3af_product2%20(1).png
Connecting to cdn.prod.website-files.com (cdn.prod.website-files.com)|2606:4700::6812:a175|:443... connected.
HTTP request sent, awaiting response... 200 OK
Length: 89985 (88K) [image/png]
Saving to: ‘cdn.prod.website-files.com/6a44eec1ed1af2c4c403df68/6a44eec1ed1af2c4c403e3af_product2 (1).png’

     0K .......... .......... .......... .......... .......... 56% 2.60M 0s
    50K .......... .......... .......... .......              100% 6.32M=0.02s

2026-09-12 19:19:01 (3.48 MB/s) - ‘cdn.prod.website-files.com/6a44eec1ed1af2c4c403df68/6a44eec1ed1af2c4c403e3af_product2 (1).png’ saved [89985/89985]

--2026-09-12 19:19:01--  https://unitedcarriers.com/product/united-carriers-canvas-tote-bag
Connecting to unitedcarriers.com (unitedcarriers.com)|198.202.211.1|:443... connected.
HTTP request sent, awaiting response... 200 OK
Length: unspecified [text/html]
Saving to: ‘unitedcarriers.com/product/united-carriers-canvas-tote-bag.html’

     0K .......... .......... .......... .......... .......... 2.64M
    50K .......... .......... .......... .......... .......... 3.81M
   100K .......... .......... .......... .......... .......... 10.9M
   150K .......... .......... .......... .......... .......... 9.72M
   200K .......... .......... .......... .......... .......... 5.77M
   250K .......... .......... .......... .......... .......... 1.21M
   300K .......... .......... .......... .......... .......... 4.59M
   350K .......... .......... .......                          5.41M=0.1s

2026-09-12 19:19:01 (3.51 MB/s) - ‘unitedcarriers.com/product/united-carriers-canvas-tote-bag.html’ saved [386760]

--2026-09-12 19:19:01--  https://cdn.prod.website-files.com/6a44eec1ed1af2c4c403df68/6a5084dffd51ed2d930d80bb_Image%3DDefault%2C%20Type%3DCanvas%20Tote%20Bag%20(1).png
Connecting to cdn.prod.website-files.com (cdn.prod.website-files.com)|2606:4700::6812:a175|:443... connected.
HTTP request sent, awaiting response... 200 OK
Length: 109329 (107K) [image/png]
Saving to: ‘cdn.prod.website-files.com/6a44eec1ed1af2c4c403df68/6a5084dffd51ed2d930d80bb_Image=Default, Type=Canvas Tote Bag (1).png’

     0K .......... .......... .......... .......... .......... 46% 2.32M 0s
    50K .......... .......... .......... .......... .......... 93% 4.16M 0s
   100K ......                                                100%  438M=0.03s

2026-09-12 19:19:01 (3.17 MB/s) - ‘cdn.prod.website-files.com/6a44eec1ed1af2c4c403df68/6a5084dffd51ed2d930d80bb_Image=Default, Type=Canvas Tote Bag (1).png’ saved [109329/109329]

--2026-09-12 19:19:01--  https://cdn.prod.website-files.com/6a44eec1ed1af2c4c403df6b/6a44eec1ed1af2c4c403e80c_Rectangle%20banner.jpg
Reusing existing connection to [cdn.prod.website-files.com]:443.
HTTP request sent, awaiting response... 200 OK
Length: 655430 (640K) [image/jpeg]
Saving to: ‘cdn.prod.website-files.com/6a44eec1ed1af2c4c403df6b/6a44eec1ed1af2c4c403e80c_Rectangle banner.jpg’

     0K .......... .......... .......... .......... ..........  7% 9.97M 0s
    50K .......... .......... .......... .......... .......... 15% 16.0M 0s
   100K .......... .......... .......... .......... .......... 23% 1.41M 0s
   150K .......... .......... .......... .......... .......... 31%  667M 0s
   200K .......... .......... .......... .......... .......... 39% 1.10M 0s
   250K .......... .......... .......... .......... .......... 46%  937K 0s
   300K .......... .......... .......... .......... .......... 54%  463M 0s
   350K .......... .......... .......... .......... .......... 62% 14.9M 0s
   400K .......... .......... .......... .......... .......... 70% 1.30M 0s
   450K .......... .......... .......... .......... .......... 78% 2.32M 0s
   500K .......... .......... .......... .......... .......... 85% 2.25M 0s
   550K .......... .......... .......... .......... .......... 93% 1.84M 0s
   600K .......... .......... .......... ..........           100% 2.23M=0.3s

2026-09-12 19:19:02 (2.33 MB/s) - ‘cdn.prod.website-files.com/6a44eec1ed1af2c4c403df6b/6a44eec1ed1af2c4c403e80c_Rectangle banner.jpg’ saved [655430/655430]

--2026-09-12 19:19:02--  https://cdn.prod.website-files.com/6a44eec1ed1af2c4c403df6b/6a44eec1ed1af2c4c403e261_ic-visa.jpg
Reusing existing connection to [cdn.prod.website-files.com]:443.
HTTP request sent, awaiting response... 200 OK
Length: 1830 (1.8K) [image/jpeg]
Saving to: ‘cdn.prod.website-files.com/6a44eec1ed1af2c4c403df6b/6a44eec1ed1af2c4c403e261_ic-visa.jpg’

     0K .                                                     100% 53.7M=0s

2026-09-12 19:19:02 (53.7 MB/s) - ‘cdn.prod.website-files.com/6a44eec1ed1af2c4c403df6b/6a44eec1ed1af2c4c403e261_ic-visa.jpg’ saved [1830/1830]

--2026-09-12 19:19:02--  https://cdn.prod.website-files.com/6a44eec1ed1af2c4c403df6b/6a44eec1ed1af2c4c403e263_ic_2.jpg
Reusing existing connection to [cdn.prod.website-files.com]:443.
HTTP request sent, awaiting response... 200 OK
Length: 4231 (4.1K) [image/jpeg]
Saving to: ‘cdn.prod.website-files.com/6a44eec1ed1af2c4c403df6b/6a44eec1ed1af2c4c403e263_ic_2.jpg’

     0K ....                                                  100%  517K=0.008s

2026-09-12 19:19:02 (517 KB/s) - ‘cdn.prod.website-files.com/6a44eec1ed1af2c4c403df6b/6a44eec1ed1af2c4c403e263_ic_2.jpg’ saved [4231/4231]

--2026-09-12 19:19:02--  https://cdn.prod.website-files.com/6a44eec1ed1af2c4c403df6b/6a44eec1ed1af2c4c403e264_ic_pay.jpg
Reusing existing connection to [cdn.prod.website-files.com]:443.
HTTP request sent, awaiting response... 200 OK
Length: 2233 (2.2K) [image/jpeg]
Saving to: ‘cdn.prod.website-files.com/6a44eec1ed1af2c4c403df6b/6a44eec1ed1af2c4c403e264_ic_pay.jpg’

     0K ..                                                    100% 81.2M=0s

2026-09-12 19:19:02 (81.2 MB/s) - ‘cdn.prod.website-files.com/6a44eec1ed1af2c4c403df6b/6a44eec1ed1af2c4c403e264_ic_pay.jpg’ saved [2233/2233]

--2026-09-12 19:19:02--  https://cdn.prod.website-files.com/6a44eec1ed1af2c4c403df6b/6a44eec1ed1af2c4c403e262_ic_AM.jpg
Reusing existing connection to [cdn.prod.website-files.com]:443.
HTTP request sent, awaiting response... 200 OK
Length: 6771 (6.6K) [image/jpeg]
Saving to: ‘cdn.prod.website-files.com/6a44eec1ed1af2c4c403df6b/6a44eec1ed1af2c4c403e262_ic_AM.jpg’

     0K ......                                                100%  825K=0.008s

2026-09-12 19:19:02 (825 KB/s) - ‘cdn.prod.website-files.com/6a44eec1ed1af2c4c403df6b/6a44eec1ed1af2c4c403e262_ic_AM.jpg’ saved [6771/6771]

--2026-09-12 19:19:02--  https://cdn.prod.website-files.com/6a44eec1ed1af2c4c403df68/6a84389547a39ee69abd65f3_conflict%20thumb.jpg
Reusing existing connection to [cdn.prod.website-files.com]:443.
HTTP request sent, awaiting response... 200 OK
Length: 80901 (79K) [image/jpeg]
Saving to: ‘cdn.prod.website-files.com/6a44eec1ed1af2c4c403df68/6a84389547a39ee69abd65f3_conflict thumb.jpg’

     0K .......... .......... .......... .......... .......... 63% 2.24M 0s
    50K .......... .......... .........                       100% 2.24M=0.03s

2026-09-12 19:19:02 (2.24 MB/s) - ‘cdn.prod.website-files.com/6a44eec1ed1af2c4c403df68/6a84389547a39ee69abd65f3_conflict thumb.jpg’ saved [80901/80901]

--2026-09-12 19:19:02--  https://cdn.prod.website-files.com/6a44eec1ed1af2c4c403df68/6a84389547a39ee69abd65f3_conflict%20thumb-p-500.jpg
Reusing existing connection to [cdn.prod.website-files.com]:443.
HTTP request sent, awaiting response... 200 OK
Length: 19484 (19K) [image/jpg]
Saving to: ‘cdn.prod.website-files.com/6a44eec1ed1af2c4c403df68/6a84389547a39ee69abd65f3_conflict thumb-p-500.jpg’

     0K .......... .........                                  100%  353M=0s

2026-09-12 19:19:02 (353 MB/s) - ‘cdn.prod.website-files.com/6a44eec1ed1af2c4c403df68/6a84389547a39ee69abd65f3_conflict thumb-p-500.jpg’ saved [19484/19484]

--2026-09-12 19:19:02--  https://cdn.prod.website-files.com/6a44eec1ed1af2c4c403df68/6a84389547a39ee69abd65f3_conflict%20thumb-p-800.jpg
Reusing existing connection to [cdn.prod.website-files.com]:443.
HTTP request sent, awaiting response... 200 OK
Length: 38690 (38K) [image/jpg]
Saving to: ‘cdn.prod.website-files.com/6a44eec1ed1af2c4c403df68/6a84389547a39ee69abd65f3_conflict thumb-p-800.jpg’

     0K .......... .......... .......... .......              100% 2.99M=0.01s

2026-09-12 19:19:02 (2.99 MB/s) - ‘cdn.prod.website-files.com/6a44eec1ed1af2c4c403df68/6a84389547a39ee69abd65f3_conflict thumb-p-800.jpg’ saved [38690/38690]

--2026-09-12 19:19:02--  https://cdn.prod.website-files.com/6a44eec1ed1af2c4c403df68/6a84389547a39ee69abd65f3_conflict%20thumb-p-1080.jpg
Reusing existing connection to [cdn.prod.website-files.com]:443.
HTTP request sent, awaiting response... 200 OK
Length: 58279 (57K) [image/jpg]
Saving to: ‘cdn.prod.website-files.com/6a44eec1ed1af2c4c403df68/6a84389547a39ee69abd65f3_conflict thumb-p-1080.jpg’

     0K .......... .......... .......... .......... .......... 87% 1.90M 0s
    50K ......                                                100% 4.54M=0.03s

2026-09-12 19:19:02 (2.04 MB/s) - ‘cdn.prod.website-files.com/6a44eec1ed1af2c4c403df68/6a84389547a39ee69abd65f3_conflict thumb-p-1080.jpg’ saved [58279/58279]

--2026-09-12 19:19:02--  https://cdn.prod.website-files.com/6a44eec1ed1af2c4c403df68/6a843ae7afaade3ad6ab7516_red%20alert%20thumb.jpg
Reusing existing connection to [cdn.prod.website-files.com]:443.
HTTP request sent, awaiting response... 200 OK
Length: 79322 (77K) [image/jpeg]
Saving to: ‘cdn.prod.website-files.com/6a44eec1ed1af2c4c403df68/6a843ae7afaade3ad6ab7516_red alert thumb.jpg’

     0K .......... .......... .......... .......... .......... 64% 1.66M 0s
    50K .......... .......... .......                         100% 2.26M=0.04s

2026-09-12 19:19:02 (1.83 MB/s) - ‘cdn.prod.website-files.com/6a44eec1ed1af2c4c403df68/6a843ae7afaade3ad6ab7516_red alert thumb.jpg’ saved [79322/79322]

--2026-09-12 19:19:02--  https://cdn.prod.website-files.com/6a44eec1ed1af2c4c403df68/6a843ae7afaade3ad6ab7516_red%20alert%20thumb-p-500.jpg
Reusing existing connection to [cdn.prod.website-files.com]:443.
HTTP request sent, awaiting response... 200 OK
Length: 22726 (22K) [image/jpg]
Saving to: ‘cdn.prod.website-files.com/6a44eec1ed1af2c4c403df68/6a843ae7afaade3ad6ab7516_red alert thumb-p-500.jpg’

     0K .......... .......... ..                              100% 1.74M=0.01s

2026-09-12 19:19:02 (1.74 MB/s) - ‘cdn.prod.website-files.com/6a44eec1ed1af2c4c403df68/6a843ae7afaade3ad6ab7516_red alert thumb-p-500.jpg’ saved [22726/22726]

--2026-09-12 19:19:02--  https://cdn.prod.website-files.com/6a44eec1ed1af2c4c403df68/6a843ae7afaade3ad6ab7516_red%20alert%20thumb-p-800.jpg
Reusing existing connection to [cdn.prod.website-files.com]:443.
HTTP request sent, awaiting response... 200 OK
Length: 44031 (43K) [image/jpg]
Saving to: ‘cdn.prod.website-files.com/6a44eec1ed1af2c4c403df68/6a843ae7afaade3ad6ab7516_red alert thumb-p-800.jpg’

     0K .......... .......... .......... .......... ..        100% 2.66M=0.02s

2026-09-12 19:19:03 (2.66 MB/s) - ‘cdn.prod.website-files.com/6a44eec1ed1af2c4c403df68/6a843ae7afaade3ad6ab7516_red alert thumb-p-800.jpg’ saved [44031/44031]

--2026-09-12 19:19:03--  https://cdn.prod.website-files.com/6a44eec1ed1af2c4c403df68/6a843ae7afaade3ad6ab7516_red%20alert%20thumb-p-1080.jpg
Reusing existing connection to [cdn.prod.website-files.com]:443.
HTTP request sent, awaiting response... 200 OK
Length: 66401 (65K) [image/jpg]
Saving to: ‘cdn.prod.website-files.com/6a44eec1ed1af2c4c403df68/6a843ae7afaade3ad6ab7516_red alert thumb-p-1080.jpg’

     0K .......... .......... .......... .......... .......... 77% 2.31M 0s
    50K .......... ....                                       100% 2.17M=0.03s

2026-09-12 19:19:03 (2.28 MB/s) - ‘cdn.prod.website-files.com/6a44eec1ed1af2c4c403df68/6a843ae7afaade3ad6ab7516_red alert thumb-p-1080.jpg’ saved [66401/66401]

--2026-09-12 19:19:03--  https://cdn.prod.website-files.com/6a44eec1ed1af2c4c403df68/6a843f053515dd36f55c9ef9_typhoon%202%20thumb.jpg
Reusing existing connection to [cdn.prod.website-files.com]:443.
HTTP request sent, awaiting response... 200 OK
Length: 122173 (119K) [image/jpeg]
Saving to: ‘cdn.prod.website-files.com/6a44eec1ed1af2c4c403df68/6a843f053515dd36f55c9ef9_typhoon 2 thumb.jpg’

     0K .......... .......... .......... .......... .......... 41% 1.89M 0s
    50K .......... .......... .......... .......... .......... 83% 1.93M 0s
   100K .......... .........                                  100% 1.84M=0.06s

2026-09-12 19:19:03 (1.90 MB/s) - ‘cdn.prod.website-files.com/6a44eec1ed1af2c4c403df68/6a843f053515dd36f55c9ef9_typhoon 2 thumb.jpg’ saved [122173/122173]

--2026-09-12 19:19:03--  https://cdn.prod.website-files.com/6a44eec1ed1af2c4c403df68/6a843f053515dd36f55c9ef9_typhoon%202%20thumb-p-500.jpg
Reusing existing connection to [cdn.prod.website-files.com]:443.
HTTP request sent, awaiting response... 200 OK
Length: 30672 (30K) [image/jpg]
Saving to: ‘cdn.prod.website-files.com/6a44eec1ed1af2c4c403df68/6a843f053515dd36f55c9ef9_typhoon 2 thumb-p-500.jpg’

     0K .......... .......... .........                       100% 3.53M=0.008s

2026-09-12 19:19:03 (3.53 MB/s) - ‘cdn.prod.website-files.com/6a44eec1ed1af2c4c403df68/6a843f053515dd36f55c9ef9_typhoon 2 thumb-p-500.jpg’ saved [30672/30672]

--2026-09-12 19:19:03--  https://cdn.prod.website-files.com/6a44eec1ed1af2c4c403df68/6a843f053515dd36f55c9ef9_typhoon%202%20thumb-p-800.jpg
Reusing existing connection to [cdn.prod.website-files.com]:443.
HTTP request sent, awaiting response... 200 OK
Length: 66547 (65K) [image/jpg]
Saving to: ‘cdn.prod.website-files.com/6a44eec1ed1af2c4c403df68/6a843f053515dd36f55c9ef9_typhoon 2 thumb-p-800.jpg’

     0K .......... .......... .......... .......... .......... 76% 2.13M 0s
    50K .......... ....                                       100% 4.05M=0.03s

2026-09-12 19:19:03 (2.39 MB/s) - ‘cdn.prod.website-files.com/6a44eec1ed1af2c4c403df68/6a843f053515dd36f55c9ef9_typhoon 2 thumb-p-800.jpg’ saved [66547/66547]

--2026-09-12 19:19:03--  https://cdn.prod.website-files.com/6a44eec1ed1af2c4c403df68/6a843f053515dd36f55c9ef9_typhoon%202%20thumb-p-1080.jpg
Reusing existing connection to [cdn.prod.website-files.com]:443.
HTTP request sent, awaiting response... 200 OK
Length: 105123 (103K) [image/jpg]
Saving to: ‘cdn.prod.website-files.com/6a44eec1ed1af2c4c403df68/6a843f053515dd36f55c9ef9_typhoon 2 thumb-p-1080.jpg’

     0K .......... .......... .......... .......... .......... 48% 2.19M 0s
    50K .......... .......... .......... .......... .......... 97% 2.05M 0s
   100K ..                                                    100% 4.95T=0.05s

2026-09-12 19:19:03 (2.18 MB/s) - ‘cdn.prod.website-files.com/6a44eec1ed1af2c4c403df68/6a843f053515dd36f55c9ef9_typhoon 2 thumb-p-1080.jpg’ saved [105123/105123]

--2026-09-12 19:19:03--  https://cdn.prod.website-files.com/6a44eec1ed1af2c4c403df68/6a843fbaeb95874f3861196d_SE%20image.jpg
Reusing existing connection to [cdn.prod.website-files.com]:443.
HTTP request sent, awaiting response... 200 OK
Length: 301810 (295K) [image/jpeg]
Saving to: ‘cdn.prod.website-files.com/6a44eec1ed1af2c4c403df68/6a843fbaeb95874f3861196d_SE image.jpg’

     0K .......... .......... .......... .......... .......... 16% 2.86M 0s
    50K .......... .......... .......... .......... .......... 33% 2.37M 0s
   100K .......... .......... .......... .......... .......... 50% 2.78M 0s
   150K .......... .......... .......... .......... .......... 67% 3.07M 0s
   200K .......... .......... .......... .......... .......... 84% 3.64M 0s
   250K .......... .......... .......... .......... ....      100% 3.83M=0.1s

2026-09-12 19:19:03 (3.00 MB/s) - ‘cdn.prod.website-files.com/6a44eec1ed1af2c4c403df68/6a843fbaeb95874f3861196d_SE image.jpg’ saved [301810/301810]

--2026-09-12 19:19:03--  https://cdn.prod.website-files.com/6a44eec1ed1af2c4c403df68/6a843fbaeb95874f3861196d_SE%20image-p-500.jpg
Reusing existing connection to [cdn.prod.website-files.com]:443.
HTTP request sent, awaiting response... 200 OK
Length: 42436 (41K) [image/jpg]
Saving to: ‘cdn.prod.website-files.com/6a44eec1ed1af2c4c403df68/6a843fbaeb95874f3861196d_SE image-p-500.jpg’

     0K .......... .......... .......... .......... .         100% 4.57M=0.009s

2026-09-12 19:19:03 (4.57 MB/s) - ‘cdn.prod.website-files.com/6a44eec1ed1af2c4c403df68/6a843fbaeb95874f3861196d_SE image-p-500.jpg’ saved [42436/42436]

--2026-09-12 19:19:03--  https://cdn.prod.website-files.com/6a44eec1ed1af2c4c403df68/6a843fbaeb95874f3861196d_SE%20image-p-800.jpg
Reusing existing connection to [cdn.prod.website-files.com]:443.
HTTP request sent, awaiting response... 200 OK
Length: 85304 (83K) [image/jpg]
Saving to: ‘cdn.prod.website-files.com/6a44eec1ed1af2c4c403df68/6a843fbaeb95874f3861196d_SE image-p-800.jpg’

     0K .......... .......... .......... .......... .......... 60% 5.73M 0s
    50K .......... .......... .......... ...                  100% 4.16M=0.02s

2026-09-12 19:19:03 (4.98 MB/s) - ‘cdn.prod.website-files.com/6a44eec1ed1af2c4c403df68/6a843fbaeb95874f3861196d_SE image-p-800.jpg’ saved [85304/85304]

--2026-09-12 19:19:03--  https://cdn.prod.website-files.com/6a44eec1ed1af2c4c403df68/6a843fbaeb95874f3861196d_SE%20image-p-1080.jpg
Reusing existing connection to [cdn.prod.website-files.com]:443.
HTTP request sent, awaiting response... 200 OK
Length: 130441 (127K) [image/jpg]
Saving to: ‘cdn.prod.website-files.com/6a44eec1ed1af2c4c403df68/6a843fbaeb95874f3861196d_SE image-p-1080.jpg’

     0K .......... .......... .......... .......... .......... 39% 2.42M 0s
    50K .......... .......... .......... .......... .......... 78% 4.54M 0s
   100K .......... .......... .......                         100% 4.24M=0.04s

2026-09-12 19:19:03 (3.34 MB/s) - ‘cdn.prod.website-files.com/6a44eec1ed1af2c4c403df68/6a843fbaeb95874f3861196d_SE image-p-1080.jpg’ saved [130441/130441]

--2026-09-12 19:19:03--  https://cdn.prod.website-files.com/6a44eec1ed1af2c4c403df68/6a843fbaeb95874f3861196d_SE%20image-p-1600.jpg
Reusing existing connection to [cdn.prod.website-files.com]:443.
HTTP request sent, awaiting response... 200 OK
Length: 224612 (219K) [image/jpg]
Saving to: ‘cdn.prod.website-files.com/6a44eec1ed1af2c4c403df68/6a843fbaeb95874f3861196d_SE image-p-1600.jpg’

     0K .......... .......... .......... .......... .......... 22% 3.67M 0s
    50K .......... .......... .......... .......... .......... 45% 4.62M 0s
   100K .......... .......... .......... .......... .......... 68% 3.47M 0s
   150K .......... .......... .......... .......... .......... 91% 4.95M 0s
   200K .......... .........                                  100% 5.04M=0.05s

2026-09-12 19:19:03 (4.15 MB/s) - ‘cdn.prod.website-files.com/6a44eec1ed1af2c4c403df68/6a843fbaeb95874f3861196d_SE image-p-1600.jpg’ saved [224612/224612]

--2026-09-12 19:19:03--  https://cdn.prod.website-files.com/6a44eec1ed1af2c4c403df68/6a4dca1e35ef4af2606215bf_41e28332.png
Reusing existing connection to [cdn.prod.website-files.com]:443.
HTTP request sent, awaiting response... 200 OK
Length: 927572 (906K) [image/png]
Saving to: ‘cdn.prod.website-files.com/6a44eec1ed1af2c4c403df68/6a4dca1e35ef4af2606215bf_41e28332.png’

     0K .......... .......... .......... .......... ..........  5% 7.16M 0s
    50K .......... .......... .......... .......... .......... 11% 3.80M 0s
   100K .......... .......... .......... .......... .......... 16% 1.64M 0s
   150K .......... .......... .......... .......... .......... 22%  369M 0s
   200K .......... .......... .......... .......... .......... 27% 19.5M 0s
   250K .......... .......... .......... .......... .......... 33% 2.83M 0s
   300K .......... .......... .......... .......... .......... 38%  902K 0s
   350K .......... .......... .......... .......... .......... 44% 2.65M 0s
   400K .......... .......... .......... .......... .......... 49% 1.71M 0s
   450K .......... .......... .......... .......... .......... 55% 1.40M 0s
   500K .......... .......... .......... .......... .......... 60% 3.24M 0s
   550K .......... .......... .......... .......... .......... 66% 1.69M 0s
   600K .......... .......... .......... .......... .......... 71% 4.23M 0s
   650K .......... .......... .......... .......... .......... 77% 1.35M 0s
   700K .......... .......... .......... .......... .......... 82% 2.30M 0s
   750K .......... .......... .......... .......... .......... 88% 1.90M 0s
   800K .......... .......... .......... .......... .......... 93% 1.31M 0s
   850K .......... .......... .......... .......... .......... 99% 2.10M 0s
   900K .....                                                 100% 10.9T=0.4s

2026-09-12 19:19:05 (2.18 MB/s) - ‘cdn.prod.website-files.com/6a44eec1ed1af2c4c403df68/6a4dca1e35ef4af2606215bf_41e28332.png’ saved [927572/927572]

--2026-09-12 19:19:05--  https://cdn.prod.website-files.com/6a44eec1ed1af2c4c403df68/6a44eec1ed1af2c4c403e6a3_img%20(1).jpg
Reusing existing connection to [cdn.prod.website-files.com]:443.
HTTP request sent, awaiting response... 200 OK
Length: 199285 (195K) [image/jpeg]
Saving to: ‘cdn.prod.website-files.com/6a44eec1ed1af2c4c403df68/6a44eec1ed1af2c4c403e6a3_img (1).jpg’

     0K .......... .......... .......... .......... .......... 25% 1.76M 0s
    50K .......... .......... .......... .......... .......... 51% 1.82M 0s
   100K .......... .......... .......... .......... .......... 77% 1.49M 0s
   150K .......... .......... .......... .......... ....      100% 2.04M=0.1s

2026-09-12 19:19:05 (1.75 MB/s) - ‘cdn.prod.website-files.com/6a44eec1ed1af2c4c403df68/6a44eec1ed1af2c4c403e6a3_img (1).jpg’ saved [199285/199285]

--2026-09-12 19:19:05--  https://cdn.prod.website-files.com/6a44eec1ed1af2c4c403df68/6a4e02ed5518c7a8efe68df8_Thumb%2003%20(1).jpg
Reusing existing connection to [cdn.prod.website-files.com]:443.
HTTP request sent, awaiting response... 200 OK
Length: 308141 (301K) [image/jpeg]
Saving to: ‘cdn.prod.website-files.com/6a44eec1ed1af2c4c403df68/6a4e02ed5518c7a8efe68df8_Thumb 03 (1).jpg’

     0K .......... .......... .......... .......... .......... 16% 1.82M 0s
    50K .......... .......... .......... .......... .......... 33% 1.55M 0s
   100K .......... .......... .......... .......... .......... 49% 1.97M 0s
   150K .......... .......... .......... .......... .......... 66% 1.84M 0s
   200K .......... .......... .......... .......... .......... 83% 1.71M 0s
   250K .......... .......... .......... .......... .......... 99% 2.03M 0s
   300K                                                       100% 1.71T=0.2s

2026-09-12 19:19:05 (1.81 MB/s) - ‘cdn.prod.website-files.com/6a44eec1ed1af2c4c403df68/6a4e02ed5518c7a8efe68df8_Thumb 03 (1).jpg’ saved [308141/308141]

--2026-09-12 19:19:05--  https://cdn.prod.website-files.com/6a44eec1ed1af2c4c403df68/6a4e02ed5518c7a8efe68df8_Thumb%2003%20(1)-p-500.jpg
Reusing existing connection to [cdn.prod.website-files.com]:443.
HTTP request sent, awaiting response... 200 OK
Length: 24182 (24K) [image/jpg]
Saving to: ‘cdn.prod.website-files.com/6a44eec1ed1af2c4c403df68/6a4e02ed5518c7a8efe68df8_Thumb 03 (1)-p-500.jpg’

     0K .......... .......... ...                             100% 3.56M=0.006s

2026-09-12 19:19:05 (3.56 MB/s) - ‘cdn.prod.website-files.com/6a44eec1ed1af2c4c403df68/6a4e02ed5518c7a8efe68df8_Thumb 03 (1)-p-500.jpg’ saved [24182/24182]

--2026-09-12 19:19:05--  https://cdn.prod.website-files.com/6a44eec1ed1af2c4c403df68/6a4e02ed5518c7a8efe68df8_Thumb%2003%20(1)-p-800.jpg
Reusing existing connection to [cdn.prod.website-files.com]:443.
HTTP request sent, awaiting response... 200 OK
Length: 54208 (53K) [image/jpg]
Saving to: ‘cdn.prod.website-files.com/6a44eec1ed1af2c4c403df68/6a4e02ed5518c7a8efe68df8_Thumb 03 (1)-p-800.jpg’

     0K .......... .......... .......... .......... .......... 94% 1.62M 0s
    50K ..                                                    100% 5.47T=0.03s

2026-09-12 19:19:05 (1.71 MB/s) - ‘cdn.prod.website-files.com/6a44eec1ed1af2c4c403df68/6a4e02ed5518c7a8efe68df8_Thumb 03 (1)-p-800.jpg’ saved [54208/54208]

--2026-09-12 19:19:05--  https://cdn.prod.website-files.com/6a44eec1ed1af2c4c403df68/6a4e02ed5518c7a8efe68df8_Thumb%2003%20(1)-p-1080.jpg
Reusing existing connection to [cdn.prod.website-files.com]:443.
HTTP request sent, awaiting response... 200 OK
Length: 91107 (89K) [image/jpg]
Saving to: ‘cdn.prod.website-files.com/6a44eec1ed1af2c4c403df68/6a4e02ed5518c7a8efe68df8_Thumb 03 (1)-p-1080.jpg’

     0K .......... .......... .......... .......... .......... 56% 2.24M 0s
    50K .......... .......... .......... ........             100% 2.41M=0.04s

2026-09-12 19:19:05 (2.31 MB/s) - ‘cdn.prod.website-files.com/6a44eec1ed1af2c4c403df68/6a4e02ed5518c7a8efe68df8_Thumb 03 (1)-p-1080.jpg’ saved [91107/91107]

--2026-09-12 19:19:05--  https://cdn.prod.website-files.com/6a44eec1ed1af2c4c403df68/6a4e02ed5518c7a8efe68df8_Thumb%2003%20(1)-p-1600.jpg
Reusing existing connection to [cdn.prod.website-files.com]:443.
HTTP request sent, awaiting response... 200 OK
Length: 167460 (164K) [image/jpg]
Saving to: ‘cdn.prod.website-files.com/6a44eec1ed1af2c4c403df68/6a4e02ed5518c7a8efe68df8_Thumb 03 (1)-p-1600.jpg’

     0K .......... .......... .......... .......... .......... 30% 2.59M 0s
    50K .......... .......... .......... .......... .......... 61% 2.02M 0s
   100K .......... .......... .......... .......... .......... 91% 2.55M 0s
   150K .......... ...                                        100% 10.7M=0.06s

2026-09-12 19:19:05 (2.52 MB/s) - ‘cdn.prod.website-files.com/6a44eec1ed1af2c4c403df68/6a4e02ed5518c7a8efe68df8_Thumb 03 (1)-p-1600.jpg’ saved [167460/167460]

--2026-09-12 19:19:05--  https://cdn.prod.website-files.com/6a44eec1ed1af2c4c403df68/6a4e02ed5518c7a8efe68df8_Thumb%2003%20(1)-p-2000.jpg
Reusing existing connection to [cdn.prod.website-files.com]:443.
HTTP request sent, awaiting response... 200 OK
Length: 230756 (225K) [image/jpg]
Saving to: ‘cdn.prod.website-files.com/6a44eec1ed1af2c4c403df68/6a4e02ed5518c7a8efe68df8_Thumb 03 (1)-p-2000.jpg’

     0K .......... .......... .......... .......... .......... 22% 3.25M 0s
    50K .......... .......... .......... .......... .......... 44% 2.28M 0s
   100K .......... .......... .......... .......... .......... 66% 3.28M 0s
   150K .......... .......... .......... .......... .......... 88% 3.24M 0s
   200K .......... .......... .....                           100% 4.82M=0.07s

2026-09-12 19:19:05 (3.08 MB/s) - ‘cdn.prod.website-files.com/6a44eec1ed1af2c4c403df68/6a4e02ed5518c7a8efe68df8_Thumb 03 (1)-p-2000.jpg’ saved [230756/230756]

--2026-09-12 19:19:05--  https://cdn.prod.website-files.com/6a44eec1ed1af2c4c403df68/6a843819ffb3daa310f13302_colombia%20thumb.jpg
Reusing existing connection to [cdn.prod.website-files.com]:443.
HTTP request sent, awaiting response... 200 OK
Length: 90677 (89K) [image/jpeg]
Saving to: ‘cdn.prod.website-files.com/6a44eec1ed1af2c4c403df68/6a843819ffb3daa310f13302_colombia thumb.jpg’

     0K .......... .......... .......... .......... .......... 56% 2.75M 0s
    50K .......... .......... .......... ........             100% 9.49M=0.02s

2026-09-12 19:19:05 (3.98 MB/s) - ‘cdn.prod.website-files.com/6a44eec1ed1af2c4c403df68/6a843819ffb3daa310f13302_colombia thumb.jpg’ saved [90677/90677]

--2026-09-12 19:19:05--  https://cdn.prod.website-files.com/6a44eec1ed1af2c4c403df68/6a843819ffb3daa310f13302_colombia%20thumb-p-500.jpg
Reusing existing connection to [cdn.prod.website-files.com]:443.
HTTP request sent, awaiting response... 200 OK
Length: 17412 (17K) [image/jpg]
Saving to: ‘cdn.prod.website-files.com/6a44eec1ed1af2c4c403df68/6a843819ffb3daa310f13302_colombia thumb-p-500.jpg’

     0K .......... .......                                    100%  226M=0s

2026-09-12 19:19:06 (226 MB/s) - ‘cdn.prod.website-files.com/6a44eec1ed1af2c4c403df68/6a843819ffb3daa310f13302_colombia thumb-p-500.jpg’ saved [17412/17412]

--2026-09-12 19:19:06--  https://cdn.prod.website-files.com/6a44eec1ed1af2c4c403df68/6a843819ffb3daa310f13302_colombia%20thumb-p-800.jpg
Reusing existing connection to [cdn.prod.website-files.com]:443.
HTTP request sent, awaiting response... 200 OK
Length: 36305 (35K) [image/jpg]
Saving to: ‘cdn.prod.website-files.com/6a44eec1ed1af2c4c403df68/6a843819ffb3daa310f13302_colombia thumb-p-800.jpg’

     0K .......... .......... .......... .....                100% 48.8M=0.001s

2026-09-12 19:19:07 (48.8 MB/s) - ‘cdn.prod.website-files.com/6a44eec1ed1af2c4c403df68/6a843819ffb3daa310f13302_colombia thumb-p-800.jpg’ saved [36305/36305]

--2026-09-12 19:19:07--  https://cdn.prod.website-files.com/6a44eec1ed1af2c4c403df68/6a843819ffb3daa310f13302_colombia%20thumb-p-1080.jpg
Reusing existing connection to [cdn.prod.website-files.com]:443.
HTTP request sent, awaiting response... 200 OK
Length: 55701 (54K) [image/jpg]
Saving to: ‘cdn.prod.website-files.com/6a44eec1ed1af2c4c403df68/6a843819ffb3daa310f13302_colombia thumb-p-1080.jpg’

     0K .......... .......... .......... .......... .......... 91% 1.50M 0s
    50K ....                                                  100% 8.19T=0.03s

2026-09-12 19:19:07 (1.63 MB/s) - ‘cdn.prod.website-files.com/6a44eec1ed1af2c4c403df68/6a843819ffb3daa310f13302_colombia thumb-p-1080.jpg’ saved [55701/55701]

--2026-09-12 19:19:07--  https://cdn.prod.website-files.com/6a44eec1ed1af2c4c403df68/6a8ce28a77ad039601413642_CV%20awards.jpg
Reusing existing connection to [cdn.prod.website-files.com]:443.
HTTP request sent, awaiting response... 200 OK
Length: 134934 (132K) [image/jpeg]
Saving to: ‘cdn.prod.website-files.com/6a44eec1ed1af2c4c403df68/6a8ce28a77ad039601413642_CV awards.jpg’

     0K .......... .......... .......... .......... .......... 37% 5.47M 0s
    50K .......... .......... .......... .......... .......... 75% 3.67M 0s
   100K .......... .......... .......... .                    100% 5.89M=0.03s

2026-09-12 19:19:07 (4.68 MB/s) - ‘cdn.prod.website-files.com/6a44eec1ed1af2c4c403df68/6a8ce28a77ad039601413642_CV awards.jpg’ saved [134934/134934]

--2026-09-12 19:19:07--  https://cdn.prod.website-files.com/6a44eec1ed1af2c4c403df68/6a8ce28a77ad039601413642_CV%20awards-p-500.jpg
Reusing existing connection to [cdn.prod.website-files.com]:443.
HTTP request sent, awaiting response... 200 OK
Length: 21318 (21K) [image/jpg]
Saving to: ‘cdn.prod.website-files.com/6a44eec1ed1af2c4c403df68/6a8ce28a77ad039601413642_CV awards-p-500.jpg’

     0K .......... ..........                                 100%  228M=0s

2026-09-12 19:19:07 (228 MB/s) - ‘cdn.prod.website-files.com/6a44eec1ed1af2c4c403df68/6a8ce28a77ad039601413642_CV awards-p-500.jpg’ saved [21318/21318]

--2026-09-12 19:19:07--  https://cdn.prod.website-files.com/6a44eec1ed1af2c4c403df68/6a8ce28a77ad039601413642_CV%20awards-p-800.jpg
Reusing existing connection to [cdn.prod.website-files.com]:443.
HTTP request sent, awaiting response... 200 OK
Length: 48474 (47K) [image/jpg]
Saving to: ‘cdn.prod.website-files.com/6a44eec1ed1af2c4c403df68/6a8ce28a77ad039601413642_CV awards-p-800.jpg’

     0K .......... .......... .......... .......... .......   100% 5.46M=0.008s

2026-09-12 19:19:07 (5.46 MB/s) - ‘cdn.prod.website-files.com/6a44eec1ed1af2c4c403df68/6a8ce28a77ad039601413642_CV awards-p-800.jpg’ saved [48474/48474]

--2026-09-12 19:19:07--  https://cdn.prod.website-files.com/6a44eec1ed1af2c4c403df68/6a8ce28a77ad039601413642_CV%20awards-p-1080.jpg
Reusing existing connection to [cdn.prod.website-files.com]:443.
HTTP request sent, awaiting response... 200 OK
Length: 81922 (80K) [image/jpg]
Saving to: ‘cdn.prod.website-files.com/6a44eec1ed1af2c4c403df68/6a8ce28a77ad039601413642_CV awards-p-1080.jpg’

     0K .......... .......... .......... .......... .......... 62% 6.35M 0s
    50K .......... .......... ..........                      100% 8.12M=0.01s

2026-09-12 19:19:07 (6.92 MB/s) - ‘cdn.prod.website-files.com/6a44eec1ed1af2c4c403df68/6a8ce28a77ad039601413642_CV awards-p-1080.jpg’ saved [81922/81922]

--2026-09-12 19:19:07--  https://cdn.prod.website-files.com/6a44eec1ed1af2c4c403df68/6a84391d81f048cf96bb5e76_FWA%20thumb.jpg
Reusing existing connection to [cdn.prod.website-files.com]:443.
HTTP request sent, awaiting response... 200 OK
Length: 116900 (114K) [image/jpeg]
Saving to: ‘cdn.prod.website-files.com/6a44eec1ed1af2c4c403df68/6a84391d81f048cf96bb5e76_FWA thumb.jpg’

     0K .......... .......... .......... .......... .......... 43% 5.49M 0s
    50K .......... .......... .......... .......... .......... 87% 6.25M 0s
   100K .......... ....                                       100% 10.1M=0.02s

2026-09-12 19:19:07 (6.17 MB/s) - ‘cdn.prod.website-files.com/6a44eec1ed1af2c4c403df68/6a84391d81f048cf96bb5e76_FWA thumb.jpg’ saved [116900/116900]

--2026-09-12 19:19:07--  https://cdn.prod.website-files.com/6a44eec1ed1af2c4c403df68/6a84391d81f048cf96bb5e76_FWA%20thumb-p-500.jpg
Reusing existing connection to [cdn.prod.website-files.com]:443.
HTTP request sent, awaiting response... 200 OK
Length: 14938 (15K) [image/jpg]
Saving to: ‘cdn.prod.website-files.com/6a44eec1ed1af2c4c403df68/6a84391d81f048cf96bb5e76_FWA thumb-p-500.jpg’

     0K .......... ....                                       100%  310M=0s

2026-09-12 19:19:07 (310 MB/s) - ‘cdn.prod.website-files.com/6a44eec1ed1af2c4c403df68/6a84391d81f048cf96bb5e76_FWA thumb-p-500.jpg’ saved [14938/14938]

--2026-09-12 19:19:07--  https://cdn.prod.website-files.com/6a44eec1ed1af2c4c403df68/6a84391d81f048cf96bb5e76_FWA%20thumb-p-800.jpg
Reusing existing connection to [cdn.prod.website-files.com]:443.
HTTP request sent, awaiting response... 200 OK
Length: 33797 (33K) [image/jpg]
Saving to: ‘cdn.prod.website-files.com/6a44eec1ed1af2c4c403df68/6a84391d81f048cf96bb5e76_FWA thumb-p-800.jpg’

     0K .......... .......... .......... ...                  100% 4.30M=0.007s

2026-09-12 19:19:08 (4.30 MB/s) - ‘cdn.prod.website-files.com/6a44eec1ed1af2c4c403df68/6a84391d81f048cf96bb5e76_FWA thumb-p-800.jpg’ saved [33797/33797]

--2026-09-12 19:19:08--  https://cdn.prod.website-files.com/6a44eec1ed1af2c4c403df68/6a84391d81f048cf96bb5e76_FWA%20thumb-p-1080.jpg
Reusing existing connection to [cdn.prod.website-files.com]:443.
HTTP request sent, awaiting response... 200 OK
Length: 56113 (55K) [image/jpg]
Saving to: ‘cdn.prod.website-files.com/6a44eec1ed1af2c4c403df68/6a84391d81f048cf96bb5e76_FWA thumb-p-1080.jpg’

     0K .......... .......... .......... .......... .......... 91% 7.32M 0s
    50K ....                                                  100% 8.94T=0.007s

2026-09-12 19:19:08 (8.03 MB/s) - ‘cdn.prod.website-files.com/6a44eec1ed1af2c4c403df68/6a84391d81f048cf96bb5e76_FWA thumb-p-1080.jpg’ saved [56113/56113]

--2026-09-12 19:19:08--  https://cdn.prod.website-files.com/6a44eec1ed1af2c4c403df68/6a84391d81f048cf96bb5e76_FWA%20thumb-p-1600.jpg
Reusing existing connection to [cdn.prod.website-files.com]:443.
HTTP request sent, awaiting response... 200 OK
Length: 103877 (101K) [image/jpg]
Saving to: ‘cdn.prod.website-files.com/6a44eec1ed1af2c4c403df68/6a84391d81f048cf96bb5e76_FWA thumb-p-1600.jpg’

     0K .......... .......... .......... .......... .......... 49% 8.81M 0s
    50K .......... .......... .......... .......... .......... 98% 6.71M 0s
   100K .                                                     100% 2.69T=0.01s

2026-09-12 19:19:08 (7.73 MB/s) - ‘cdn.prod.website-files.com/6a44eec1ed1af2c4c403df68/6a84391d81f048cf96bb5e76_FWA thumb-p-1600.jpg’ saved [103877/103877]

--2026-09-12 19:19:08--  https://cdn.prod.website-files.com/6a44eec1ed1af2c4c403df68/6a8439fff631e78e71de1e91_AFR%20image.jpg
Reusing existing connection to [cdn.prod.website-files.com]:443.
HTTP request sent, awaiting response... 200 OK
Length: 272876 (266K) [image/jpeg]
Saving to: ‘cdn.prod.website-files.com/6a44eec1ed1af2c4c403df68/6a8439fff631e78e71de1e91_AFR image.jpg’

     0K .......... .......... .......... .......... .......... 18% 8.14M 0s
    50K .......... .......... .......... .......... .......... 37% 7.44M 0s
   100K .......... .......... .......... .......... .......... 56% 5.96M 0s
   150K .......... .......... .......... .......... .......... 75% 1.73M 0s
   200K .......... .......... .......... .......... .......... 93% 1.86M 0s
   250K .......... ......                                     100% 4.10M=0.08s

2026-09-12 19:19:08 (3.28 MB/s) - ‘cdn.prod.website-files.com/6a44eec1ed1af2c4c403df68/6a8439fff631e78e71de1e91_AFR image.jpg’ saved [272876/272876]

--2026-09-12 19:19:08--  https://cdn.prod.website-files.com/6a44eec1ed1af2c4c403df68/6a8439fff631e78e71de1e91_AFR%20image-p-500.jpg
Reusing existing connection to [cdn.prod.website-files.com]:443.
HTTP request sent, awaiting response... 200 OK
Length: 78905 (77K) [image/jpg]
Saving to: ‘cdn.prod.website-files.com/6a44eec1ed1af2c4c403df68/6a8439fff631e78e71de1e91_AFR image-p-500.jpg’

     0K .......... .......... .......... .......... .......... 64% 2.11M 0s
    50K .......... .......... .......                         100% 1.60M=0.04s

2026-09-12 19:19:08 (1.90 MB/s) - ‘cdn.prod.website-files.com/6a44eec1ed1af2c4c403df68/6a8439fff631e78e71de1e91_AFR image-p-500.jpg’ saved [78905/78905]

--2026-09-12 19:19:08--  https://cdn.prod.website-files.com/6a44eec1ed1af2c4c403df68/6a8439fff631e78e71de1e91_AFR%20image-p-800.jpg
Reusing existing connection to [cdn.prod.website-files.com]:443.
HTTP request sent, awaiting response... 200 OK
Length: 179798 (176K) [image/jpg]
Saving to: ‘cdn.prod.website-files.com/6a44eec1ed1af2c4c403df68/6a8439fff631e78e71de1e91_AFR image-p-800.jpg’

     0K .......... .......... .......... .......... .......... 28% 8.17M 0s
    50K .......... .......... .......... .......... .......... 56%  999K 0s
   100K .......... .......... .......... .......... .......... 85% 5.37M 0s
   150K .......... .......... .....                           100% 4.33M=0.07s

2026-09-12 19:19:08 (2.42 MB/s) - ‘cdn.prod.website-files.com/6a44eec1ed1af2c4c403df68/6a8439fff631e78e71de1e91_AFR image-p-800.jpg’ saved [179798/179798]

--2026-09-12 19:19:08--  https://cdn.prod.website-files.com/6a44eec1ed1af2c4c403df68/6a84408a47a48eae2d0c2ced_confidential%20thumb.jpg
Reusing existing connection to [cdn.prod.website-files.com]:443.
HTTP request sent, awaiting response... 200 OK
Length: 110886 (108K) [image/jpeg]
Saving to: ‘cdn.prod.website-files.com/6a44eec1ed1af2c4c403df68/6a84408a47a48eae2d0c2ced_confidential thumb.jpg’

     0K .......... .......... .......... .......... .......... 46% 3.98M 0s
    50K .......... .......... .......... .......... .......... 92% 1.30M 0s
   100K ........                                              100% 4.67M=0.05s

2026-09-12 19:19:08 (2.05 MB/s) - ‘cdn.prod.website-files.com/6a44eec1ed1af2c4c403df68/6a84408a47a48eae2d0c2ced_confidential thumb.jpg’ saved [110886/110886]

--2026-09-12 19:19:08--  https://cdn.prod.website-files.com/6a44eec1ed1af2c4c403df68/6a84408a47a48eae2d0c2ced_confidential%20thumb-p-500.jpg
Reusing existing connection to [cdn.prod.website-files.com]:443.
HTTP request sent, awaiting response... 200 OK
Length: 23736 (23K) [image/jpg]
Saving to: ‘cdn.prod.website-files.com/6a44eec1ed1af2c4c403df68/6a84408a47a48eae2d0c2ced_confidential thumb-p-500.jpg’

     0K .......... .......... ...                             100% 6.80M=0.003s

2026-09-12 19:19:08 (6.80 MB/s) - ‘cdn.prod.website-files.com/6a44eec1ed1af2c4c403df68/6a84408a47a48eae2d0c2ced_confidential thumb-p-500.jpg’ saved [23736/23736]

--2026-09-12 19:19:08--  https://cdn.prod.website-files.com/6a44eec1ed1af2c4c403df68/6a84408a47a48eae2d0c2ced_confidential%20thumb-p-800.jpg
Reusing existing connection to [cdn.prod.website-files.com]:443.
HTTP request sent, awaiting response... 200 OK
Length: 48713 (48K) [image/jpg]
Saving to: ‘cdn.prod.website-files.com/6a44eec1ed1af2c4c403df68/6a84408a47a48eae2d0c2ced_confidential thumb-p-800.jpg’

     0K .......... .......... .......... .......... .......   100% 5.51M=0.008s

2026-09-12 19:19:08 (5.51 MB/s) - ‘cdn.prod.website-files.com/6a44eec1ed1af2c4c403df68/6a84408a47a48eae2d0c2ced_confidential thumb-p-800.jpg’ saved [48713/48713]

--2026-09-12 19:19:08--  https://cdn.prod.website-files.com/6a44eec1ed1af2c4c403df68/6a84408a47a48eae2d0c2ced_confidential%20thumb-p-1080.jpg
Reusing existing connection to [cdn.prod.website-files.com]:443.
HTTP request sent, awaiting response... 200 OK
Length: 75840 (74K) [image/jpg]
Saving to: ‘cdn.prod.website-files.com/6a44eec1ed1af2c4c403df68/6a84408a47a48eae2d0c2ced_confidential thumb-p-1080.jpg’

     0K .......... .......... .......... .......... .......... 67% 4.86M 0s
    50K .......... .......... ....                            100% 7.44M=0.01s

2026-09-12 19:19:08 (5.48 MB/s) - ‘cdn.prod.website-files.com/6a44eec1ed1af2c4c403df68/6a84408a47a48eae2d0c2ced_confidential thumb-p-1080.jpg’ saved [75840/75840]

--2026-09-12 19:19:08--  https://cdn.prod.website-files.com/6a44eec1ed1af2c4c403df68/6a4f9127ab918c09aa334780_Thumb%209.webp
Reusing existing connection to [cdn.prod.website-files.com]:443.
HTTP request sent, awaiting response... 200 OK
Length: 145074 (142K) [image/webp]
Saving to: ‘cdn.prod.website-files.com/6a44eec1ed1af2c4c403df68/6a4f9127ab918c09aa334780_Thumb 9.webp’

     0K .......... .......... .......... .......... .......... 35% 5.81M 0s
    50K .......... .......... .......... .......... .......... 70%  964K 0s
   100K .......... .......... .......... .......... .         100% 29.0M=0.06s

2026-09-12 19:19:08 (2.24 MB/s) - ‘cdn.prod.website-files.com/6a44eec1ed1af2c4c403df68/6a4f9127ab918c09aa334780_Thumb 9.webp’ saved [145074/145074]

--2026-09-12 19:19:08--  https://cdn.prod.website-files.com/6a44eec1ed1af2c4c403df68/6a4f9127ab918c09aa334780_Thumb%209-p-500.webp
Reusing existing connection to [cdn.prod.website-files.com]:443.
HTTP request sent, awaiting response... 200 OK
Length: 18184 (18K) [image/webp]
Saving to: ‘cdn.prod.website-files.com/6a44eec1ed1af2c4c403df68/6a4f9127ab918c09aa334780_Thumb 9-p-500.webp’

     0K .......... .......                                    100% 29.5M=0.001s

2026-09-12 19:19:08 (29.5 MB/s) - ‘cdn.prod.website-files.com/6a44eec1ed1af2c4c403df68/6a4f9127ab918c09aa334780_Thumb 9-p-500.webp’ saved [18184/18184]

--2026-09-12 19:19:08--  https://cdn.prod.website-files.com/6a44eec1ed1af2c4c403df68/6a4f9127ab918c09aa334780_Thumb%209-p-800.webp
Reusing existing connection to [cdn.prod.website-files.com]:443.
HTTP request sent, awaiting response... 200 OK
Length: 35330 (35K) [image/webp]
Saving to: ‘cdn.prod.website-files.com/6a44eec1ed1af2c4c403df68/6a4f9127ab918c09aa334780_Thumb 9-p-800.webp’

     0K .......... .......... .......... ....                 100% 7.49M=0.004s

2026-09-12 19:19:08 (7.49 MB/s) - ‘cdn.prod.website-files.com/6a44eec1ed1af2c4c403df68/6a4f9127ab918c09aa334780_Thumb 9-p-800.webp’ saved [35330/35330]

--2026-09-12 19:19:08--  https://cdn.prod.website-files.com/6a44eec1ed1af2c4c403df68/6a4f9127ab918c09aa334780_Thumb%209-p-1080.webp
Reusing existing connection to [cdn.prod.website-files.com]:443.
HTTP request sent, awaiting response... 200 OK
Length: 52846 (52K) [image/webp]
Saving to: ‘cdn.prod.website-files.com/6a44eec1ed1af2c4c403df68/6a4f9127ab918c09aa334780_Thumb 9-p-1080.webp’

     0K .......... .......... .......... .......... .......... 96% 4.67M 0s
    50K .                                                     100% 2.99T=0.01s

2026-09-12 19:19:08 (4.82 MB/s) - ‘cdn.prod.website-files.com/6a44eec1ed1af2c4c403df68/6a4f9127ab918c09aa334780_Thumb 9-p-1080.webp’ saved [52846/52846]

--2026-09-12 19:19:08--  https://cdn.prod.website-files.com/6a44eec1ed1af2c4c403df68/6a4f9127ab918c09aa334780_Thumb%209-p-1600.webp
Reusing existing connection to [cdn.prod.website-files.com]:443.
HTTP request sent, awaiting response... 200 OK
Length: 83990 (82K) [image/webp]
Saving to: ‘cdn.prod.website-files.com/6a44eec1ed1af2c4c403df68/6a4f9127ab918c09aa334780_Thumb 9-p-1600.webp’

     0K .......... .......... .......... .......... .......... 60% 5.38M 0s
    50K .......... .......... .......... ..                   100% 1.03M=0.04s

2026-09-12 19:19:08 (2.03 MB/s) - ‘cdn.prod.website-files.com/6a44eec1ed1af2c4c403df68/6a4f9127ab918c09aa334780_Thumb 9-p-1600.webp’ saved [83990/83990]

--2026-09-12 19:19:08--  https://cdn.prod.website-files.com/6a44eec1ed1af2c4c403df68/6a4f9127ab918c09aa334780_Thumb%209-p-2000.webp
Reusing existing connection to [cdn.prod.website-files.com]:443.
HTTP request sent, awaiting response... 200 OK
Length: 106172 (104K) [image/webp]
Saving to: ‘cdn.prod.website-files.com/6a44eec1ed1af2c4c403df68/6a4f9127ab918c09aa334780_Thumb 9-p-2000.webp’

     0K .......... .......... .......... .......... .......... 48% 5.93M 0s
    50K .......... .......... .......... .......... .......... 96% 1.91M 0s
   100K ...                                                   100% 6.86T=0.03s

2026-09-12 19:19:08 (2.99 MB/s) - ‘cdn.prod.website-files.com/6a44eec1ed1af2c4c403df68/6a4f9127ab918c09aa334780_Thumb 9-p-2000.webp’ saved [106172/106172]

--2026-09-12 19:19:08--  https://cdn.prod.website-files.com/6a44eec1ed1af2c4c403df68/6a8578c914f0dcb056a14849_2%20million%20thumb.jpg
Reusing existing connection to [cdn.prod.website-files.com]:443.
HTTP request sent, awaiting response... 200 OK
Length: 102964 (101K) [image/jpeg]
Saving to: ‘cdn.prod.website-files.com/6a44eec1ed1af2c4c403df68/6a8578c914f0dcb056a14849_2 million thumb.jpg’

     0K .......... .......... .......... .......... .......... 49% 1.68M 0s
    50K .......... .......... .......... .......... .......... 99% 2.08M 0s
   100K                                                       100% 1.03T=0.05s

2026-09-12 19:19:08 (1.87 MB/s) - ‘cdn.prod.website-files.com/6a44eec1ed1af2c4c403df68/6a8578c914f0dcb056a14849_2 million thumb.jpg’ saved [102964/102964]

--2026-09-12 19:19:08--  https://cdn.prod.website-files.com/6a44eec1ed1af2c4c403df68/6a8578c914f0dcb056a14849_2%20million%20thumb-p-500.jpg
Reusing existing connection to [cdn.prod.website-files.com]:443.
HTTP request sent, awaiting response... 200 OK
Length: 26755 (26K) [image/jpg]
Saving to: ‘cdn.prod.website-files.com/6a44eec1ed1af2c4c403df68/6a8578c914f0dcb056a14849_2 million thumb-p-500.jpg’

     0K .......... .......... ......                          100% 18.1M=0.001s

2026-09-12 19:19:08 (18.1 MB/s) - ‘cdn.prod.website-files.com/6a44eec1ed1af2c4c403df68/6a8578c914f0dcb056a14849_2 million thumb-p-500.jpg’ saved [26755/26755]

--2026-09-12 19:19:08--  https://cdn.prod.website-files.com/6a44eec1ed1af2c4c403df68/6a8578c914f0dcb056a14849_2%20million%20thumb-p-800.jpg
Reusing existing connection to [cdn.prod.website-files.com]:443.
HTTP request sent, awaiting response... 200 OK
Length: 54619 (53K) [image/jpg]
Saving to: ‘cdn.prod.website-files.com/6a44eec1ed1af2c4c403df68/6a8578c914f0dcb056a14849_2 million thumb-p-800.jpg’

     0K .......... .......... .......... .......... .......... 93% 4.54M 0s
    50K ...                                                   100% 6.22T=0.01s

2026-09-12 19:19:08 (4.84 MB/s) - ‘cdn.prod.website-files.com/6a44eec1ed1af2c4c403df68/6a8578c914f0dcb056a14849_2 million thumb-p-800.jpg’ saved [54619/54619]

--2026-09-12 19:19:08--  https://cdn.prod.website-files.com/6a44eec1ed1af2c4c403df68/6a8578c914f0dcb056a14849_2%20million%20thumb-p-1080.jpg
Reusing existing connection to [cdn.prod.website-files.com]:443.
HTTP request sent, awaiting response... 200 OK
Length: 85201 (83K) [image/jpg]
Saving to: ‘cdn.prod.website-files.com/6a44eec1ed1af2c4c403df68/6a8578c914f0dcb056a14849_2 million thumb-p-1080.jpg’

     0K .......... .......... .......... .......... .......... 60% 4.77M 0s
    50K .......... .......... .......... ...                  100%  908K=0.05s

2026-09-12 19:19:08 (1.74 MB/s) - ‘cdn.prod.website-files.com/6a44eec1ed1af2c4c403df68/6a8578c914f0dcb056a14849_2 million thumb-p-1080.jpg’ saved [85201/85201]

--2026-09-12 19:19:08--  https://cdn.prod.website-files.com/6a44eec1ed1af2c4c403df68/6a84401ea0dbefa0c0daf766_new%20era%20Thumb.jpg
Reusing existing connection to [cdn.prod.website-files.com]:443.
HTTP request sent, awaiting response... 200 OK
Length: 152328 (149K) [image/jpeg]
Saving to: ‘cdn.prod.website-files.com/6a44eec1ed1af2c4c403df68/6a84401ea0dbefa0c0daf766_new era Thumb.jpg’

     0K .......... .......... .......... .......... .......... 33% 1.40M 0s
    50K .......... .......... .......... .......... .......... 67%  317M 0s
   100K .......... .......... .......... .......... ........  100%  202K=0.3s

2026-09-12 19:19:09 (537 KB/s) - ‘cdn.prod.website-files.com/6a44eec1ed1af2c4c403df68/6a84401ea0dbefa0c0daf766_new era Thumb.jpg’ saved [152328/152328]

--2026-09-12 19:19:09--  https://cdn.prod.website-files.com/6a44eec1ed1af2c4c403df68/6a84401ea0dbefa0c0daf766_new%20era%20Thumb-p-500.jpg
Reusing existing connection to [cdn.prod.website-files.com]:443.
HTTP request sent, awaiting response... 200 OK
Length: 52273 (51K) [image/jpg]
Saving to: ‘cdn.prod.website-files.com/6a44eec1ed1af2c4c403df68/6a84401ea0dbefa0c0daf766_new era Thumb-p-500.jpg’

     0K .......... .......... .......... .......... .......... 97% 3.98M 0s
    50K .                                                     100% 1.95T=0.01s

2026-09-12 19:19:09 (4.06 MB/s) - ‘cdn.prod.website-files.com/6a44eec1ed1af2c4c403df68/6a84401ea0dbefa0c0daf766_new era Thumb-p-500.jpg’ saved [52273/52273]

--2026-09-12 19:19:09--  https://cdn.prod.website-files.com/6a44eec1ed1af2c4c403df68/6a84401ea0dbefa0c0daf766_new%20era%20Thumb-p-800.jpg
Reusing existing connection to [cdn.prod.website-files.com]:443.
HTTP request sent, awaiting response... 200 OK
Length: 103445 (101K) [image/jpg]
Saving to: ‘cdn.prod.website-files.com/6a44eec1ed1af2c4c403df68/6a84401ea0dbefa0c0daf766_new era Thumb-p-800.jpg’

     0K .......... .......... .......... .......... .......... 49% 3.63M 0s
    50K .......... .......... .......... .......... .......... 98% 13.2M 0s
   100K .                                                     100% 1.90T=0.02s

2026-09-12 19:19:09 (5.76 MB/s) - ‘cdn.prod.website-files.com/6a44eec1ed1af2c4c403df68/6a84401ea0dbefa0c0daf766_new era Thumb-p-800.jpg’ saved [103445/103445]

--2026-09-12 19:19:09--  https://cdn.prod.website-files.com/6a44eec1ed1af2c4c403df68/6a50677a9001bdbf231bafb1_image%2080%20(1).jpg
Reusing existing connection to [cdn.prod.website-files.com]:443.
HTTP request sent, awaiting response... 200 OK
Length: 336028 (328K) [image/jpeg]
Saving to: ‘cdn.prod.website-files.com/6a44eec1ed1af2c4c403df68/6a50677a9001bdbf231bafb1_image 80 (1).jpg’

     0K .......... .......... .......... .......... .......... 15% 6.21M 0s
    50K .......... .......... .......... .......... .......... 30% 7.21M 0s
   100K .......... .......... .......... .......... .......... 45% 5.49M 0s
   150K .......... .......... .......... .......... .......... 60%  607K 0s
   200K .......... .......... .......... .......... .......... 76% 3.27M 0s
   250K .......... .......... .......... .......... .......... 91% 32.9M 0s
   300K .......... .......... ........                        100%  764M=0.1s

2026-09-12 19:19:09 (2.62 MB/s) - ‘cdn.prod.website-files.com/6a44eec1ed1af2c4c403df68/6a50677a9001bdbf231bafb1_image 80 (1).jpg’ saved [336028/336028]

--2026-09-12 19:19:09--  https://cdn.prod.website-files.com/6a44eec1ed1af2c4c403df68/6a50677a9001bdbf231bafb1_image%2080%20(1)-p-500.jpg
Reusing existing connection to [cdn.prod.website-files.com]:443.
HTTP request sent, awaiting response... 200 OK
Length: 37595 (37K) [image/jpg]
Saving to: ‘cdn.prod.website-files.com/6a44eec1ed1af2c4c403df68/6a50677a9001bdbf231bafb1_image 80 (1)-p-500.jpg’

     0K .......... .......... .......... ......               100% 2.75M=0.01s

2026-09-12 19:19:09 (2.75 MB/s) - ‘cdn.prod.website-files.com/6a44eec1ed1af2c4c403df68/6a50677a9001bdbf231bafb1_image 80 (1)-p-500.jpg’ saved [37595/37595]

--2026-09-12 19:19:09--  https://cdn.prod.website-files.com/6a44eec1ed1af2c4c403df68/6a50677a9001bdbf231bafb1_image%2080%20(1)-p-800.jpg
Reusing existing connection to [cdn.prod.website-files.com]:443.
HTTP request sent, awaiting response... 200 OK
Length: 78843 (77K) [image/jpg]
Saving to: ‘cdn.prod.website-files.com/6a44eec1ed1af2c4c403df68/6a50677a9001bdbf231bafb1_image 80 (1)-p-800.jpg’

     0K .......... .......... .......... .......... .......... 64% 2.01M 0s
    50K .......... .......... ......                          100%  350M=0.02s

2026-09-12 19:19:09 (3.08 MB/s) - ‘cdn.prod.website-files.com/6a44eec1ed1af2c4c403df68/6a50677a9001bdbf231bafb1_image 80 (1)-p-800.jpg’ saved [78843/78843]

--2026-09-12 19:19:09--  https://cdn.prod.website-files.com/6a44eec1ed1af2c4c403df68/6a50677a9001bdbf231bafb1_image%2080%20(1)-p-1080.jpg
Reusing existing connection to [cdn.prod.website-files.com]:443.
HTTP request sent, awaiting response... 200 OK
Length: 121199 (118K) [image/jpg]
Saving to: ‘cdn.prod.website-files.com/6a44eec1ed1af2c4c403df68/6a50677a9001bdbf231bafb1_image 80 (1)-p-1080.jpg’

     0K .......... .......... .......... .......... .......... 42% 4.85M 0s
    50K .......... .......... .......... .......... .......... 84% 4.45M 0s
   100K .......... ........                                   100% 6.58M=0.02s

2026-09-12 19:19:09 (4.87 MB/s) - ‘cdn.prod.website-files.com/6a44eec1ed1af2c4c403df68/6a50677a9001bdbf231bafb1_image 80 (1)-p-1080.jpg’ saved [121199/121199]

--2026-09-12 19:19:09--  https://cdn.prod.website-files.com/6a44eec1ed1af2c4c403df68/6a50677a9001bdbf231bafb1_image%2080%20(1)-p-1600.jpg
Reusing existing connection to [cdn.prod.website-files.com]:443.
HTTP request sent, awaiting response... 200 OK
Length: 208049 (203K) [image/jpg]
Saving to: ‘cdn.prod.website-files.com/6a44eec1ed1af2c4c403df68/6a50677a9001bdbf231bafb1_image 80 (1)-p-1600.jpg’

     0K .......... .......... .......... .......... .......... 24% 4.56M 0s
    50K .......... .......... .......... .......... .......... 49% 4.50M 0s
   100K .......... .......... .......... .......... .......... 73% 3.01M 0s
   150K .......... .......... .......... .......... .......... 98% 41.6M 0s
   200K ...                                                   100%  961K=0.04s

2026-09-12 19:19:09 (4.70 MB/s) - ‘cdn.prod.website-files.com/6a44eec1ed1af2c4c403df68/6a50677a9001bdbf231bafb1_image 80 (1)-p-1600.jpg’ saved [208049/208049]

--2026-09-12 19:19:09--  https://cdn.prod.website-files.com/6a44eec1ed1af2c4c403df68/6a50677a9001bdbf231bafb1_image%2080%20(1)-p-2000.jpg
Reusing existing connection to [cdn.prod.website-files.com]:443.
HTTP request sent, awaiting response... 200 OK
Length: 282960 (276K) [image/jpg]
Saving to: ‘cdn.prod.website-files.com/6a44eec1ed1af2c4c403df68/6a50677a9001bdbf231bafb1_image 80 (1)-p-2000.jpg’

     0K .......... .......... .......... .......... .......... 18% 3.90M 0s
    50K .......... .......... .......... .......... .......... 36% 4.33M 0s
   100K .......... .......... .......... .......... .......... 54% 5.58M 0s
   150K .......... .......... .......... .......... .......... 72% 5.48M 0s
   200K .......... .......... .......... .......... .......... 90% 5.15M 0s
   250K .......... .......... ......                          100% 5.22M=0.06s

2026-09-12 19:19:09 (4.83 MB/s) - ‘cdn.prod.website-files.com/6a44eec1ed1af2c4c403df68/6a50677a9001bdbf231bafb1_image 80 (1)-p-2000.jpg’ saved [282960/282960]

--2026-09-12 19:19:09--  https://cdn.prod.website-files.com/6a44eec1ed1af2c4c403df68/6a84412e47a48eae2d0c880c_world%20container%20thumb.jpg
Reusing existing connection to [cdn.prod.website-files.com]:443.
HTTP request sent, awaiting response... 200 OK
Length: 138146 (135K) [image/jpeg]
Saving to: ‘cdn.prod.website-files.com/6a44eec1ed1af2c4c403df68/6a84412e47a48eae2d0c880c_world container thumb.jpg’

     0K .......... .......... .......... .......... .......... 37% 1.45M 0s
    50K .......... .......... .......... .......... .......... 74% 1.58M 0s
   100K .......... .......... .......... ....                 100% 19.4M=0.07s

2026-09-12 19:19:09 (1.99 MB/s) - ‘cdn.prod.website-files.com/6a44eec1ed1af2c4c403df68/6a84412e47a48eae2d0c880c_world container thumb.jpg’ saved [138146/138146]

--2026-09-12 19:19:09--  https://cdn.prod.website-files.com/6a44eec1ed1af2c4c403df68/6a84412e47a48eae2d0c880c_world%20container%20thumb-p-500.jpg
Reusing existing connection to [cdn.prod.website-files.com]:443.
HTTP request sent, awaiting response... 200 OK
Length: 27100 (26K) [image/jpg]
Saving to: ‘cdn.prod.website-files.com/6a44eec1ed1af2c4c403df68/6a84412e47a48eae2d0c880c_world container thumb-p-500.jpg’

     0K .......... .......... ......                          100%  479M=0s

2026-09-12 19:19:10 (479 MB/s) - ‘cdn.prod.website-files.com/6a44eec1ed1af2c4c403df68/6a84412e47a48eae2d0c880c_world container thumb-p-500.jpg’ saved [27100/27100]

--2026-09-12 19:19:10--  https://cdn.prod.website-files.com/6a44eec1ed1af2c4c403df68/6a84412e47a48eae2d0c880c_world%20container%20thumb-p-800.jpg
Reusing existing connection to [cdn.prod.website-files.com]:443.
HTTP request sent, awaiting response... 200 OK
Length: 56811 (55K) [image/jpg]
Saving to: ‘cdn.prod.website-files.com/6a44eec1ed1af2c4c403df68/6a84412e47a48eae2d0c880c_world container thumb-p-800.jpg’

     0K .......... .......... .......... .......... .......... 90% 3.86M 0s
    50K .....                                                 100% 10.2T=0.01s

2026-09-12 19:19:10 (4.29 MB/s) - ‘cdn.prod.website-files.com/6a44eec1ed1af2c4c403df68/6a84412e47a48eae2d0c880c_world container thumb-p-800.jpg’ saved [56811/56811]

--2026-09-12 19:19:10--  https://cdn.prod.website-files.com/6a44eec1ed1af2c4c403df68/6a84412e47a48eae2d0c880c_world%20container%20thumb-p-1080.jpg
Reusing existing connection to [cdn.prod.website-files.com]:443.
HTTP request sent, awaiting response... 200 OK
Length: 89231 (87K) [image/jpg]
Saving to: ‘cdn.prod.website-files.com/6a44eec1ed1af2c4c403df68/6a84412e47a48eae2d0c880c_world container thumb-p-1080.jpg’

     0K .......... .......... .......... .......... .......... 57% 3.67M 0s
    50K .......... .......... .......... .......              100%  515M=0.01s

2026-09-12 19:19:10 (6.36 MB/s) - ‘cdn.prod.website-files.com/6a44eec1ed1af2c4c403df68/6a84412e47a48eae2d0c880c_world container thumb-p-1080.jpg’ saved [89231/89231]

--2026-09-12 19:19:10--  https://cdn.prod.website-files.com/6a44eec1ed1af2c4c403df68/6a844191ed8b449306caab4e_the%20panama%20thumb.jpg
Reusing existing connection to [cdn.prod.website-files.com]:443.
HTTP request sent, awaiting response... 200 OK
Length: 176823 (173K) [image/jpeg]
Saving to: ‘cdn.prod.website-files.com/6a44eec1ed1af2c4c403df68/6a844191ed8b449306caab4e_the panama thumb.jpg’

     0K .......... .......... .......... .......... .......... 28% 4.09M 0s
    50K .......... .......... .......... .......... .......... 57%  962K 0s
   100K .......... .......... .......... .......... .......... 86% 2.39M 0s
   150K .......... .......... ..                              100%  287M=0.08s

2026-09-12 19:19:10 (2.00 MB/s) - ‘cdn.prod.website-files.com/6a44eec1ed1af2c4c403df68/6a844191ed8b449306caab4e_the panama thumb.jpg’ saved [176823/176823]

--2026-09-12 19:19:10--  https://cdn.prod.website-files.com/6a44eec1ed1af2c4c403df68/6a844191ed8b449306caab4e_the%20panama%20thumb-p-500.jpg
Reusing existing connection to [cdn.prod.website-files.com]:443.
HTTP request sent, awaiting response... 200 OK
Length: 34343 (34K) [image/jpg]
Saving to: ‘cdn.prod.website-files.com/6a44eec1ed1af2c4c403df68/6a844191ed8b449306caab4e_the panama thumb-p-500.jpg’

     0K .......... .......... .......... ...                  100% 6.86M=0.005s

2026-09-12 19:19:10 (6.86 MB/s) - ‘cdn.prod.website-files.com/6a44eec1ed1af2c4c403df68/6a844191ed8b449306caab4e_the panama thumb-p-500.jpg’ saved [34343/34343]

--2026-09-12 19:19:10--  https://cdn.prod.website-files.com/6a44eec1ed1af2c4c403df68/6a844191ed8b449306caab4e_the%20panama%20thumb-p-800.jpg
Reusing existing connection to [cdn.prod.website-files.com]:443.
HTTP request sent, awaiting response... 200 OK
Length: 79346 (77K) [image/jpg]
Saving to: ‘cdn.prod.website-files.com/6a44eec1ed1af2c4c403df68/6a844191ed8b449306caab4e_the panama thumb-p-800.jpg’

     0K .......... .......... .......... .......... .......... 64% 6.05M 0s
    50K .......... .......... .......                         100%  428K=0.07s

2026-09-12 19:19:10 (1.05 MB/s) - ‘cdn.prod.website-files.com/6a44eec1ed1af2c4c403df68/6a844191ed8b449306caab4e_the panama thumb-p-800.jpg’ saved [79346/79346]

--2026-09-12 19:19:10--  https://cdn.prod.website-files.com/6a44eec1ed1af2c4c403df68/6a844191ed8b449306caab4e_the%20panama%20thumb-p-1080.jpg
Reusing existing connection to [cdn.prod.website-files.com]:443.
HTTP request sent, awaiting response... 200 OK
Length: 127314 (124K) [image/jpg]
Saving to: ‘cdn.prod.website-files.com/6a44eec1ed1af2c4c403df68/6a844191ed8b449306caab4e_the panama thumb-p-1080.jpg’

     0K .......... .......... .......... .......... .......... 40% 3.39M 0s
    50K .......... .......... .......... .......... .......... 80% 4.88M 0s
   100K .......... .......... ....                            100% 7.98M=0.03s

2026-09-12 19:19:10 (4.43 MB/s) - ‘cdn.prod.website-files.com/6a44eec1ed1af2c4c403df68/6a844191ed8b449306caab4e_the panama thumb-p-1080.jpg’ saved [127314/127314]

--2026-09-12 19:19:10--  https://cdn.prod.website-files.com/6a44eec1ed1af2c4c403df68/6a843f6f2a22885454d0cc31_Trump%20thumb.jpg
Reusing existing connection to [cdn.prod.website-files.com]:443.
HTTP request sent, awaiting response... 200 OK
Length: 107799 (105K) [image/jpeg]
Saving to: ‘cdn.prod.website-files.com/6a44eec1ed1af2c4c403df68/6a843f6f2a22885454d0cc31_Trump thumb.jpg’

     0K .......... .......... .......... .......... .......... 47% 4.28M 0s
    50K .......... .......... .......... .......... .......... 94% 2.67M 0s
   100K .....                                                 100% 9.82T=0.03s

2026-09-12 19:19:10 (3.46 MB/s) - ‘cdn.prod.website-files.com/6a44eec1ed1af2c4c403df68/6a843f6f2a22885454d0cc31_Trump thumb.jpg’ saved [107799/107799]

--2026-09-12 19:19:10--  https://cdn.prod.website-files.com/6a44eec1ed1af2c4c403df68/6a843f6f2a22885454d0cc31_Trump%20thumb-p-500.jpg
Reusing existing connection to [cdn.prod.website-files.com]:443.
HTTP request sent, awaiting response... 200 OK
Length: 20625 (20K) [image/jpg]
Saving to: ‘cdn.prod.website-files.com/6a44eec1ed1af2c4c403df68/6a843f6f2a22885454d0cc31_Trump thumb-p-500.jpg’

     0K .......... ..........                                 100% 18.5M=0.001s

2026-09-12 19:19:10 (18.5 MB/s) - ‘cdn.prod.website-files.com/6a44eec1ed1af2c4c403df68/6a843f6f2a22885454d0cc31_Trump thumb-p-500.jpg’ saved [20625/20625]

--2026-09-12 19:19:10--  https://cdn.prod.website-files.com/6a44eec1ed1af2c4c403df68/6a843f6f2a22885454d0cc31_Trump%20thumb-p-800.jpg
Reusing existing connection to [cdn.prod.website-files.com]:443.
HTTP request sent, awaiting response... 200 OK
Length: 42558 (42K) [image/jpg]
Saving to: ‘cdn.prod.website-files.com/6a44eec1ed1af2c4c403df68/6a843f6f2a22885454d0cc31_Trump thumb-p-800.jpg’

     0K .......... .......... .......... .......... .         100%  491M=0s

2026-09-12 19:19:10 (491 MB/s) - ‘cdn.prod.website-files.com/6a44eec1ed1af2c4c403df68/6a843f6f2a22885454d0cc31_Trump thumb-p-800.jpg’ saved [42558/42558]

--2026-09-12 19:19:10--  https://cdn.prod.website-files.com/6a44eec1ed1af2c4c403df68/6a843f6f2a22885454d0cc31_Trump%20thumb-p-1080.jpg
Reusing existing connection to [cdn.prod.website-files.com]:443.
HTTP request sent, awaiting response... 200 OK
Length: 69493 (68K) [image/jpg]
Saving to: ‘cdn.prod.website-files.com/6a44eec1ed1af2c4c403df68/6a843f6f2a22885454d0cc31_Trump thumb-p-1080.jpg’

     0K .......... .......... .......... .......... .......... 73% 4.25M 0s
    50K .......... .......                                    100%  712M=0.01s

2026-09-12 19:19:10 (5.76 MB/s) - ‘cdn.prod.website-files.com/6a44eec1ed1af2c4c403df68/6a843f6f2a22885454d0cc31_Trump thumb-p-1080.jpg’ saved [69493/69493]

--2026-09-12 19:19:10--  https://cdn.prod.website-files.com/6a44eec1ed1af2c4c403df68/6a843d1d5008f4ff244755c8_US%20thumb.jpg
Reusing existing connection to [cdn.prod.website-files.com]:443.
HTTP request sent, awaiting response... 200 OK
Length: 87854 (86K) [image/jpeg]
Saving to: ‘cdn.prod.website-files.com/6a44eec1ed1af2c4c403df68/6a843d1d5008f4ff244755c8_US thumb.jpg’

     0K .......... .......... .......... .......... .......... 58% 3.46M 0s
    50K .......... .......... .......... .....                100% 7.33M=0.02s

2026-09-12 19:19:10 (4.43 MB/s) - ‘cdn.prod.website-files.com/6a44eec1ed1af2c4c403df68/6a843d1d5008f4ff244755c8_US thumb.jpg’ saved [87854/87854]

--2026-09-12 19:19:10--  https://cdn.prod.website-files.com/6a44eec1ed1af2c4c403df68/6a843d1d5008f4ff244755c8_US%20thumb-p-500.jpg
Reusing existing connection to [cdn.prod.website-files.com]:443.
HTTP request sent, awaiting response... 200 OK
Length: 27286 (27K) [image/jpg]
Saving to: ‘cdn.prod.website-files.com/6a44eec1ed1af2c4c403df68/6a843d1d5008f4ff244755c8_US thumb-p-500.jpg’

     0K .......... .......... ......                          100% 16.0M=0.002s

2026-09-12 19:19:10 (16.0 MB/s) - ‘cdn.prod.website-files.com/6a44eec1ed1af2c4c403df68/6a843d1d5008f4ff244755c8_US thumb-p-500.jpg’ saved [27286/27286]

--2026-09-12 19:19:10--  https://cdn.prod.website-files.com/6a44eec1ed1af2c4c403df68/6a843d1d5008f4ff244755c8_US%20thumb-p-800.jpg
Reusing existing connection to [cdn.prod.website-files.com]:443.
HTTP request sent, awaiting response... 200 OK
Length: 52718 (51K) [image/jpg]
Saving to: ‘cdn.prod.website-files.com/6a44eec1ed1af2c4c403df68/6a843d1d5008f4ff244755c8_US thumb-p-800.jpg’

     0K .......... .......... .......... .......... .......... 97% 7.86M 0s
    50K .                                                     100% 2.76T=0.006s

2026-09-12 19:19:10 (8.10 MB/s) - ‘cdn.prod.website-files.com/6a44eec1ed1af2c4c403df68/6a843d1d5008f4ff244755c8_US thumb-p-800.jpg’ saved [52718/52718]

--2026-09-12 19:19:10--  https://cdn.prod.website-files.com/6a44eec1ed1af2c4c403df68/6a843d1d5008f4ff244755c8_US%20thumb-p-1080.jpg
Reusing existing connection to [cdn.prod.website-files.com]:443.
HTTP request sent, awaiting response... 200 OK
Length: 80192 (78K) [image/jpg]
Saving to: ‘cdn.prod.website-files.com/6a44eec1ed1af2c4c403df68/6a843d1d5008f4ff244755c8_US thumb-p-1080.jpg’

     0K .......... .......... .......... .......... .......... 63% 5.48M 0s
    50K .......... .......... ........                        100% 11.7M=0.01s

2026-09-12 19:19:10 (6.79 MB/s) - ‘cdn.prod.website-files.com/6a44eec1ed1af2c4c403df68/6a843d1d5008f4ff244755c8_US thumb-p-1080.jpg’ saved [80192/80192]

--2026-09-12 19:19:10--  https://cdn.prod.website-files.com/6a44eec1ed1af2c4c403df68/6a6b336c9f2a01f9b88bc39b_Image%3DDefault%2C%20Type%3DBlack%20Beanie.png
Reusing existing connection to [cdn.prod.website-files.com]:443.
HTTP request sent, awaiting response... 200 OK
Length: 120592 (118K) [image/png]
Saving to: ‘cdn.prod.website-files.com/6a44eec1ed1af2c4c403df68/6a6b336c9f2a01f9b88bc39b_Image=Default, Type=Black Beanie.png’

     0K .......... .......... .......... .......... .......... 42% 1.90M 0s
    50K .......... .......... .......... .......... .......... 84% 1.81M 0s
   100K .......... .......                                    100% 3.36M=0.06s

2026-09-12 19:19:10 (1.99 MB/s) - ‘cdn.prod.website-files.com/6a44eec1ed1af2c4c403df68/6a6b336c9f2a01f9b88bc39b_Image=Default, Type=Black Beanie.png’ saved [120592/120592]

--2026-09-12 19:19:10--  https://cdn.prod.website-files.com/6a44eec1ed1af2c4c403df68/6a4cc5e719f1d12fa2f3cd3c_Image%3DDefault%2C%20Type%3DLanyard%20Set.png
Reusing existing connection to [cdn.prod.website-files.com]:443.
HTTP request sent, awaiting response... 200 OK
Length: 63750 (62K) [image/png]
Saving to: ‘cdn.prod.website-files.com/6a44eec1ed1af2c4c403df68/6a4cc5e719f1d12fa2f3cd3c_Image=Default, Type=Lanyard Set.png’

     0K .......... .......... .......... .......... .......... 80% 1.51M 0s
    50K .......... ..                                         100% 22.8T=0.03s

2026-09-12 19:19:11 (1.88 MB/s) - ‘cdn.prod.website-files.com/6a44eec1ed1af2c4c403df68/6a4cc5e719f1d12fa2f3cd3c_Image=Default, Type=Lanyard Set.png’ saved [63750/63750]

--2026-09-12 19:19:11--  https://cdn.prod.website-files.com/6a44eec1ed1af2c4c403df68/6a4cc40e10f1804ad71ef1c1_Image%3DDefault%2C%20Type%3DFolding%20Camping%20Chair%20%E2%80%93%20Black.png
Reusing existing connection to [cdn.prod.website-files.com]:443.
HTTP request sent, awaiting response... 200 OK
Length: 76864 (75K) [image/png]
Saving to: ‘cdn.prod.website-files.com/6a44eec1ed1af2c4c403df68/6a4cc40e10f1804ad71ef1c1_Image=Default, Type=Folding Camping Chair – Black.png’

     0K .......... .......... .......... .......... .......... 66% 6.09M 0s
    50K .......... .......... .....                           100% 7.10M=0.01s

2026-09-12 19:19:11 (6.40 MB/s) - ‘cdn.prod.website-files.com/6a44eec1ed1af2c4c403df68/6a4cc40e10f1804ad71ef1c1_Image=Default, Type=Folding Camping Chair – Black.png’ saved [76864/76864]

--2026-09-12 19:19:11--  https://cdn.prod.website-files.com/6a44eec1ed1af2c4c403df68/6a4cc35bd5d448ff93adc7bc_Image%3DDefault%2C%20Type%3DAircraft%20Keychain.png
Reusing existing connection to [cdn.prod.website-files.com]:443.
HTTP request sent, awaiting response... 200 OK
Length: 40648 (40K) [image/png]
Saving to: ‘cdn.prod.website-files.com/6a44eec1ed1af2c4c403df68/6a4cc35bd5d448ff93adc7bc_Image=Default, Type=Aircraft Keychain.png’

     0K .......... .......... .......... .........            100% 4.86M=0.008s

2026-09-12 19:19:11 (4.86 MB/s) - ‘cdn.prod.website-files.com/6a44eec1ed1af2c4c403df68/6a4cc35bd5d448ff93adc7bc_Image=Default, Type=Aircraft Keychain.png’ saved [40648/40648]

--2026-09-12 19:19:11--  https://cdn.prod.website-files.com/6a44eec1ed1af2c4c403df68/6a4cc2cf40c3b471dd941d99_Image%3DDefault%2C%20Type%3DShip%20Keychain.png
Reusing existing connection to [cdn.prod.website-files.com]:443.
HTTP request sent, awaiting response... 200 OK
Length: 38974 (38K) [image/png]
Saving to: ‘cdn.prod.website-files.com/6a44eec1ed1af2c4c403df68/6a4cc2cf40c3b471dd941d99_Image=Default, Type=Ship Keychain.png’

     0K .......... .......... .......... ........             100% 5.90M=0.006s

2026-09-12 19:19:11 (5.90 MB/s) - ‘cdn.prod.website-files.com/6a44eec1ed1af2c4c403df68/6a4cc2cf40c3b471dd941d99_Image=Default, Type=Ship Keychain.png’ saved [38974/38974]

--2026-09-12 19:19:11--  https://cdn.prod.website-files.com/6a44eec1ed1af2c4c403df68/6a4cc23a23d256f22ebe5bc3_Image%3DDefault%2C%20Type%3DTruck%20Keychain.png
Reusing existing connection to [cdn.prod.website-files.com]:443.
HTTP request sent, awaiting response... 200 OK
Length: 56703 (55K) [image/png]
Saving to: ‘cdn.prod.website-files.com/6a44eec1ed1af2c4c403df68/6a4cc23a23d256f22ebe5bc3_Image=Default, Type=Truck Keychain.png’

     0K .......... .......... .......... .......... .......... 90%  204K 0s
    50K .....                                                 100% 10.0T=0.2s

2026-09-12 19:19:11 (226 KB/s) - ‘cdn.prod.website-files.com/6a44eec1ed1af2c4c403df68/6a4cc23a23d256f22ebe5bc3_Image=Default, Type=Truck Keychain.png’ saved [56703/56703]

--2026-09-12 19:19:11--  https://cdn.prod.website-files.com/6a44eec1ed1af2c4c403df68/6a4cc0be4d7c01e02634f60b_Image%3DDefault%2C%20Type%3DStainless%20Steel%20Water%20Bottle.png
Reusing existing connection to [cdn.prod.website-files.com]:443.
HTTP request sent, awaiting response... 200 OK
Length: 45924 (45K) [image/png]
Saving to: ‘cdn.prod.website-files.com/6a44eec1ed1af2c4c403df68/6a4cc0be4d7c01e02634f60b_Image=Default, Type=Stainless Steel Water Bottle.png’

     0K .......... .......... .......... .......... ....      100% 3.07M=0.01s

2026-09-12 19:19:11 (3.07 MB/s) - ‘cdn.prod.website-files.com/6a44eec1ed1af2c4c403df68/6a4cc0be4d7c01e02634f60b_Image=Default, Type=Stainless Steel Water Bottle.png’ saved [45924/45924]

--2026-09-12 19:19:11--  https://cdn.prod.website-files.com/6a44eec1ed1af2c4c403df68/6a4cb4dbb4ba1cdd826b6d86_Image%3DDefault%2C%20Type%3DStraw%20Tote%20Bag.png
Reusing existing connection to [cdn.prod.website-files.com]:443.
HTTP request sent, awaiting response... 200 OK
Length: 159123 (155K) [image/png]
Saving to: ‘cdn.prod.website-files.com/6a44eec1ed1af2c4c403df68/6a4cb4dbb4ba1cdd826b6d86_Image=Default, Type=Straw Tote Bag.png’

     0K .......... .......... .......... .......... .......... 32% 3.76M 0s
    50K .......... .......... .......... .......... .......... 64% 8.14M 0s
   100K .......... .......... .......... .......... .......... 96% 5.62M 0s
   150K .....                                                 100% 10.0T=0.03s

2026-09-12 19:19:11 (5.48 MB/s) - ‘cdn.prod.website-files.com/6a44eec1ed1af2c4c403df68/6a4cb4dbb4ba1cdd826b6d86_Image=Default, Type=Straw Tote Bag.png’ saved [159123/159123]

--2026-09-12 19:19:11--  https://cdn.prod.website-files.com/6a44eec1ed1af2c4c403df68/6a44eec1ed1af2c4c403e38c_hat1%20(1).png
Reusing existing connection to [cdn.prod.website-files.com]:443.
HTTP request sent, awaiting response... 200 OK
Length: 126201 (123K) [image/png]
Saving to: ‘cdn.prod.website-files.com/6a44eec1ed1af2c4c403df68/6a44eec1ed1af2c4c403e38c_hat1 (1).png’

     0K .......... .......... .......... .......... .......... 40% 4.48M 0s
    50K .......... .......... .......... .......... .......... 81% 9.51M 0s
   100K .......... .......... ...                             100% 11.7M=0.02s

2026-09-12 19:19:11 (6.69 MB/s) - ‘cdn.prod.website-files.com/6a44eec1ed1af2c4c403df68/6a44eec1ed1af2c4c403e38c_hat1 (1).png’ saved [126201/126201]

--2026-09-12 19:19:11--  https://cdn.prod.website-files.com/6a44eec1ed1af2c4c403df68/6a4c7e1362d229cfee2fe4ee_Image%3DDefault%2C%20Type%3DLogo%20Fabric%20Patch.png
Reusing existing connection to [cdn.prod.website-files.com]:443.
HTTP request sent, awaiting response... 200 OK
Length: 73696 (72K) [image/png]
Saving to: ‘cdn.prod.website-files.com/6a44eec1ed1af2c4c403df68/6a4c7e1362d229cfee2fe4ee_Image=Default, Type=Logo Fabric Patch.png’

     0K .......... .......... .......... .......... .......... 69% 6.39M 0s
    50K .......... .......... .                               100% 15.3M=0.009s

2026-09-12 19:19:11 (7.77 MB/s) - ‘cdn.prod.website-files.com/6a44eec1ed1af2c4c403df68/6a4c7e1362d229cfee2fe4ee_Image=Default, Type=Logo Fabric Patch.png’ saved [73696/73696]

--2026-09-12 19:19:11--  https://cdn.prod.website-files.com/6a44eec1ed1af2c4c403df68/6a50843685262dad3c7b32b6_Pen%20(1).png
Reusing existing connection to [cdn.prod.website-files.com]:443.
HTTP request sent, awaiting response... 200 OK
Length: 134902 (132K) [image/png]
Saving to: ‘cdn.prod.website-files.com/6a44eec1ed1af2c4c403df68/6a50843685262dad3c7b32b6_Pen (1).png’

     0K .......... .......... .......... .......... .......... 37% 4.90M 0s
    50K .......... .......... .......... .......... .......... 75% 1.57M 0s
   100K .......... .......... .......... .                    100% 1.94M=0.06s

2026-09-12 19:19:11 (2.25 MB/s) - ‘cdn.prod.website-files.com/6a44eec1ed1af2c4c403df68/6a50843685262dad3c7b32b6_Pen (1).png’ saved [134902/134902]

FINISHED --2026-09-12 19:19:11--
Total wall clock time: 2m 11s
Downloaded: 781 files, 73M in 28s (2.64 MB/s)
Converting links in unitedcarriers.com/services.html... 150.
149-1
Converting links in unitedcarriers.com/insights/us-tariffs-refunds-section-301-duties-and-importer-advice.html... 143.
143-0
Converting links in unitedcarriers.com/privacy-policy.html... 107.
107-0
Converting links in unitedcarriers.com/ai-news/europe.html... 106.
106-0
Converting links in unitedcarriers.com/insights/uc-market-update-china---september.html... 127.
127-0
Converting links in unitedcarriers.com/insights/typhoon-rips-roofs-off-buildings-and-floods-southern-china.html... 168.
168-0
Converting links in unitedcarriers.com/contact.html... 65.
65-0
Converting links in unitedcarriers.com/insights/cost-optimised-and-speed-to-market-import-program-for-new-truck-launch-in-australia.html... 140.
140-0
Converting links in unitedcarriers.com/product/baseball-cap.html... 212.
212-0
Converting links in unitedcarriers.com/insights/global-shipping-rates-soar-as-retailers-race-to-beat-looming-tariffs.html... 145.
145-0
Converting links in unitedcarriers.com/insights/us-announces-new-tariffs-on-more-than-60-trading-partners.html... 141.
141-0
Converting links in unitedcarriers.com/community.html... 188.
188-0
Converting links in unitedcarriers.com/insights/has-the-peak-peaked-or-has-space-raced.html... 170.
170-0
Converting links in unitedcarriers.com/insights/time-critical-oversized-sewer-tank-delivery-to-residential-estate-development.html... 139.
139-0
Converting links in unitedcarriers.com/insights/united-carriers-apac-recognised-in-afr-fast-starters.html... 147.
147-0
Converting links in unitedcarriers.com/insights/united-carriers-wins-fwa-of-the-day.html... 149.
149-0
Converting links in unitedcarriers.com/insights/2-million-people-evacuated-as-typhoon-makes-landfall-in-china.html... 141.
141-0
Converting links in unitedcarriers.com/insights/uc-courtside-is-here.html... 144.
144-0
Converting links in unitedcarriers.com/insights.html... 323.
323-0
Converting links in unitedcarriers.com/terms-conditions.html... 108.
108-0
Converting links in unitedcarriers.com/articles/featured.html... 133.
133-0
Converting links in unitedcarriers.com/product/united-carriers-canvas-tote-bag.html... 212.
212-0
Converting links in unitedcarriers.com/insights/a-new-era-for-shippers-with-blanked-sailings-now-a-fact-of-life.html... 140.
140-0
Converting links in unitedcarriers.com/insights/conflict-drives-up-bunker-prices-helping-intra-asia-rates-end-six-week-decline.html... 168.
168-0
Converting links in unitedcarriers.com/insights/typhoon-saudel-ongoing-port-congestion.html... 121.
121-0
Converting links in unitedcarriers.com/ai-news/global.html... 130.
130-0
Converting links in unitedcarriers.com/product/straw-tote-bag.html... 212.
212-0
Converting links in unitedcarriers.com/insights/hong-kong-europe-air-cargo-volumes-plummet.html... 170.
170-0
Converting links in unitedcarriers.com/product/united-carriers-logo-fabric-patch-gsvwb.html... 213.
213-0
Converting links in unitedcarriers.com/linkedin.html... 120.
120-0
Converting links in unitedcarriers.com/articles/announcements.html... 116.
116-0
Converting links in unitedcarriers.com/insights/grid-scale-battery-project-logistics-delivery-for-renewable-energy-infrastructure.html... 140.
140-0
Converting links in unitedcarriers.com/insights/the-panama-canal-is-growing-more-important.html... 143.
143-0
Converting links in unitedcarriers.com/ai-news/middle-east-africa.html... 106.
106-0
Converting links in unitedcarriers.com/ai-news/asia-pacific.html... 159.
159-0
Converting links in unitedcarriers.com/ai-news/asia.html... 110.
110-0
Converting links in unitedcarriers.com/product/truck-keychain.html... 212.
212-0
Converting links in unitedcarriers.com/insights/typhoon-signal-unlikely-in-hong-kong-this-weekend-as-flights-to-japan-cancelled.html... 171.
171-0
Converting links in unitedcarriers.com/product/folding-camping-chair.html... 212.
212-0
Converting links in unitedcarriers.com/ai-news/rest-of-world-d2yv8.html... 106.
106-0
Converting links in unitedcarriers.com/ai-news/americas.html... 133.
133-0
Converting links in unitedcarriers.com/about.html... 216.
215-1
Converting links in unitedcarriers.com/insights/world-container-index---16-july-2026.html... 139.
139-0
Converting links in unitedcarriers.com/product/stainless-steel-water-bottle.html... 212.
212-0
Converting links in unitedcarriers.com/insights/bmsb-season-2026-2027.html... 126.
126-0
Converting links in unitedcarriers.com/product/stubby-holder-1.html... 212.
212-0
Converting links in unitedcarriers.com/articles/case-studies.html... 122.
122-0
Converting links in unitedcarriers.com/index.html... 430.
429-1
Converting links in unitedcarriers.com/insights/corporate-visions-logistics-warehouse-and-supply-chain-awards.html... 146.
146-0
Converting links in unitedcarriers.com/product/bottle-opener-keychain.html... 212.
212-0
Converting links in unitedcarriers.com/ai-news/company-update.html... 106.
106-0
Converting links in unitedcarriers.com/insights/red-alert-shanghai-cancels-80-of-flights-as-typhoon-dolphin-makes-landfall.html... 168.
168-0
Converting links in unitedcarriers.com/product/ceramic-mug.html... 212.
212-0
Converting links in unitedcarriers.com/product/beanie.html... 213.
213-0
Converting links in unitedcarriers.com/refund-returns-policy.html... 106.
106-0
Converting links in unitedcarriers.com/articles/industry-news.html... 106.
106-0
Converting links in unitedcarriers.com/delivery-shipping-policy.html... 106.
106-0
Converting links in unitedcarriers.com/insights/major-fleet-wide-fuel-efficiency-agreement-signals-ongoing-focus-on-shipping-performance-and-decarbonisation.html... 175.
175-0
Converting links in unitedcarriers.com/insights/how-an-australian-freight-forwarders-website-unexpectedly-went-viral.html... 148.
148-0
Converting links in unitedcarriers.com/industries.html... 181.
180-1
Converting links in unitedcarriers.com/payment-policy.html... 110.
110-0
Converting links in unitedcarriers.com/insights/phoenix-and-united-carriers-continue-partnership-into-nbl27.html... 144.
144-0
Converting links in unitedcarriers.com/merchandises.html... 213.
213-0
Converting links in unitedcarriers.com/articles/company-updates.html... 106.
106-0
Converting links in unitedcarriers.com/insights/confidential-national-infrastructure-manufacturer.html... 131.
131-0
Converting links in unitedcarriers.com/insights/china-set-to-open-pinglu-canal---its-new-shortcut-to-south-east-asia.html... 170.
170-0
Converting links in unitedcarriers.com/insights/united-carriers-achieves-australian-trusted-trader-accreditation.html... 146.
146-0
Converting links in unitedcarriers.com/insights/colombia-earthquake-disrupts-key-freight-and-export-routes.html... 146.
146-0
Converting links in unitedcarriers.com/checkout.html... 108.
108-0
Converting links in unitedcarriers.com/product/ship-keychain.html... 212.
212-0
Converting links in unitedcarriers.com/product/aircraft-keychain.html... 212.
212-0
Converting links in unitedcarriers.com/insights/south-east-asia-now-making-the-rates-running.html... 172.
172-0
Converting links in unitedcarriers.com/articles/company-news.html... 106.
106-0
Converting links in unitedcarriers.com/qhse.html... 106.
106-0
Converting links in unitedcarriers.com/careers.html... 142.
142-0
Converting links in unitedcarriers.com/insights/reduced-import-delays-storage-costs-across-700-containers.html... 139.
139-0
Converting links in cdn.prod.website-files.com/6a44eec1ed1af2c4c403df6b/css/united-carriers.webflow.shared.fc188c3b2.min.css... 15.
15-0
Converted links in 77 files in 0.2 seconds.
